[2025-10-18T20:03:50.305+0000] {manager.py:483} INFO - Processing files using up to 2 processes at a time 
[2025-10-18T20:03:50.307+0000] {manager.py:484} INFO - Process each file at most once every 30 seconds
[2025-10-18T20:03:50.308+0000] {manager.py:486} INFO - Checking for new files in /opt/airflow/dags every 300 seconds
[2025-10-18T20:03:50.308+0000] {manager.py:726} INFO - Searching for files in /opt/airflow/dags
[2025-10-18T20:03:50.312+0000] {manager.py:729} INFO - There are 1 files in /opt/airflow/dags
[2025-10-18T20:04:10.011+0000] {manager.py:854} INFO - 
================================================================================
DAG File Processing Stats

File Path                     PID    Runtime      # DAGs    # Errors  Last Runtime    Last Run
----------------------------  -----  ---------  --------  ----------  --------------  -------------------
/opt/airflow/dags/airflow.py                           1           0  0.59s           2025-10-18T20:03:50
================================================================================
[2025-10-18T20:04:40.211+0000] {manager.py:854} INFO - 
================================================================================
DAG File Processing Stats

File Path                     PID    Runtime      # DAGs    # Errors  Last Runtime    Last Run
----------------------------  -----  ---------  --------  ----------  --------------  -------------------
/opt/airflow/dags/airflow.py                           1           0  0.26s           2025-10-18T20:04:21
================================================================================
[2025-10-18T20:05:10.655+0000] {manager.py:854} INFO - 
================================================================================
DAG File Processing Stats

File Path                     PID    Runtime      # DAGs    # Errors  Last Runtime    Last Run
----------------------------  -----  ---------  --------  ----------  --------------  -------------------
/opt/airflow/dags/airflow.py                           1           0  0.36s           2025-10-18T20:04:51
================================================================================
[2025-10-18T20:05:40.812+0000] {manager.py:854} INFO - 
================================================================================
DAG File Processing Stats

File Path                     PID    Runtime      # DAGs    # Errors  Last Runtime    Last Run
----------------------------  -----  ---------  --------  ----------  --------------  -------------------
/opt/airflow/dags/airflow.py                           1           0  0.66s           2025-10-18T20:05:22
================================================================================
[2025-10-18T20:06:11.101+0000] {manager.py:854} INFO - 
================================================================================
DAG File Processing Stats

File Path                     PID    Runtime      # DAGs    # Errors  Last Runtime    Last Run
----------------------------  -----  ---------  --------  ----------  --------------  -------------------
/opt/airflow/dags/airflow.py                           1           0  0.36s           2025-10-18T20:05:53
================================================================================
[2025-10-18T20:06:24.379+0000] {manager.py:465} INFO - Exiting gracefully upon receiving signal 15
[2025-10-18T20:06:24.378+0000] {manager.py:465} INFO - Exiting gracefully upon receiving signal 15
[2025-10-18T20:06:25.059+0000] {manager.py:465} INFO - Exiting gracefully upon receiving signal 15
[2025-10-18T20:06:36.634+0000] {manager.py:483} INFO - Processing files using up to 2 processes at a time 
[2025-10-18T20:06:36.637+0000] {manager.py:484} INFO - Process each file at most once every 30 seconds
[2025-10-18T20:06:36.637+0000] {manager.py:486} INFO - Checking for new files in /opt/airflow/dags every 300 seconds
[2025-10-18T20:06:36.638+0000] {manager.py:726} INFO - Searching for files in /opt/airflow/dags
[2025-10-18T20:06:36.646+0000] {manager.py:729} INFO - There are 1 files in /opt/airflow/dags
[2025-10-18T20:06:57.696+0000] {manager.py:854} INFO - 
================================================================================
DAG File Processing Stats

File Path                     PID    Runtime      # DAGs    # Errors  Last Runtime    Last Run
----------------------------  -----  ---------  --------  ----------  --------------  -------------------
/opt/airflow/dags/airflow.py                           1           0  0.87s           2025-10-18T20:06:37
================================================================================
[2025-10-18T20:07:27.938+0000] {manager.py:854} INFO - 
================================================================================
DAG File Processing Stats

File Path                     PID    Runtime      # DAGs    # Errors  Last Runtime    Last Run
----------------------------  -----  ---------  --------  ----------  --------------  -------------------
/opt/airflow/dags/airflow.py                           1           0  0.32s           2025-10-18T20:07:08
================================================================================
[2025-10-18T20:07:58.146+0000] {manager.py:854} INFO - 
================================================================================
DAG File Processing Stats

File Path                     PID    Runtime      # DAGs    # Errors  Last Runtime    Last Run
----------------------------  -----  ---------  --------  ----------  --------------  -------------------
/opt/airflow/dags/airflow.py                           1           0  0.72s           2025-10-18T20:07:38
================================================================================
[2025-10-18T20:08:28.626+0000] {manager.py:854} INFO - 
================================================================================
DAG File Processing Stats

File Path                     PID    Runtime      # DAGs    # Errors  Last Runtime    Last Run
----------------------------  -----  ---------  --------  ----------  --------------  -------------------
/opt/airflow/dags/airflow.py                           1           0  0.36s           2025-10-18T20:08:09
================================================================================
[2025-10-18T20:08:58.855+0000] {manager.py:854} INFO - 
================================================================================
DAG File Processing Stats

File Path                     PID    Runtime      # DAGs    # Errors  Last Runtime    Last Run
----------------------------  -----  ---------  --------  ----------  --------------  -------------------
/opt/airflow/dags/airflow.py                           1           0  0.42s           2025-10-18T20:08:40
================================================================================
[2025-10-18T20:09:28.925+0000] {manager.py:854} INFO - 
================================================================================
DAG File Processing Stats

File Path                     PID    Runtime      # DAGs    # Errors  Last Runtime    Last Run
----------------------------  -----  ---------  --------  ----------  --------------  -------------------
/opt/airflow/dags/airflow.py                           1           0  0.45s           2025-10-18T20:09:10
================================================================================
[2025-10-18T20:09:59.166+0000] {manager.py:854} INFO - 
================================================================================
DAG File Processing Stats

File Path                     PID    Runtime      # DAGs    # Errors  Last Runtime    Last Run
----------------------------  -----  ---------  --------  ----------  --------------  -------------------
/opt/airflow/dags/airflow.py                           1           0  0.54s           2025-10-18T20:09:41
================================================================================
[2025-10-18T20:10:29.223+0000] {manager.py:854} INFO - 
================================================================================
DAG File Processing Stats

File Path                     PID    Runtime      # DAGs    # Errors  Last Runtime    Last Run
----------------------------  -----  ---------  --------  ----------  --------------  -------------------
/opt/airflow/dags/airflow.py                           1           0  0.32s           2025-10-18T20:10:12
================================================================================
[2025-10-18T20:10:59.414+0000] {manager.py:854} INFO - 
================================================================================
DAG File Processing Stats

File Path                     PID    Runtime      # DAGs    # Errors  Last Runtime    Last Run
----------------------------  -----  ---------  --------  ----------  --------------  -------------------
/opt/airflow/dags/airflow.py                           1           0  0.52s           2025-10-18T20:10:42
================================================================================
[2025-10-18T20:11:29.530+0000] {manager.py:854} INFO - 
================================================================================
DAG File Processing Stats

File Path                     PID    Runtime      # DAGs    # Errors  Last Runtime    Last Run
----------------------------  -----  ---------  --------  ----------  --------------  -------------------
/opt/airflow/dags/airflow.py                           1           0  0.41s           2025-10-18T20:11:13
================================================================================
[2025-10-18T20:11:37.129+0000] {manager.py:726} INFO - Searching for files in /opt/airflow/dags
[2025-10-18T20:11:37.138+0000] {manager.py:729} INFO - There are 1 files in /opt/airflow/dags
[2025-10-18T20:11:59.742+0000] {manager.py:854} INFO - 
================================================================================
DAG File Processing Stats

File Path                     PID    Runtime      # DAGs    # Errors  Last Runtime    Last Run
----------------------------  -----  ---------  --------  ----------  --------------  -------------------
/opt/airflow/dags/airflow.py                           1           0  0.32s           2025-10-18T20:11:43
================================================================================
[2025-10-18T20:12:30.211+0000] {manager.py:854} INFO - 
================================================================================
DAG File Processing Stats

File Path                     PID    Runtime      # DAGs    # Errors  Last Runtime    Last Run
----------------------------  -----  ---------  --------  ----------  --------------  -------------------
/opt/airflow/dags/airflow.py                           1           0  0.37s           2025-10-18T20:12:14
================================================================================
[2025-10-18T20:13:00.769+0000] {manager.py:854} INFO - 
================================================================================
DAG File Processing Stats

File Path                     PID    Runtime      # DAGs    # Errors  Last Runtime    Last Run
----------------------------  -----  ---------  --------  ----------  --------------  -------------------
/opt/airflow/dags/airflow.py                           1           0  0.42s           2025-10-18T20:12:45
================================================================================
[2025-10-18T20:13:31.378+0000] {manager.py:854} INFO - 
================================================================================
DAG File Processing Stats

File Path                     PID    Runtime      # DAGs    # Errors  Last Runtime    Last Run
----------------------------  -----  ---------  --------  ----------  --------------  -------------------
/opt/airflow/dags/airflow.py                           1           0  0.35s           2025-10-18T20:13:15
================================================================================
[2025-10-18T20:14:01.884+0000] {manager.py:854} INFO - 
================================================================================
DAG File Processing Stats

File Path                     PID    Runtime      # DAGs    # Errors  Last Runtime    Last Run
----------------------------  -----  ---------  --------  ----------  --------------  -------------------
/opt/airflow/dags/airflow.py                           1           0  0.25s           2025-10-18T20:13:46
================================================================================
[2025-10-18T20:14:32.306+0000] {manager.py:854} INFO - 
================================================================================
DAG File Processing Stats

File Path                     PID    Runtime      # DAGs    # Errors  Last Runtime    Last Run
----------------------------  -----  ---------  --------  ----------  --------------  -------------------
/opt/airflow/dags/airflow.py                           1           0  0.33s           2025-10-18T20:14:16
================================================================================
[2025-10-18T20:15:02.783+0000] {manager.py:854} INFO - 
================================================================================
DAG File Processing Stats

File Path                     PID    Runtime      # DAGs    # Errors  Last Runtime    Last Run
----------------------------  -----  ---------  --------  ----------  --------------  -------------------
/opt/airflow/dags/airflow.py                           1           0  0.25s           2025-10-18T20:14:46
================================================================================
[2025-10-18T20:15:33.224+0000] {manager.py:854} INFO - 
================================================================================
DAG File Processing Stats

File Path                     PID    Runtime      # DAGs    # Errors  Last Runtime    Last Run
----------------------------  -----  ---------  --------  ----------  --------------  -------------------
/opt/airflow/dags/airflow.py                           1           0  0.41s           2025-10-18T20:15:17
================================================================================
[2025-10-18T20:16:03.842+0000] {manager.py:854} INFO - 
================================================================================
DAG File Processing Stats

File Path                     PID    Runtime      # DAGs    # Errors  Last Runtime    Last Run
----------------------------  -----  ---------  --------  ----------  --------------  -------------------
/opt/airflow/dags/airflow.py                           1           0  0.41s           2025-10-18T20:15:48
================================================================================
[2025-10-18T20:16:34.418+0000] {manager.py:854} INFO - 
================================================================================
DAG File Processing Stats

File Path                     PID    Runtime      # DAGs    # Errors  Last Runtime    Last Run
----------------------------  -----  ---------  --------  ----------  --------------  -------------------
/opt/airflow/dags/airflow.py                           1           0  0.29s           2025-10-18T20:16:18
================================================================================
[2025-10-18T20:16:37.439+0000] {manager.py:726} INFO - Searching for files in /opt/airflow/dags
[2025-10-18T20:16:37.447+0000] {manager.py:729} INFO - There are 1 files in /opt/airflow/dags
[2025-10-18T20:17:04.859+0000] {manager.py:854} INFO - 
================================================================================
DAG File Processing Stats

File Path                     PID    Runtime      # DAGs    # Errors  Last Runtime    Last Run
----------------------------  -----  ---------  --------  ----------  --------------  -------------------
/opt/airflow/dags/airflow.py                           1           0  0.31s           2025-10-18T20:16:49
================================================================================
[2025-10-18T20:17:35.379+0000] {manager.py:854} INFO - 
================================================================================
DAG File Processing Stats

File Path                     PID    Runtime      # DAGs    # Errors  Last Runtime    Last Run
----------------------------  -----  ---------  --------  ----------  --------------  -------------------
/opt/airflow/dags/airflow.py                           1           0  0.35s           2025-10-18T20:17:19
================================================================================
[2025-10-18T20:18:05.894+0000] {manager.py:854} INFO - 
================================================================================
DAG File Processing Stats

File Path                     PID    Runtime      # DAGs    # Errors  Last Runtime    Last Run
----------------------------  -----  ---------  --------  ----------  --------------  -------------------
/opt/airflow/dags/airflow.py                           1           0  0.37s           2025-10-18T20:17:50
================================================================================
[2025-10-18T20:18:36.425+0000] {manager.py:854} INFO - 
================================================================================
DAG File Processing Stats

File Path                     PID    Runtime      # DAGs    # Errors  Last Runtime    Last Run
----------------------------  -----  ---------  --------  ----------  --------------  -------------------
/opt/airflow/dags/airflow.py                           1           0  0.32s           2025-10-18T20:18:20
================================================================================
[2025-10-18T20:19:06.901+0000] {manager.py:854} INFO - 
================================================================================
DAG File Processing Stats

File Path                     PID    Runtime      # DAGs    # Errors  Last Runtime    Last Run
----------------------------  -----  ---------  --------  ----------  --------------  -------------------
/opt/airflow/dags/airflow.py                           1           0  0.32s           2025-10-18T20:18:51
================================================================================
[2025-10-18T20:19:37.393+0000] {manager.py:854} INFO - 
================================================================================
DAG File Processing Stats

File Path                     PID    Runtime      # DAGs    # Errors  Last Runtime    Last Run
----------------------------  -----  ---------  --------  ----------  --------------  -------------------
/opt/airflow/dags/airflow.py                           1           0  0.26s           2025-10-18T20:19:21
================================================================================
[2025-10-18T20:20:07.889+0000] {manager.py:854} INFO - 
================================================================================
DAG File Processing Stats

File Path                     PID    Runtime      # DAGs    # Errors  Last Runtime    Last Run
----------------------------  -----  ---------  --------  ----------  --------------  -------------------
/opt/airflow/dags/airflow.py                           1           0  0.34s           2025-10-18T20:19:52
================================================================================
[2025-10-18T20:20:38.360+0000] {manager.py:854} INFO - 
================================================================================
DAG File Processing Stats

File Path                     PID    Runtime      # DAGs    # Errors  Last Runtime    Last Run
----------------------------  -----  ---------  --------  ----------  --------------  -------------------
/opt/airflow/dags/airflow.py                           1           0  0.24s           2025-10-18T20:20:22
================================================================================
[2025-10-18T20:21:08.765+0000] {manager.py:854} INFO - 
================================================================================
DAG File Processing Stats

File Path                     PID    Runtime      # DAGs    # Errors  Last Runtime    Last Run
----------------------------  -----  ---------  --------  ----------  --------------  -------------------
/opt/airflow/dags/airflow.py                           1           0  0.33s           2025-10-18T20:20:52
================================================================================
[2025-10-18T20:21:37.621+0000] {manager.py:726} INFO - Searching for files in /opt/airflow/dags
[2025-10-18T20:21:37.632+0000] {manager.py:729} INFO - There are 1 files in /opt/airflow/dags
[2025-10-18T20:21:39.255+0000] {manager.py:854} INFO - 
================================================================================
DAG File Processing Stats

File Path                     PID    Runtime      # DAGs    # Errors  Last Runtime    Last Run
----------------------------  -----  ---------  --------  ----------  --------------  -------------------
/opt/airflow/dags/airflow.py                           1           0  0.34s           2025-10-18T20:21:23
================================================================================
[2025-10-18T20:22:09.859+0000] {manager.py:854} INFO - 
================================================================================
DAG File Processing Stats

File Path                     PID    Runtime      # DAGs    # Errors  Last Runtime    Last Run
----------------------------  -----  ---------  --------  ----------  --------------  -------------------
/opt/airflow/dags/airflow.py                           1           0  0.25s           2025-10-18T20:21:53
================================================================================
[2025-10-18T20:22:40.283+0000] {manager.py:854} INFO - 
================================================================================
DAG File Processing Stats

File Path                     PID    Runtime      # DAGs    # Errors  Last Runtime    Last Run
----------------------------  -----  ---------  --------  ----------  --------------  -------------------
/opt/airflow/dags/airflow.py                           1           0  0.26s           2025-10-18T20:22:24
================================================================================
[2025-10-18T20:23:10.638+0000] {manager.py:854} INFO - 
================================================================================
DAG File Processing Stats

File Path                     PID    Runtime      # DAGs    # Errors  Last Runtime    Last Run
----------------------------  -----  ---------  --------  ----------  --------------  -------------------
/opt/airflow/dags/airflow.py                           1           0  0.29s           2025-10-18T20:22:54
================================================================================
[2025-10-18T20:23:41.133+0000] {manager.py:854} INFO - 
================================================================================
DAG File Processing Stats

File Path                     PID    Runtime      # DAGs    # Errors  Last Runtime    Last Run
----------------------------  -----  ---------  --------  ----------  --------------  -------------------
/opt/airflow/dags/airflow.py                           1           0  0.23s           2025-10-18T20:23:25
================================================================================
[2025-10-18T20:24:11.568+0000] {manager.py:854} INFO - 
================================================================================
DAG File Processing Stats

File Path                     PID    Runtime      # DAGs    # Errors  Last Runtime    Last Run
----------------------------  -----  ---------  --------  ----------  --------------  -------------------
/opt/airflow/dags/airflow.py                           1           0  0.28s           2025-10-18T20:23:55
================================================================================
[2025-10-18T20:24:42.020+0000] {manager.py:854} INFO - 
================================================================================
DAG File Processing Stats

File Path                     PID    Runtime      # DAGs    # Errors  Last Runtime    Last Run
----------------------------  -----  ---------  --------  ----------  --------------  -------------------
/opt/airflow/dags/airflow.py                           1           0  0.21s           2025-10-18T20:24:26
================================================================================
[2025-10-18T20:25:12.393+0000] {manager.py:854} INFO - 
================================================================================
DAG File Processing Stats

File Path                     PID    Runtime      # DAGs    # Errors  Last Runtime    Last Run
----------------------------  -----  ---------  --------  ----------  --------------  -------------------
/opt/airflow/dags/airflow.py                           1           0  0.22s           2025-10-18T20:24:56
================================================================================
[2025-10-18T20:25:42.642+0000] {manager.py:854} INFO - 
================================================================================
DAG File Processing Stats

File Path                     PID    Runtime      # DAGs    # Errors  Last Runtime    Last Run
----------------------------  -----  ---------  --------  ----------  --------------  -------------------
/opt/airflow/dags/airflow.py                           1           0  0.22s           2025-10-18T20:25:26
================================================================================
[2025-10-18T20:26:13.022+0000] {manager.py:854} INFO - 
================================================================================
DAG File Processing Stats

File Path                     PID    Runtime      # DAGs    # Errors  Last Runtime    Last Run
----------------------------  -----  ---------  --------  ----------  --------------  -------------------
/opt/airflow/dags/airflow.py                           1           0  0.24s           2025-10-18T20:25:56
================================================================================
[2025-10-18T20:26:38.238+0000] {manager.py:726} INFO - Searching for files in /opt/airflow/dags
[2025-10-18T20:26:38.247+0000] {manager.py:729} INFO - There are 1 files in /opt/airflow/dags
[2025-10-18T20:26:43.293+0000] {manager.py:854} INFO - 
================================================================================
DAG File Processing Stats

File Path                     PID    Runtime      # DAGs    # Errors  Last Runtime    Last Run
----------------------------  -----  ---------  --------  ----------  --------------  -------------------
/opt/airflow/dags/airflow.py                           1           0  0.25s           2025-10-18T20:26:27
================================================================================
[2025-10-18T20:27:13.676+0000] {manager.py:854} INFO - 
================================================================================
DAG File Processing Stats

File Path                     PID    Runtime      # DAGs    # Errors  Last Runtime    Last Run
----------------------------  -----  ---------  --------  ----------  --------------  -------------------
/opt/airflow/dags/airflow.py                           1           0  0.23s           2025-10-18T20:26:57
================================================================================
[2025-10-18T20:27:43.914+0000] {manager.py:854} INFO - 
================================================================================
DAG File Processing Stats

File Path                     PID    Runtime      # DAGs    # Errors  Last Runtime    Last Run
----------------------------  -----  ---------  --------  ----------  --------------  -------------------
/opt/airflow/dags/airflow.py                           1           0  0.27s           2025-10-18T20:27:28
================================================================================
[2025-10-18T20:28:14.402+0000] {manager.py:854} INFO - 
================================================================================
DAG File Processing Stats

File Path                     PID    Runtime      # DAGs    # Errors  Last Runtime    Last Run
----------------------------  -----  ---------  --------  ----------  --------------  -------------------
/opt/airflow/dags/airflow.py                           1           0  0.35s           2025-10-18T20:27:58
================================================================================
[2025-10-18T20:28:44.945+0000] {manager.py:854} INFO - 
================================================================================
DAG File Processing Stats

File Path                     PID    Runtime      # DAGs    # Errors  Last Runtime    Last Run
----------------------------  -----  ---------  --------  ----------  --------------  -------------------
/opt/airflow/dags/airflow.py                           1           0  0.23s           2025-10-18T20:28:29
================================================================================
[2025-10-18T20:29:15.363+0000] {manager.py:854} INFO - 
================================================================================
DAG File Processing Stats

File Path                     PID    Runtime      # DAGs    # Errors  Last Runtime    Last Run
----------------------------  -----  ---------  --------  ----------  --------------  -------------------
/opt/airflow/dags/airflow.py                           1           0  0.23s           2025-10-18T20:28:59
================================================================================
[2025-10-18T20:29:45.622+0000] {manager.py:854} INFO - 
================================================================================
DAG File Processing Stats

File Path                     PID    Runtime      # DAGs    # Errors  Last Runtime    Last Run
----------------------------  -----  ---------  --------  ----------  --------------  -------------------
/opt/airflow/dags/airflow.py                           1           0  0.23s           2025-10-18T20:29:29
================================================================================
[2025-10-18T20:30:16.018+0000] {manager.py:854} INFO - 
================================================================================
DAG File Processing Stats

File Path                     PID    Runtime      # DAGs    # Errors  Last Runtime    Last Run
----------------------------  -----  ---------  --------  ----------  --------------  -------------------
/opt/airflow/dags/airflow.py                           1           0  0.26s           2025-10-18T20:29:59
================================================================================
[2025-10-18T20:30:46.262+0000] {manager.py:854} INFO - 
================================================================================
DAG File Processing Stats

File Path                     PID    Runtime      # DAGs    # Errors  Last Runtime    Last Run
----------------------------  -----  ---------  --------  ----------  --------------  -------------------
/opt/airflow/dags/airflow.py                           1           0  0.23s           2025-10-18T20:30:30
================================================================================
[2025-10-18T20:31:16.568+0000] {manager.py:854} INFO - 
================================================================================
DAG File Processing Stats

File Path                     PID    Runtime      # DAGs    # Errors  Last Runtime    Last Run
----------------------------  -----  ---------  --------  ----------  --------------  -------------------
/opt/airflow/dags/airflow.py                           1           0  0.24s           2025-10-18T20:31:00
================================================================================
[2025-10-18T20:31:38.859+0000] {manager.py:726} INFO - Searching for files in /opt/airflow/dags
[2025-10-18T20:31:38.871+0000] {manager.py:729} INFO - There are 1 files in /opt/airflow/dags
[2025-10-18T20:31:46.941+0000] {manager.py:854} INFO - 
================================================================================
DAG File Processing Stats

File Path                     PID    Runtime      # DAGs    # Errors  Last Runtime    Last Run
----------------------------  -----  ---------  --------  ----------  --------------  -------------------
/opt/airflow/dags/airflow.py                           1           0  0.24s           2025-10-18T20:31:30
================================================================================
[2025-10-18T20:32:17.180+0000] {manager.py:854} INFO - 
================================================================================
DAG File Processing Stats

File Path                     PID    Runtime      # DAGs    # Errors  Last Runtime    Last Run
----------------------------  -----  ---------  --------  ----------  --------------  -------------------
/opt/airflow/dags/airflow.py                           1           0  0.32s           2025-10-18T20:32:01
================================================================================
[2025-10-18T20:32:47.643+0000] {manager.py:854} INFO - 
================================================================================
DAG File Processing Stats

File Path                     PID    Runtime      # DAGs    # Errors  Last Runtime    Last Run
----------------------------  -----  ---------  --------  ----------  --------------  -------------------
/opt/airflow/dags/airflow.py                           1           0  0.23s           2025-10-18T20:32:31
================================================================================
[2025-10-18T20:33:18.033+0000] {manager.py:854} INFO - 
================================================================================
DAG File Processing Stats

File Path                     PID    Runtime      # DAGs    # Errors  Last Runtime    Last Run
----------------------------  -----  ---------  --------  ----------  --------------  -------------------
/opt/airflow/dags/airflow.py                           1           0  0.27s           2025-10-18T20:33:02
================================================================================
[2025-10-18T20:33:48.504+0000] {manager.py:854} INFO - 
================================================================================
DAG File Processing Stats

File Path                     PID    Runtime      # DAGs    # Errors  Last Runtime    Last Run
----------------------------  -----  ---------  --------  ----------  --------------  -------------------
/opt/airflow/dags/airflow.py                           1           0  0.22s           2025-10-18T20:33:32
================================================================================
[2025-10-18T20:34:18.907+0000] {manager.py:854} INFO - 
================================================================================
DAG File Processing Stats

File Path                     PID    Runtime      # DAGs    # Errors  Last Runtime    Last Run
----------------------------  -----  ---------  --------  ----------  --------------  -------------------
/opt/airflow/dags/airflow.py                           1           0  0.30s           2025-10-18T20:34:03
================================================================================
[2025-10-18T20:34:49.355+0000] {manager.py:854} INFO - 
================================================================================
DAG File Processing Stats

File Path                     PID    Runtime      # DAGs    # Errors  Last Runtime    Last Run
----------------------------  -----  ---------  --------  ----------  --------------  -------------------
/opt/airflow/dags/airflow.py                           1           0  0.25s           2025-10-18T20:34:33
================================================================================
[2025-10-18T20:35:19.767+0000] {manager.py:854} INFO - 
================================================================================
DAG File Processing Stats

File Path                     PID    Runtime      # DAGs    # Errors  Last Runtime    Last Run
----------------------------  -----  ---------  --------  ----------  --------------  -------------------
/opt/airflow/dags/airflow.py                           1           0  0.32s           2025-10-18T20:35:03
================================================================================
[2025-10-18T20:35:50.317+0000] {manager.py:854} INFO - 
================================================================================
DAG File Processing Stats

File Path                     PID    Runtime      # DAGs    # Errors  Last Runtime    Last Run
----------------------------  -----  ---------  --------  ----------  --------------  -------------------
/opt/airflow/dags/airflow.py                           1           0  0.31s           2025-10-18T20:35:34
================================================================================
[2025-10-18T20:36:20.751+0000] {manager.py:854} INFO - 
================================================================================
DAG File Processing Stats

File Path                     PID    Runtime      # DAGs    # Errors  Last Runtime    Last Run
----------------------------  -----  ---------  --------  ----------  --------------  -------------------
/opt/airflow/dags/airflow.py                           1           0  0.28s           2025-10-18T20:36:04
================================================================================
[2025-10-18T20:36:39.149+0000] {manager.py:726} INFO - Searching for files in /opt/airflow/dags
[2025-10-18T20:36:39.158+0000] {manager.py:729} INFO - There are 1 files in /opt/airflow/dags
[2025-10-18T20:36:51.260+0000] {manager.py:854} INFO - 
================================================================================
DAG File Processing Stats

File Path                     PID    Runtime      # DAGs    # Errors  Last Runtime    Last Run
----------------------------  -----  ---------  --------  ----------  --------------  -------------------
/opt/airflow/dags/airflow.py                           1           0  0.26s           2025-10-18T20:36:35
================================================================================
[2025-10-18T20:37:21.647+0000] {manager.py:854} INFO - 
================================================================================
DAG File Processing Stats

File Path                     PID    Runtime      # DAGs    # Errors  Last Runtime    Last Run
----------------------------  -----  ---------  --------  ----------  --------------  -------------------
/opt/airflow/dags/airflow.py                           1           0  0.36s           2025-10-18T20:37:05
================================================================================
[2025-10-18T20:37:52.014+0000] {manager.py:854} INFO - 
================================================================================
DAG File Processing Stats

File Path                     PID    Runtime      # DAGs    # Errors  Last Runtime    Last Run
----------------------------  -----  ---------  --------  ----------  --------------  -------------------
/opt/airflow/dags/airflow.py                           1           0  0.21s           2025-10-18T20:37:36
================================================================================
[2025-10-18T20:38:22.437+0000] {manager.py:854} INFO - 
================================================================================
DAG File Processing Stats

File Path                     PID    Runtime      # DAGs    # Errors  Last Runtime    Last Run
----------------------------  -----  ---------  --------  ----------  --------------  -------------------
/opt/airflow/dags/airflow.py                           1           0  0.22s           2025-10-18T20:38:06
================================================================================
[2025-10-18T20:38:52.710+0000] {manager.py:854} INFO - 
================================================================================
DAG File Processing Stats

File Path                     PID    Runtime      # DAGs    # Errors  Last Runtime    Last Run
----------------------------  -----  ---------  --------  ----------  --------------  -------------------
/opt/airflow/dags/airflow.py                           1           0  0.22s           2025-10-18T20:38:36
================================================================================
[2025-10-18T20:39:23.132+0000] {manager.py:854} INFO - 
================================================================================
DAG File Processing Stats

File Path                     PID    Runtime      # DAGs    # Errors  Last Runtime    Last Run
----------------------------  -----  ---------  --------  ----------  --------------  -------------------
/opt/airflow/dags/airflow.py                           1           0  0.26s           2025-10-18T20:39:07
================================================================================
[2025-10-18T20:39:53.385+0000] {manager.py:854} INFO - 
================================================================================
DAG File Processing Stats

File Path                     PID    Runtime      # DAGs    # Errors  Last Runtime    Last Run
----------------------------  -----  ---------  --------  ----------  --------------  -------------------
/opt/airflow/dags/airflow.py                           1           0  0.30s           2025-10-18T20:39:37
================================================================================
[2025-10-18T20:40:23.869+0000] {manager.py:854} INFO - 
================================================================================
DAG File Processing Stats

File Path                     PID    Runtime      # DAGs    # Errors  Last Runtime    Last Run
----------------------------  -----  ---------  --------  ----------  --------------  -------------------
/opt/airflow/dags/airflow.py                           1           0  0.24s           2025-10-18T20:40:07
================================================================================
[2025-10-18T20:40:54.291+0000] {manager.py:854} INFO - 
================================================================================
DAG File Processing Stats

File Path                     PID    Runtime      # DAGs    # Errors  Last Runtime    Last Run
----------------------------  -----  ---------  --------  ----------  --------------  -------------------
/opt/airflow/dags/airflow.py                           1           0  0.23s           2025-10-18T20:40:38
================================================================================
[2025-10-18T20:41:24.521+0000] {manager.py:854} INFO - 
================================================================================
DAG File Processing Stats

File Path                     PID    Runtime      # DAGs    # Errors  Last Runtime    Last Run
----------------------------  -----  ---------  --------  ----------  --------------  -------------------
/opt/airflow/dags/airflow.py                           1           0  0.26s           2025-10-18T20:41:08
================================================================================
[2025-10-18T20:41:39.863+0000] {manager.py:726} INFO - Searching for files in /opt/airflow/dags
[2025-10-18T20:41:39.868+0000] {manager.py:729} INFO - There are 1 files in /opt/airflow/dags
[2025-10-18T20:41:54.984+0000] {manager.py:854} INFO - 
================================================================================
DAG File Processing Stats

File Path                     PID    Runtime      # DAGs    # Errors  Last Runtime    Last Run
----------------------------  -----  ---------  --------  ----------  --------------  -------------------
/opt/airflow/dags/airflow.py                           1           0  0.21s           2025-10-18T20:41:39
================================================================================
[2025-10-18T20:42:25.459+0000] {manager.py:854} INFO - 
================================================================================
DAG File Processing Stats

File Path                     PID    Runtime      # DAGs    # Errors  Last Runtime    Last Run
----------------------------  -----  ---------  --------  ----------  --------------  -------------------
/opt/airflow/dags/airflow.py                           1           0  0.24s           2025-10-18T20:42:09
================================================================================
[2025-10-18T20:42:55.818+0000] {manager.py:854} INFO - 
================================================================================
DAG File Processing Stats

File Path                     PID    Runtime      # DAGs    # Errors  Last Runtime    Last Run
----------------------------  -----  ---------  --------  ----------  --------------  -------------------
/opt/airflow/dags/airflow.py                           1           0  0.25s           2025-10-18T20:42:39
================================================================================
[2025-10-18T20:43:26.224+0000] {manager.py:854} INFO - 
================================================================================
DAG File Processing Stats

File Path                     PID    Runtime      # DAGs    # Errors  Last Runtime    Last Run
----------------------------  -----  ---------  --------  ----------  --------------  -------------------
/opt/airflow/dags/airflow.py                           1           0  0.26s           2025-10-18T20:43:10
================================================================================
[2025-10-18T20:43:56.514+0000] {manager.py:854} INFO - 
================================================================================
DAG File Processing Stats

File Path                     PID    Runtime      # DAGs    # Errors  Last Runtime    Last Run
----------------------------  -----  ---------  --------  ----------  --------------  -------------------
/opt/airflow/dags/airflow.py                           1           0  0.32s           2025-10-18T20:43:40
================================================================================
[2025-10-18T20:44:27.057+0000] {manager.py:854} INFO - 
================================================================================
DAG File Processing Stats

File Path                     PID    Runtime      # DAGs    # Errors  Last Runtime    Last Run
----------------------------  -----  ---------  --------  ----------  --------------  -------------------
/opt/airflow/dags/airflow.py                           1           0  0.23s           2025-10-18T20:44:11
================================================================================
[2025-10-18T20:44:57.474+0000] {manager.py:854} INFO - 
================================================================================
DAG File Processing Stats

File Path                     PID    Runtime      # DAGs    # Errors  Last Runtime    Last Run
----------------------------  -----  ---------  --------  ----------  --------------  -------------------
/opt/airflow/dags/airflow.py                           1           0  0.35s           2025-10-18T20:44:41
================================================================================
[2025-10-18T20:45:27.807+0000] {manager.py:854} INFO - 
================================================================================
DAG File Processing Stats

File Path                     PID    Runtime      # DAGs    # Errors  Last Runtime    Last Run
----------------------------  -----  ---------  --------  ----------  --------------  -------------------
/opt/airflow/dags/airflow.py                           1           0  0.26s           2025-10-18T20:45:11
================================================================================
[2025-10-18T20:45:58.161+0000] {manager.py:854} INFO - 
================================================================================
DAG File Processing Stats

File Path                     PID    Runtime      # DAGs    # Errors  Last Runtime    Last Run
----------------------------  -----  ---------  --------  ----------  --------------  -------------------
/opt/airflow/dags/airflow.py                           1           0  0.34s           2025-10-18T20:45:42
================================================================================
[2025-10-18T20:46:28.548+0000] {manager.py:854} INFO - 
================================================================================
DAG File Processing Stats

File Path                     PID    Runtime      # DAGs    # Errors  Last Runtime    Last Run
----------------------------  -----  ---------  --------  ----------  --------------  -------------------
/opt/airflow/dags/airflow.py                           1           0  0.48s           2025-10-18T20:46:12
================================================================================
[2025-10-18T20:46:39.978+0000] {manager.py:726} INFO - Searching for files in /opt/airflow/dags
[2025-10-18T20:46:39.988+0000] {manager.py:729} INFO - There are 1 files in /opt/airflow/dags
[2025-10-18T20:46:59.184+0000] {manager.py:854} INFO - 
================================================================================
DAG File Processing Stats

File Path                     PID    Runtime      # DAGs    # Errors  Last Runtime    Last Run
----------------------------  -----  ---------  --------  ----------  --------------  -------------------
/opt/airflow/dags/airflow.py                           1           0  0.28s           2025-10-18T20:46:43
================================================================================
[2025-10-18T20:47:29.648+0000] {manager.py:854} INFO - 
================================================================================
DAG File Processing Stats

File Path                     PID    Runtime      # DAGs    # Errors  Last Runtime    Last Run
----------------------------  -----  ---------  --------  ----------  --------------  -------------------
/opt/airflow/dags/airflow.py                           1           0  0.34s           2025-10-18T20:47:13
================================================================================
[2025-10-18T20:47:59.932+0000] {manager.py:854} INFO - 
================================================================================
DAG File Processing Stats

File Path                     PID    Runtime      # DAGs    # Errors  Last Runtime    Last Run
----------------------------  -----  ---------  --------  ----------  --------------  -------------------
/opt/airflow/dags/airflow.py                           1           0  0.34s           2025-10-18T20:47:44
================================================================================
[2025-10-18T20:48:30.485+0000] {manager.py:854} INFO - 
================================================================================
DAG File Processing Stats

File Path                     PID    Runtime      # DAGs    # Errors  Last Runtime    Last Run
----------------------------  -----  ---------  --------  ----------  --------------  -------------------
/opt/airflow/dags/airflow.py                           1           0  0.23s           2025-10-18T20:48:14
================================================================================
[2025-10-18T20:49:00.924+0000] {manager.py:854} INFO - 
================================================================================
DAG File Processing Stats

File Path                     PID    Runtime      # DAGs    # Errors  Last Runtime    Last Run
----------------------------  -----  ---------  --------  ----------  --------------  -------------------
/opt/airflow/dags/airflow.py                           1           0  0.32s           2025-10-18T20:48:44
================================================================================
[2025-10-18T20:49:31.282+0000] {manager.py:854} INFO - 
================================================================================
DAG File Processing Stats

File Path                     PID    Runtime      # DAGs    # Errors  Last Runtime    Last Run
----------------------------  -----  ---------  --------  ----------  --------------  -------------------
/opt/airflow/dags/airflow.py                           1           0  0.23s           2025-10-18T20:49:15
================================================================================
[2025-10-18T20:50:01.643+0000] {manager.py:854} INFO - 
================================================================================
DAG File Processing Stats

File Path                     PID    Runtime      # DAGs    # Errors  Last Runtime    Last Run
----------------------------  -----  ---------  --------  ----------  --------------  -------------------
/opt/airflow/dags/airflow.py                           1           0  0.30s           2025-10-18T20:49:45
================================================================================
[2025-10-18T20:50:32.069+0000] {manager.py:854} INFO - 
================================================================================
DAG File Processing Stats

File Path                     PID    Runtime      # DAGs    # Errors  Last Runtime    Last Run
----------------------------  -----  ---------  --------  ----------  --------------  -------------------
/opt/airflow/dags/airflow.py                           1           0  0.23s           2025-10-18T20:50:15
================================================================================
[2025-10-18T20:51:02.345+0000] {manager.py:854} INFO - 
================================================================================
DAG File Processing Stats

File Path                     PID    Runtime      # DAGs    # Errors  Last Runtime    Last Run
----------------------------  -----  ---------  --------  ----------  --------------  -------------------
/opt/airflow/dags/airflow.py                           1           0  0.26s           2025-10-18T20:50:46
================================================================================
[2025-10-18T20:51:32.737+0000] {manager.py:854} INFO - 
================================================================================
DAG File Processing Stats

File Path                     PID    Runtime      # DAGs    # Errors  Last Runtime    Last Run
----------------------------  -----  ---------  --------  ----------  --------------  -------------------
/opt/airflow/dags/airflow.py                           1           0  0.36s           2025-10-18T20:51:16
================================================================================
[2025-10-18T20:51:40.816+0000] {manager.py:726} INFO - Searching for files in /opt/airflow/dags
[2025-10-18T20:51:40.830+0000] {manager.py:729} INFO - There are 1 files in /opt/airflow/dags
[2025-10-18T20:52:03.067+0000] {manager.py:854} INFO - 
================================================================================
DAG File Processing Stats

File Path                     PID    Runtime      # DAGs    # Errors  Last Runtime    Last Run
----------------------------  -----  ---------  --------  ----------  --------------  -------------------
/opt/airflow/dags/airflow.py                           1           0  0.28s           2025-10-18T20:51:47
================================================================================
[2025-10-18T20:52:33.534+0000] {manager.py:854} INFO - 
================================================================================
DAG File Processing Stats

File Path                     PID    Runtime      # DAGs    # Errors  Last Runtime    Last Run
----------------------------  -----  ---------  --------  ----------  --------------  -------------------
/opt/airflow/dags/airflow.py                           1           0  0.24s           2025-10-18T20:52:17
================================================================================
[2025-10-18T20:53:04.019+0000] {manager.py:854} INFO - 
================================================================================
DAG File Processing Stats

File Path                     PID    Runtime      # DAGs    # Errors  Last Runtime    Last Run
----------------------------  -----  ---------  --------  ----------  --------------  -------------------
/opt/airflow/dags/airflow.py                           1           0  0.33s           2025-10-18T20:52:48
================================================================================
[2025-10-18T20:53:34.604+0000] {manager.py:854} INFO - 
================================================================================
DAG File Processing Stats

File Path                     PID    Runtime      # DAGs    # Errors  Last Runtime    Last Run
----------------------------  -----  ---------  --------  ----------  --------------  -------------------
/opt/airflow/dags/airflow.py                           1           0  0.30s           2025-10-18T20:53:18
================================================================================
[2025-10-18T20:54:05.028+0000] {manager.py:854} INFO - 
================================================================================
DAG File Processing Stats

File Path                     PID    Runtime      # DAGs    # Errors  Last Runtime    Last Run
----------------------------  -----  ---------  --------  ----------  --------------  -------------------
/opt/airflow/dags/airflow.py                           1           0  0.20s           2025-10-18T20:53:49
================================================================================
[2025-10-18T20:54:35.492+0000] {manager.py:854} INFO - 
================================================================================
DAG File Processing Stats

File Path                     PID    Runtime      # DAGs    # Errors  Last Runtime    Last Run
----------------------------  -----  ---------  --------  ----------  --------------  -------------------
/opt/airflow/dags/airflow.py                           1           0  0.25s           2025-10-18T20:54:19
================================================================================
[2025-10-18T20:55:05.788+0000] {manager.py:854} INFO - 
================================================================================
DAG File Processing Stats

File Path                     PID    Runtime      # DAGs    # Errors  Last Runtime    Last Run
----------------------------  -----  ---------  --------  ----------  --------------  -------------------
/opt/airflow/dags/airflow.py                           1           0  0.21s           2025-10-18T20:54:49
================================================================================
[2025-10-18T20:55:36.176+0000] {manager.py:854} INFO - 
================================================================================
DAG File Processing Stats

File Path                     PID    Runtime      # DAGs    # Errors  Last Runtime    Last Run
----------------------------  -----  ---------  --------  ----------  --------------  -------------------
/opt/airflow/dags/airflow.py                           1           0  0.25s           2025-10-18T20:55:20
================================================================================
[2025-10-18T20:56:06.530+0000] {manager.py:854} INFO - 
================================================================================
DAG File Processing Stats

File Path                     PID    Runtime      # DAGs    # Errors  Last Runtime    Last Run
----------------------------  -----  ---------  --------  ----------  --------------  -------------------
/opt/airflow/dags/airflow.py                           1           0  0.28s           2025-10-18T20:55:50
================================================================================
[2025-10-18T20:56:36.919+0000] {manager.py:854} INFO - 
================================================================================
DAG File Processing Stats

File Path                     PID    Runtime      # DAGs    # Errors  Last Runtime    Last Run
----------------------------  -----  ---------  --------  ----------  --------------  -------------------
/opt/airflow/dags/airflow.py                           1           0  0.35s           2025-10-18T20:56:20
================================================================================
[2025-10-18T20:56:40.949+0000] {manager.py:726} INFO - Searching for files in /opt/airflow/dags
[2025-10-18T20:56:40.956+0000] {manager.py:729} INFO - There are 1 files in /opt/airflow/dags
[2025-10-18T20:57:07.333+0000] {manager.py:854} INFO - 
================================================================================
DAG File Processing Stats

File Path                     PID    Runtime      # DAGs    # Errors  Last Runtime    Last Run
----------------------------  -----  ---------  --------  ----------  --------------  -------------------
/opt/airflow/dags/airflow.py                           1           0  0.23s           2025-10-18T20:56:51
================================================================================
[2025-10-18T20:57:37.583+0000] {manager.py:854} INFO - 
================================================================================
DAG File Processing Stats

File Path                     PID    Runtime      # DAGs    # Errors  Last Runtime    Last Run
----------------------------  -----  ---------  --------  ----------  --------------  -------------------
/opt/airflow/dags/airflow.py                           1           0  0.23s           2025-10-18T20:57:21
================================================================================
[2025-10-18T20:58:07.899+0000] {manager.py:854} INFO - 
================================================================================
DAG File Processing Stats

File Path                     PID    Runtime      # DAGs    # Errors  Last Runtime    Last Run
----------------------------  -----  ---------  --------  ----------  --------------  -------------------
/opt/airflow/dags/airflow.py                           1           0  0.37s           2025-10-18T20:57:52
================================================================================
[2025-10-18T20:58:38.376+0000] {manager.py:854} INFO - 
================================================================================
DAG File Processing Stats

File Path                     PID    Runtime      # DAGs    # Errors  Last Runtime    Last Run
----------------------------  -----  ---------  --------  ----------  --------------  -------------------
/opt/airflow/dags/airflow.py                           1           0  0.37s           2025-10-18T20:58:22
================================================================================
[2025-10-18T20:59:08.992+0000] {manager.py:854} INFO - 
================================================================================
DAG File Processing Stats

File Path                     PID    Runtime      # DAGs    # Errors  Last Runtime    Last Run
----------------------------  -----  ---------  --------  ----------  --------------  -------------------
/opt/airflow/dags/airflow.py                           1           0  0.35s           2025-10-18T20:58:53
================================================================================
[2025-10-18T20:59:39.487+0000] {manager.py:854} INFO - 
================================================================================
DAG File Processing Stats

File Path                     PID    Runtime      # DAGs    # Errors  Last Runtime    Last Run
----------------------------  -----  ---------  --------  ----------  --------------  -------------------
/opt/airflow/dags/airflow.py                           1           0  0.35s           2025-10-18T20:59:23
================================================================================
[2025-10-18T21:00:10.043+0000] {manager.py:854} INFO - 
================================================================================
DAG File Processing Stats

File Path                     PID    Runtime      # DAGs    # Errors  Last Runtime    Last Run
----------------------------  -----  ---------  --------  ----------  --------------  -------------------
/opt/airflow/dags/airflow.py                           1           0  0.30s           2025-10-18T20:59:54
================================================================================
[2025-10-18T21:00:40.551+0000] {manager.py:854} INFO - 
================================================================================
DAG File Processing Stats

File Path                     PID    Runtime      # DAGs    # Errors  Last Runtime    Last Run
----------------------------  -----  ---------  --------  ----------  --------------  -------------------
/opt/airflow/dags/airflow.py                           1           0  0.34s           2025-10-18T21:00:24
================================================================================
[2025-10-18T21:01:11.049+0000] {manager.py:854} INFO - 
================================================================================
DAG File Processing Stats

File Path                     PID    Runtime      # DAGs    # Errors  Last Runtime    Last Run
----------------------------  -----  ---------  --------  ----------  --------------  -------------------
/opt/airflow/dags/airflow.py                           1           0  0.27s           2025-10-18T21:00:55
================================================================================
[2025-10-18T21:01:41.541+0000] {manager.py:726} INFO - Searching for files in /opt/airflow/dags
[2025-10-18T21:01:41.547+0000] {manager.py:729} INFO - There are 1 files in /opt/airflow/dags
[2025-10-18T21:01:41.558+0000] {manager.py:854} INFO - 
================================================================================
DAG File Processing Stats

File Path                     PID    Runtime      # DAGs    # Errors  Last Runtime    Last Run
----------------------------  -----  ---------  --------  ----------  --------------  -------------------
/opt/airflow/dags/airflow.py                           1           0  0.31s           2025-10-18T21:01:25
================================================================================
[2025-10-18T21:02:12.062+0000] {manager.py:854} INFO - 
================================================================================
DAG File Processing Stats

File Path                     PID    Runtime      # DAGs    # Errors  Last Runtime    Last Run
----------------------------  -----  ---------  --------  ----------  --------------  -------------------
/opt/airflow/dags/airflow.py                           1           0  0.34s           2025-10-18T21:01:56
================================================================================
[2025-10-18T21:02:42.378+0000] {manager.py:854} INFO - 
================================================================================
DAG File Processing Stats

File Path                     PID    Runtime      # DAGs    # Errors  Last Runtime    Last Run
----------------------------  -----  ---------  --------  ----------  --------------  -------------------
/opt/airflow/dags/airflow.py                           1           0  0.31s           2025-10-18T21:02:26
================================================================================
[2025-10-18T21:03:12.848+0000] {manager.py:854} INFO - 
================================================================================
DAG File Processing Stats

File Path                     PID    Runtime      # DAGs    # Errors  Last Runtime    Last Run
----------------------------  -----  ---------  --------  ----------  --------------  -------------------
/opt/airflow/dags/airflow.py                           1           0  0.31s           2025-10-18T21:02:56
================================================================================
[2025-10-18T21:05:33.754+0000] {manager.py:854} INFO - 
================================================================================
DAG File Processing Stats

File Path                     PID    Runtime      # DAGs    # Errors  Last Runtime    Last Run
----------------------------  -----  ---------  --------  ----------  --------------  -------------------
/opt/airflow/dags/airflow.py                           1           0  0.33s           2025-10-18T21:05:19
================================================================================
[2025-10-18T21:06:03.975+0000] {manager.py:854} INFO - 
================================================================================
DAG File Processing Stats

File Path                     PID    Runtime      # DAGs    # Errors  Last Runtime    Last Run
----------------------------  -----  ---------  --------  ----------  --------------  -------------------
/opt/airflow/dags/airflow.py                           1           0  0.28s           2025-10-18T21:05:50
================================================================================
[2025-10-18T21:06:34.502+0000] {manager.py:854} INFO - 
================================================================================
DAG File Processing Stats

File Path                     PID    Runtime      # DAGs    # Errors  Last Runtime    Last Run
----------------------------  -----  ---------  --------  ----------  --------------  -------------------
/opt/airflow/dags/airflow.py                           1           0  0.22s           2025-10-18T21:06:20
================================================================================
[2025-10-18T21:06:41.577+0000] {manager.py:726} INFO - Searching for files in /opt/airflow/dags
[2025-10-18T21:06:41.582+0000] {manager.py:729} INFO - There are 1 files in /opt/airflow/dags
[2025-10-18T21:07:04.866+0000] {manager.py:854} INFO - 
================================================================================
DAG File Processing Stats

File Path                     PID    Runtime      # DAGs    # Errors  Last Runtime    Last Run
----------------------------  -----  ---------  --------  ----------  --------------  -------------------
/opt/airflow/dags/airflow.py                           1           0  0.26s           2025-10-18T21:06:50
================================================================================
[2025-10-18T21:07:35.179+0000] {manager.py:854} INFO - 
================================================================================
DAG File Processing Stats

File Path                     PID    Runtime      # DAGs    # Errors  Last Runtime    Last Run
----------------------------  -----  ---------  --------  ----------  --------------  -------------------
/opt/airflow/dags/airflow.py                           1           0  0.28s           2025-10-18T21:07:21
================================================================================
[2025-10-18T21:08:05.552+0000] {manager.py:854} INFO - 
================================================================================
DAG File Processing Stats

File Path                     PID    Runtime      # DAGs    # Errors  Last Runtime    Last Run
----------------------------  -----  ---------  --------  ----------  --------------  -------------------
/opt/airflow/dags/airflow.py                           1           0  0.28s           2025-10-18T21:07:51
================================================================================
[2025-10-18T21:08:35.874+0000] {manager.py:854} INFO - 
================================================================================
DAG File Processing Stats

File Path                     PID    Runtime      # DAGs    # Errors  Last Runtime    Last Run
----------------------------  -----  ---------  --------  ----------  --------------  -------------------
/opt/airflow/dags/airflow.py                           1           0  0.28s           2025-10-18T21:08:21
================================================================================
[2025-10-18T21:09:06.294+0000] {manager.py:854} INFO - 
================================================================================
DAG File Processing Stats

File Path                     PID    Runtime      # DAGs    # Errors  Last Runtime    Last Run
----------------------------  -----  ---------  --------  ----------  --------------  -------------------
/opt/airflow/dags/airflow.py                           1           0  0.70s           2025-10-18T21:08:52
================================================================================
[2025-10-18T21:09:36.312+0000] {manager.py:854} INFO - 
================================================================================
DAG File Processing Stats

File Path                     PID    Runtime      # DAGs    # Errors  Last Runtime    Last Run
----------------------------  -----  ---------  --------  ----------  --------------  -------------------
/opt/airflow/dags/airflow.py                           1           0  0.24s           2025-10-18T21:09:23
================================================================================
[2025-10-18T21:10:06.593+0000] {manager.py:854} INFO - 
================================================================================
DAG File Processing Stats

File Path                     PID    Runtime      # DAGs    # Errors  Last Runtime    Last Run
----------------------------  -----  ---------  --------  ----------  --------------  -------------------
/opt/airflow/dags/airflow.py                           1           0  0.29s           2025-10-18T21:09:53
================================================================================
[2025-10-18T21:10:37.073+0000] {manager.py:854} INFO - 
================================================================================
DAG File Processing Stats

File Path                     PID    Runtime      # DAGs    # Errors  Last Runtime    Last Run
----------------------------  -----  ---------  --------  ----------  --------------  -------------------
/opt/airflow/dags/airflow.py                           1           0  0.26s           2025-10-18T21:10:24
================================================================================
[2025-10-18T21:11:07.583+0000] {manager.py:854} INFO - 
================================================================================
DAG File Processing Stats

File Path                     PID    Runtime      # DAGs    # Errors  Last Runtime    Last Run
----------------------------  -----  ---------  --------  ----------  --------------  -------------------
/opt/airflow/dags/airflow.py                           1           0  0.27s           2025-10-18T21:10:54
================================================================================
[2025-10-18T21:11:37.841+0000] {manager.py:854} INFO - 
================================================================================
DAG File Processing Stats

File Path                     PID    Runtime      # DAGs    # Errors  Last Runtime    Last Run
----------------------------  -----  ---------  --------  ----------  --------------  -------------------
/opt/airflow/dags/airflow.py                           1           0  0.22s           2025-10-18T21:11:24
================================================================================
[2025-10-18T21:11:41.884+0000] {manager.py:726} INFO - Searching for files in /opt/airflow/dags
[2025-10-18T21:11:41.889+0000] {manager.py:729} INFO - There are 1 files in /opt/airflow/dags
[2025-10-18T21:12:08.224+0000] {manager.py:854} INFO - 
================================================================================
DAG File Processing Stats

File Path                     PID    Runtime      # DAGs    # Errors  Last Runtime    Last Run
----------------------------  -----  ---------  --------  ----------  --------------  -------------------
/opt/airflow/dags/airflow.py                           1           0  0.20s           2025-10-18T21:11:55
================================================================================
[2025-10-18T21:12:38.481+0000] {manager.py:854} INFO - 
================================================================================
DAG File Processing Stats

File Path                     PID    Runtime      # DAGs    # Errors  Last Runtime    Last Run
----------------------------  -----  ---------  --------  ----------  --------------  -------------------
/opt/airflow/dags/airflow.py                           1           0  0.25s           2025-10-18T21:12:25
================================================================================
[2025-10-18T21:13:08.860+0000] {manager.py:854} INFO - 
================================================================================
DAG File Processing Stats

File Path                     PID    Runtime      # DAGs    # Errors  Last Runtime    Last Run
----------------------------  -----  ---------  --------  ----------  --------------  -------------------
/opt/airflow/dags/airflow.py                           1           0  0.22s           2025-10-18T21:12:55
================================================================================
[2025-10-18T21:13:39.351+0000] {manager.py:854} INFO - 
================================================================================
DAG File Processing Stats

File Path                     PID    Runtime      # DAGs    # Errors  Last Runtime    Last Run
----------------------------  -----  ---------  --------  ----------  --------------  -------------------
/opt/airflow/dags/airflow.py                           1           0  0.24s           2025-10-18T21:13:26
================================================================================
[2025-10-18T21:14:09.808+0000] {manager.py:854} INFO - 
================================================================================
DAG File Processing Stats

File Path                     PID    Runtime      # DAGs    # Errors  Last Runtime    Last Run
----------------------------  -----  ---------  --------  ----------  --------------  -------------------
/opt/airflow/dags/airflow.py                           1           0  0.26s           2025-10-18T21:13:56
================================================================================
[2025-10-18T21:14:40.065+0000] {manager.py:854} INFO - 
================================================================================
DAG File Processing Stats

File Path                     PID    Runtime      # DAGs    # Errors  Last Runtime    Last Run
----------------------------  -----  ---------  --------  ----------  --------------  -------------------
/opt/airflow/dags/airflow.py                           1           0  0.24s           2025-10-18T21:14:27
================================================================================
[2025-10-18T21:15:10.544+0000] {manager.py:854} INFO - 
================================================================================
DAG File Processing Stats

File Path                     PID    Runtime      # DAGs    # Errors  Last Runtime    Last Run
----------------------------  -----  ---------  --------  ----------  --------------  -------------------
/opt/airflow/dags/airflow.py                           1           0  0.31s           2025-10-18T21:14:57
================================================================================
[2025-10-18T21:15:41.106+0000] {manager.py:854} INFO - 
================================================================================
DAG File Processing Stats

File Path                     PID    Runtime      # DAGs    # Errors  Last Runtime    Last Run
----------------------------  -----  ---------  --------  ----------  --------------  -------------------
/opt/airflow/dags/airflow.py                           1           0  0.39s           2025-10-18T21:15:28
================================================================================
[2025-10-18T21:16:11.709+0000] {manager.py:854} INFO - 
================================================================================
DAG File Processing Stats

File Path                     PID    Runtime      # DAGs    # Errors  Last Runtime    Last Run
----------------------------  -----  ---------  --------  ----------  --------------  -------------------
/opt/airflow/dags/airflow.py                           1           0  0.38s           2025-10-18T21:15:58
================================================================================
[2025-10-18T21:16:42.300+0000] {manager.py:726} INFO - Searching for files in /opt/airflow/dags
[2025-10-18T21:16:42.306+0000] {manager.py:729} INFO - There are 1 files in /opt/airflow/dags
[2025-10-18T21:16:42.312+0000] {manager.py:854} INFO - 
================================================================================
DAG File Processing Stats

File Path                     PID    Runtime      # DAGs    # Errors  Last Runtime    Last Run
----------------------------  -----  ---------  --------  ----------  --------------  -------------------
/opt/airflow/dags/airflow.py                           1           0  0.30s           2025-10-18T21:16:29
================================================================================
[2025-10-18T21:17:12.852+0000] {manager.py:854} INFO - 
================================================================================
DAG File Processing Stats

File Path                     PID    Runtime      # DAGs    # Errors  Last Runtime    Last Run
----------------------------  -----  ---------  --------  ----------  --------------  -------------------
/opt/airflow/dags/airflow.py                           1           0  0.38s           2025-10-18T21:17:00
================================================================================
[2025-10-18T21:17:43.425+0000] {manager.py:854} INFO - 
================================================================================
DAG File Processing Stats

File Path                     PID    Runtime      # DAGs    # Errors  Last Runtime    Last Run
----------------------------  -----  ---------  --------  ----------  --------------  -------------------
/opt/airflow/dags/airflow.py                           1           0  0.21s           2025-10-18T21:17:30
================================================================================
[2025-10-18T21:18:13.788+0000] {manager.py:854} INFO - 
================================================================================
DAG File Processing Stats

File Path                     PID    Runtime      # DAGs    # Errors  Last Runtime    Last Run
----------------------------  -----  ---------  --------  ----------  --------------  -------------------
/opt/airflow/dags/airflow.py                           1           0  0.24s           2025-10-18T21:18:00
================================================================================
[2025-10-18T21:18:44.032+0000] {manager.py:854} INFO - 
================================================================================
DAG File Processing Stats

File Path                     PID    Runtime      # DAGs    # Errors  Last Runtime    Last Run
----------------------------  -----  ---------  --------  ----------  --------------  -------------------
/opt/airflow/dags/airflow.py                           1           0  0.26s           2025-10-18T21:18:31
================================================================================
[2025-10-18T21:19:14.521+0000] {manager.py:854} INFO - 
================================================================================
DAG File Processing Stats

File Path                     PID    Runtime      # DAGs    # Errors  Last Runtime    Last Run
----------------------------  -----  ---------  --------  ----------  --------------  -------------------
/opt/airflow/dags/airflow.py                           1           0  0.28s           2025-10-18T21:19:01
================================================================================
[2025-10-18T21:19:44.805+0000] {manager.py:854} INFO - 
================================================================================
DAG File Processing Stats

File Path                     PID    Runtime      # DAGs    # Errors  Last Runtime    Last Run
----------------------------  -----  ---------  --------  ----------  --------------  -------------------
/opt/airflow/dags/airflow.py                           1           0  0.23s           2025-10-18T21:19:31
================================================================================
[2025-10-18T21:20:15.182+0000] {manager.py:854} INFO - 
================================================================================
DAG File Processing Stats

File Path                     PID    Runtime      # DAGs    # Errors  Last Runtime    Last Run
----------------------------  -----  ---------  --------  ----------  --------------  -------------------
/opt/airflow/dags/airflow.py                           1           0  0.22s           2025-10-18T21:20:02
================================================================================
[2025-10-18T21:20:45.432+0000] {manager.py:854} INFO - 
================================================================================
DAG File Processing Stats

File Path                     PID    Runtime      # DAGs    # Errors  Last Runtime    Last Run
----------------------------  -----  ---------  --------  ----------  --------------  -------------------
/opt/airflow/dags/airflow.py                           1           0  0.31s           2025-10-18T21:20:32
================================================================================
[2025-10-18T21:21:15.941+0000] {manager.py:854} INFO - 
================================================================================
DAG File Processing Stats

File Path                     PID    Runtime      # DAGs    # Errors  Last Runtime    Last Run
----------------------------  -----  ---------  --------  ----------  --------------  -------------------
/opt/airflow/dags/airflow.py                           1           0  0.33s           2025-10-18T21:21:03
================================================================================
[2025-10-18T21:21:42.432+0000] {manager.py:726} INFO - Searching for files in /opt/airflow/dags
[2025-10-18T21:21:42.437+0000] {manager.py:729} INFO - There are 1 files in /opt/airflow/dags
[2025-10-18T21:21:46.490+0000] {manager.py:854} INFO - 
================================================================================
DAG File Processing Stats

File Path                     PID    Runtime      # DAGs    # Errors  Last Runtime    Last Run
----------------------------  -----  ---------  --------  ----------  --------------  -------------------
/opt/airflow/dags/airflow.py                           1           0  0.25s           2025-10-18T21:21:33
================================================================================
[2025-10-18T21:22:16.927+0000] {manager.py:854} INFO - 
================================================================================
DAG File Processing Stats

File Path                     PID    Runtime      # DAGs    # Errors  Last Runtime    Last Run
----------------------------  -----  ---------  --------  ----------  --------------  -------------------
/opt/airflow/dags/airflow.py                           1           0  0.23s           2025-10-18T21:22:03
================================================================================
[2025-10-18T21:22:47.194+0000] {manager.py:854} INFO - 
================================================================================
DAG File Processing Stats

File Path                     PID    Runtime      # DAGs    # Errors  Last Runtime    Last Run
----------------------------  -----  ---------  --------  ----------  --------------  -------------------
/opt/airflow/dags/airflow.py                           1           0  0.26s           2025-10-18T21:22:34
================================================================================
[2025-10-18T21:23:17.669+0000] {manager.py:854} INFO - 
================================================================================
DAG File Processing Stats

File Path                     PID    Runtime      # DAGs    # Errors  Last Runtime    Last Run
----------------------------  -----  ---------  --------  ----------  --------------  -------------------
/opt/airflow/dags/airflow.py                           1           0  0.30s           2025-10-18T21:23:04
================================================================================
[2025-10-18T21:23:48.038+0000] {manager.py:854} INFO - 
================================================================================
DAG File Processing Stats

File Path                     PID    Runtime      # DAGs    # Errors  Last Runtime    Last Run
----------------------------  -----  ---------  --------  ----------  --------------  -------------------
/opt/airflow/dags/airflow.py                           1           0  0.22s           2025-10-18T21:23:35
================================================================================
[2025-10-18T21:24:18.310+0000] {manager.py:854} INFO - 
================================================================================
DAG File Processing Stats

File Path                     PID    Runtime      # DAGs    # Errors  Last Runtime    Last Run
----------------------------  -----  ---------  --------  ----------  --------------  -------------------
/opt/airflow/dags/airflow.py                           1           0  0.37s           2025-10-18T21:24:05
================================================================================
[2025-10-18T21:24:48.856+0000] {manager.py:854} INFO - 
================================================================================
DAG File Processing Stats

File Path                     PID    Runtime      # DAGs    # Errors  Last Runtime    Last Run
----------------------------  -----  ---------  --------  ----------  --------------  -------------------
/opt/airflow/dags/airflow.py                           1           0  0.35s           2025-10-18T21:24:36
================================================================================
[2025-10-18T21:25:19.407+0000] {manager.py:854} INFO - 
================================================================================
DAG File Processing Stats

File Path                     PID    Runtime      # DAGs    # Errors  Last Runtime    Last Run
----------------------------  -----  ---------  --------  ----------  --------------  -------------------
/opt/airflow/dags/airflow.py                           1           0  0.37s           2025-10-18T21:25:06
================================================================================
[2025-10-18T21:25:49.985+0000] {manager.py:854} INFO - 
================================================================================
DAG File Processing Stats

File Path                     PID    Runtime      # DAGs    # Errors  Last Runtime    Last Run
----------------------------  -----  ---------  --------  ----------  --------------  -------------------
/opt/airflow/dags/airflow.py                           1           0  0.35s           2025-10-18T21:25:37
================================================================================
[2025-10-18T21:26:20.563+0000] {manager.py:854} INFO - 
================================================================================
DAG File Processing Stats

File Path                     PID    Runtime      # DAGs    # Errors  Last Runtime    Last Run
----------------------------  -----  ---------  --------  ----------  --------------  -------------------
/opt/airflow/dags/airflow.py                           1           0  0.36s           2025-10-18T21:26:07
================================================================================
[2025-10-18T21:26:42.433+0000] {manager.py:726} INFO - Searching for files in /opt/airflow/dags
[2025-10-18T21:26:42.437+0000] {manager.py:729} INFO - There are 1 files in /opt/airflow/dags
[2025-10-18T21:26:51.150+0000] {manager.py:854} INFO - 
================================================================================
DAG File Processing Stats

File Path                     PID    Runtime      # DAGs    # Errors  Last Runtime    Last Run
----------------------------  -----  ---------  --------  ----------  --------------  -------------------
/opt/airflow/dags/airflow.py                           1           0  0.33s           2025-10-18T21:26:38
================================================================================
[2025-10-18T21:27:21.764+0000] {manager.py:854} INFO - 
================================================================================
DAG File Processing Stats

File Path                     PID    Runtime      # DAGs    # Errors  Last Runtime    Last Run
----------------------------  -----  ---------  --------  ----------  --------------  -------------------
/opt/airflow/dags/airflow.py                           1           0  0.32s           2025-10-18T21:27:08
================================================================================
[2025-10-18T21:27:52.213+0000] {manager.py:854} INFO - 
================================================================================
DAG File Processing Stats

File Path                     PID    Runtime      # DAGs    # Errors  Last Runtime    Last Run
----------------------------  -----  ---------  --------  ----------  --------------  -------------------
/opt/airflow/dags/airflow.py                           1           0  0.29s           2025-10-18T21:27:39
================================================================================
[2025-10-18T21:28:22.678+0000] {manager.py:854} INFO - 
================================================================================
DAG File Processing Stats

File Path                     PID    Runtime      # DAGs    # Errors  Last Runtime    Last Run
----------------------------  -----  ---------  --------  ----------  --------------  -------------------
/opt/airflow/dags/airflow.py                           1           0  0.31s           2025-10-18T21:28:09
================================================================================
[2025-10-18T21:28:53.254+0000] {manager.py:854} INFO - 
================================================================================
DAG File Processing Stats

File Path                     PID    Runtime      # DAGs    # Errors  Last Runtime    Last Run
----------------------------  -----  ---------  --------  ----------  --------------  -------------------
/opt/airflow/dags/airflow.py                           1           0  0.36s           2025-10-18T21:28:40
================================================================================
[2025-10-18T21:29:23.828+0000] {manager.py:854} INFO - 
================================================================================
DAG File Processing Stats

File Path                     PID    Runtime      # DAGs    # Errors  Last Runtime    Last Run
----------------------------  -----  ---------  --------  ----------  --------------  -------------------
/opt/airflow/dags/airflow.py                           1           0  0.26s           2025-10-18T21:29:10
================================================================================
[2025-10-18T21:29:54.285+0000] {manager.py:854} INFO - 
================================================================================
DAG File Processing Stats

File Path                     PID    Runtime      # DAGs    # Errors  Last Runtime    Last Run
----------------------------  -----  ---------  --------  ----------  --------------  -------------------
/opt/airflow/dags/airflow.py                           1           0  0.35s           2025-10-18T21:29:41
================================================================================
[2025-10-18T21:30:24.591+0000] {manager.py:854} INFO - 
================================================================================
DAG File Processing Stats

File Path                     PID    Runtime      # DAGs    # Errors  Last Runtime    Last Run
----------------------------  -----  ---------  --------  ----------  --------------  -------------------
/opt/airflow/dags/airflow.py                           1           0  0.39s           2025-10-18T21:30:11
================================================================================
[2025-10-18T21:30:55.148+0000] {manager.py:854} INFO - 
================================================================================
DAG File Processing Stats

File Path                     PID    Runtime      # DAGs    # Errors  Last Runtime    Last Run
----------------------------  -----  ---------  --------  ----------  --------------  -------------------
/opt/airflow/dags/airflow.py                           1           0  0.29s           2025-10-18T21:30:42
================================================================================
[2025-10-18T21:31:25.601+0000] {manager.py:854} INFO - 
================================================================================
DAG File Processing Stats

File Path                     PID    Runtime      # DAGs    # Errors  Last Runtime    Last Run
----------------------------  -----  ---------  --------  ----------  --------------  -------------------
/opt/airflow/dags/airflow.py                           1           0  0.31s           2025-10-18T21:31:12
================================================================================
[2025-10-18T21:31:42.748+0000] {manager.py:726} INFO - Searching for files in /opt/airflow/dags
[2025-10-18T21:31:42.756+0000] {manager.py:729} INFO - There are 1 files in /opt/airflow/dags
[2025-10-18T21:31:56.189+0000] {manager.py:854} INFO - 
================================================================================
DAG File Processing Stats

File Path                     PID    Runtime      # DAGs    # Errors  Last Runtime    Last Run
----------------------------  -----  ---------  --------  ----------  --------------  -------------------
/opt/airflow/dags/airflow.py                           1           0  0.28s           2025-10-18T21:31:43
================================================================================
[2025-10-18T21:32:26.643+0000] {manager.py:854} INFO - 
================================================================================
DAG File Processing Stats

File Path                     PID    Runtime      # DAGs    # Errors  Last Runtime    Last Run
----------------------------  -----  ---------  --------  ----------  --------------  -------------------
/opt/airflow/dags/airflow.py                           1           0  0.26s           2025-10-18T21:32:13
================================================================================
[2025-10-18T21:32:57.068+0000] {manager.py:854} INFO - 
================================================================================
DAG File Processing Stats

File Path                     PID    Runtime      # DAGs    # Errors  Last Runtime    Last Run
----------------------------  -----  ---------  --------  ----------  --------------  -------------------
/opt/airflow/dags/airflow.py                           1           0  0.29s           2025-10-18T21:32:44
================================================================================
[2025-10-18T21:33:27.472+0000] {manager.py:854} INFO - 
================================================================================
DAG File Processing Stats

File Path                     PID    Runtime      # DAGs    # Errors  Last Runtime    Last Run
----------------------------  -----  ---------  --------  ----------  --------------  -------------------
/opt/airflow/dags/airflow.py                           1           0  0.24s           2025-10-18T21:33:14
================================================================================
[2025-10-18T21:33:57.753+0000] {manager.py:854} INFO - 
================================================================================
DAG File Processing Stats

File Path                     PID    Runtime      # DAGs    # Errors  Last Runtime    Last Run
----------------------------  -----  ---------  --------  ----------  --------------  -------------------
/opt/airflow/dags/airflow.py                           1           0  0.29s           2025-10-18T21:33:44
================================================================================
[2025-10-18T21:34:28.261+0000] {manager.py:854} INFO - 
================================================================================
DAG File Processing Stats

File Path                     PID    Runtime      # DAGs    # Errors  Last Runtime    Last Run
----------------------------  -----  ---------  --------  ----------  --------------  -------------------
/opt/airflow/dags/airflow.py                           1           0  0.22s           2025-10-18T21:34:15
================================================================================
[2025-10-18T21:34:58.706+0000] {manager.py:854} INFO - 
================================================================================
DAG File Processing Stats

File Path                     PID    Runtime      # DAGs    # Errors  Last Runtime    Last Run
----------------------------  -----  ---------  --------  ----------  --------------  -------------------
/opt/airflow/dags/airflow.py                           1           0  0.31s           2025-10-18T21:34:45
================================================================================
[2025-10-18T21:35:29.047+0000] {manager.py:854} INFO - 
================================================================================
DAG File Processing Stats

File Path                     PID    Runtime      # DAGs    # Errors  Last Runtime    Last Run
----------------------------  -----  ---------  --------  ----------  --------------  -------------------
/opt/airflow/dags/airflow.py                           1           0  0.24s           2025-10-18T21:35:16
================================================================================
[2025-10-18T21:35:59.460+0000] {manager.py:854} INFO - 
================================================================================
DAG File Processing Stats

File Path                     PID    Runtime      # DAGs    # Errors  Last Runtime    Last Run
----------------------------  -----  ---------  --------  ----------  --------------  -------------------
/opt/airflow/dags/airflow.py                           1           0  0.30s           2025-10-18T21:35:46
================================================================================
[2025-10-18T21:36:29.863+0000] {manager.py:854} INFO - 
================================================================================
DAG File Processing Stats

File Path                     PID    Runtime      # DAGs    # Errors  Last Runtime    Last Run
----------------------------  -----  ---------  --------  ----------  --------------  -------------------
/opt/airflow/dags/airflow.py                           1           0  0.40s           2025-10-18T21:36:17
================================================================================
[2025-10-18T21:36:43.005+0000] {manager.py:726} INFO - Searching for files in /opt/airflow/dags
[2025-10-18T21:36:43.015+0000] {manager.py:729} INFO - There are 1 files in /opt/airflow/dags
[2025-10-18T21:37:00.269+0000] {manager.py:854} INFO - 
================================================================================
DAG File Processing Stats

File Path                     PID    Runtime      # DAGs    # Errors  Last Runtime    Last Run
----------------------------  -----  ---------  --------  ----------  --------------  -------------------
/opt/airflow/dags/airflow.py                           1           0  0.26s           2025-10-18T21:36:47
================================================================================
[2025-10-18T21:37:30.600+0000] {manager.py:854} INFO - 
================================================================================
DAG File Processing Stats

File Path                     PID    Runtime      # DAGs    # Errors  Last Runtime    Last Run
----------------------------  -----  ---------  --------  ----------  --------------  -------------------
/opt/airflow/dags/airflow.py                           1           0  0.23s           2025-10-18T21:37:17
================================================================================
[2025-10-18T21:38:00.929+0000] {manager.py:854} INFO - 
================================================================================
DAG File Processing Stats

File Path                     PID    Runtime      # DAGs    # Errors  Last Runtime    Last Run
----------------------------  -----  ---------  --------  ----------  --------------  -------------------
/opt/airflow/dags/airflow.py                           1           0  0.33s           2025-10-18T21:37:48
================================================================================
[2025-10-18T21:38:31.429+0000] {manager.py:854} INFO - 
================================================================================
DAG File Processing Stats

File Path                     PID    Runtime      # DAGs    # Errors  Last Runtime    Last Run
----------------------------  -----  ---------  --------  ----------  --------------  -------------------
/opt/airflow/dags/airflow.py                           1           0  0.24s           2025-10-18T21:38:18
================================================================================
[2025-10-18T21:39:01.858+0000] {manager.py:854} INFO - 
================================================================================
DAG File Processing Stats

File Path                     PID    Runtime      # DAGs    # Errors  Last Runtime    Last Run
----------------------------  -----  ---------  --------  ----------  --------------  -------------------
/opt/airflow/dags/airflow.py                           1           0  0.23s           2025-10-18T21:38:48
================================================================================
[2025-10-18T21:39:32.243+0000] {manager.py:854} INFO - 
================================================================================
DAG File Processing Stats

File Path                     PID    Runtime      # DAGs    # Errors  Last Runtime    Last Run
----------------------------  -----  ---------  --------  ----------  --------------  -------------------
/opt/airflow/dags/airflow.py                           1           0  0.36s           2025-10-18T21:39:19
================================================================================
[2025-10-18T21:40:02.870+0000] {manager.py:854} INFO - 
================================================================================
DAG File Processing Stats

File Path                     PID    Runtime      # DAGs    # Errors  Last Runtime    Last Run
----------------------------  -----  ---------  --------  ----------  --------------  -------------------
/opt/airflow/dags/airflow.py                           1           0  0.36s           2025-10-18T21:39:50
================================================================================
[2025-10-18T21:40:33.474+0000] {manager.py:854} INFO - 
================================================================================
DAG File Processing Stats

File Path                     PID    Runtime      # DAGs    # Errors  Last Runtime    Last Run
----------------------------  -----  ---------  --------  ----------  --------------  -------------------
/opt/airflow/dags/airflow.py                           1           0  0.33s           2025-10-18T21:40:20
================================================================================
[2025-10-18T21:41:04.015+0000] {manager.py:854} INFO - 
================================================================================
DAG File Processing Stats

File Path                     PID    Runtime      # DAGs    # Errors  Last Runtime    Last Run
----------------------------  -----  ---------  --------  ----------  --------------  -------------------
/opt/airflow/dags/airflow.py                           1           0  0.38s           2025-10-18T21:40:51
================================================================================
[2025-10-18T21:41:34.102+0000] {manager.py:854} INFO - 
================================================================================
DAG File Processing Stats

File Path                     PID    Runtime      # DAGs    # Errors  Last Runtime    Last Run
----------------------------  -----  ---------  --------  ----------  --------------  -------------------
/opt/airflow/dags/airflow.py                           1           0  0.47s           2025-10-18T21:41:22
================================================================================
[2025-10-18T21:41:43.153+0000] {manager.py:726} INFO - Searching for files in /opt/airflow/dags
[2025-10-18T21:41:43.158+0000] {manager.py:729} INFO - There are 1 files in /opt/airflow/dags
[2025-10-18T21:42:04.280+0000] {manager.py:854} INFO - 
================================================================================
DAG File Processing Stats

File Path                     PID    Runtime      # DAGs    # Errors  Last Runtime    Last Run
----------------------------  -----  ---------  --------  ----------  --------------  -------------------
/opt/airflow/dags/airflow.py                           1           0  0.44s           2025-10-18T21:41:52
================================================================================
[2025-10-18T21:42:34.323+0000] {manager.py:854} INFO - 
================================================================================
DAG File Processing Stats

File Path                     PID    Runtime      # DAGs    # Errors  Last Runtime    Last Run
----------------------------  -----  ---------  --------  ----------  --------------  -------------------
/opt/airflow/dags/airflow.py                           1           0  0.41s           2025-10-18T21:42:23
================================================================================
[2025-10-18T21:43:04.527+0000] {manager.py:854} INFO - 
================================================================================
DAG File Processing Stats

File Path                     PID    Runtime      # DAGs    # Errors  Last Runtime    Last Run
----------------------------  -----  ---------  --------  ----------  --------------  -------------------
/opt/airflow/dags/airflow.py                           1           0  0.36s           2025-10-18T21:42:53
================================================================================
[2025-10-18T21:43:35.091+0000] {manager.py:854} INFO - 
================================================================================
DAG File Processing Stats

File Path                     PID    Runtime      # DAGs    # Errors  Last Runtime    Last Run
----------------------------  -----  ---------  --------  ----------  --------------  -------------------
/opt/airflow/dags/airflow.py                           1           0  0.27s           2025-10-18T21:43:24
================================================================================
[2025-10-18T21:44:05.536+0000] {manager.py:854} INFO - 
================================================================================
DAG File Processing Stats

File Path                     PID    Runtime      # DAGs    # Errors  Last Runtime    Last Run
----------------------------  -----  ---------  --------  ----------  --------------  -------------------
/opt/airflow/dags/airflow.py                           1           0  0.53s           2025-10-18T21:43:54
================================================================================
[2025-10-18T21:44:35.736+0000] {manager.py:854} INFO - 
================================================================================
DAG File Processing Stats

File Path                     PID    Runtime      # DAGs    # Errors  Last Runtime    Last Run
----------------------------  -----  ---------  --------  ----------  --------------  -------------------
/opt/airflow/dags/airflow.py                           1           0  0.41s           2025-10-18T21:44:25
================================================================================
[2025-10-18T21:45:05.948+0000] {manager.py:854} INFO - 
================================================================================
DAG File Processing Stats

File Path                     PID    Runtime      # DAGs    # Errors  Last Runtime    Last Run
----------------------------  -----  ---------  --------  ----------  --------------  -------------------
/opt/airflow/dags/airflow.py                           1           0  0.30s           2025-10-18T21:44:56
================================================================================
[2025-10-18T21:45:36.453+0000] {manager.py:854} INFO - 
================================================================================
DAG File Processing Stats

File Path                     PID    Runtime      # DAGs    # Errors  Last Runtime    Last Run
----------------------------  -----  ---------  --------  ----------  --------------  -------------------
/opt/airflow/dags/airflow.py                           1           0  0.22s           2025-10-18T21:45:26
================================================================================
[2025-10-18T21:46:06.871+0000] {manager.py:854} INFO - 
================================================================================
DAG File Processing Stats

File Path                     PID    Runtime      # DAGs    # Errors  Last Runtime    Last Run
----------------------------  -----  ---------  --------  ----------  --------------  -------------------
/opt/airflow/dags/airflow.py                           1           0  0.46s           2025-10-18T21:45:57
================================================================================
[2025-10-18T21:46:37.336+0000] {manager.py:854} INFO - 
================================================================================
DAG File Processing Stats

File Path                     PID    Runtime      # DAGs    # Errors  Last Runtime    Last Run
----------------------------  -----  ---------  --------  ----------  --------------  -------------------
/opt/airflow/dags/airflow.py                           1           0  0.34s           2025-10-18T21:46:27
================================================================================
[2025-10-18T21:46:43.385+0000] {manager.py:726} INFO - Searching for files in /opt/airflow/dags
[2025-10-18T21:46:43.396+0000] {manager.py:729} INFO - There are 1 files in /opt/airflow/dags
[2025-10-18T21:47:07.401+0000] {manager.py:854} INFO - 
================================================================================
DAG File Processing Stats

File Path                     PID    Runtime      # DAGs    # Errors  Last Runtime    Last Run
----------------------------  -----  ---------  --------  ----------  --------------  -------------------
/opt/airflow/dags/airflow.py                           1           0  0.53s           2025-10-18T21:46:58
================================================================================
[2025-10-18T21:47:37.601+0000] {manager.py:854} INFO - 
================================================================================
DAG File Processing Stats

File Path                     PID    Runtime      # DAGs    # Errors  Last Runtime    Last Run
----------------------------  -----  ---------  --------  ----------  --------------  -------------------
/opt/airflow/dags/airflow.py                           1           0  0.31s           2025-10-18T21:47:28
================================================================================
[2025-10-18T21:48:08.068+0000] {manager.py:854} INFO - 
================================================================================
DAG File Processing Stats

File Path                     PID    Runtime      # DAGs    # Errors  Last Runtime    Last Run
----------------------------  -----  ---------  --------  ----------  --------------  -------------------
/opt/airflow/dags/airflow.py                           1           0  0.41s           2025-10-18T21:47:59
================================================================================
[2025-10-18T21:48:38.769+0000] {manager.py:854} INFO - 
================================================================================
DAG File Processing Stats

File Path                     PID    Runtime      # DAGs    # Errors  Last Runtime    Last Run
----------------------------  -----  ---------  --------  ----------  --------------  -------------------
/opt/airflow/dags/airflow.py                           1           0  0.30s           2025-10-18T21:48:29
================================================================================
[2025-10-18T21:49:09.297+0000] {manager.py:854} INFO - 
================================================================================
DAG File Processing Stats

File Path                     PID    Runtime      # DAGs    # Errors  Last Runtime    Last Run
----------------------------  -----  ---------  --------  ----------  --------------  -------------------
/opt/airflow/dags/airflow.py                           1           0  0.33s           2025-10-18T21:49:00
================================================================================
[2025-10-18T21:49:39.809+0000] {manager.py:854} INFO - 
================================================================================
DAG File Processing Stats

File Path                     PID    Runtime      # DAGs    # Errors  Last Runtime    Last Run
----------------------------  -----  ---------  --------  ----------  --------------  -------------------
/opt/airflow/dags/airflow.py                           1           0  0.31s           2025-10-18T21:49:31
================================================================================
[2025-10-18T21:50:10.349+0000] {manager.py:854} INFO - 
================================================================================
DAG File Processing Stats

File Path                     PID    Runtime      # DAGs    # Errors  Last Runtime    Last Run
----------------------------  -----  ---------  --------  ----------  --------------  -------------------
/opt/airflow/dags/airflow.py                           1           0  0.33s           2025-10-18T21:50:01
================================================================================
[2025-10-18T21:50:40.914+0000] {manager.py:854} INFO - 
================================================================================
DAG File Processing Stats

File Path                     PID    Runtime      # DAGs    # Errors  Last Runtime    Last Run
----------------------------  -----  ---------  --------  ----------  --------------  -------------------
/opt/airflow/dags/airflow.py                           1           0  0.45s           2025-10-18T21:50:32
================================================================================
[2025-10-18T21:51:11.590+0000] {manager.py:854} INFO - 
================================================================================
DAG File Processing Stats

File Path                     PID    Runtime      # DAGs    # Errors  Last Runtime    Last Run
----------------------------  -----  ---------  --------  ----------  --------------  -------------------
/opt/airflow/dags/airflow.py                           1           0  0.32s           2025-10-18T21:51:02
================================================================================
[2025-10-18T21:51:42.121+0000] {manager.py:854} INFO - 
================================================================================
DAG File Processing Stats

File Path                     PID    Runtime      # DAGs    # Errors  Last Runtime    Last Run
----------------------------  -----  ---------  --------  ----------  --------------  -------------------
/opt/airflow/dags/airflow.py                           1           0  0.40s           2025-10-18T21:51:33
================================================================================
[2025-10-18T21:51:43.486+0000] {manager.py:726} INFO - Searching for files in /opt/airflow/dags
[2025-10-18T21:51:43.489+0000] {manager.py:729} INFO - There are 1 files in /opt/airflow/dags
[2025-10-18T21:52:12.704+0000] {manager.py:854} INFO - 
================================================================================
DAG File Processing Stats

File Path                     PID    Runtime      # DAGs    # Errors  Last Runtime    Last Run
----------------------------  -----  ---------  --------  ----------  --------------  -------------------
/opt/airflow/dags/airflow.py                           1           0  0.40s           2025-10-18T21:52:04
================================================================================
[2025-10-18T21:52:43.346+0000] {manager.py:854} INFO - 
================================================================================
DAG File Processing Stats

File Path                     PID    Runtime      # DAGs    # Errors  Last Runtime    Last Run
----------------------------  -----  ---------  --------  ----------  --------------  -------------------
/opt/airflow/dags/airflow.py                           1           0  0.28s           2025-10-18T21:52:34
================================================================================
[2025-10-18T21:53:13.855+0000] {manager.py:854} INFO - 
================================================================================
DAG File Processing Stats

File Path                     PID    Runtime      # DAGs    # Errors  Last Runtime    Last Run
----------------------------  -----  ---------  --------  ----------  --------------  -------------------
/opt/airflow/dags/airflow.py                           1           0  0.30s           2025-10-18T21:53:05
================================================================================
[2025-10-18T21:53:44.364+0000] {manager.py:854} INFO - 
================================================================================
DAG File Processing Stats

File Path                     PID    Runtime      # DAGs    # Errors  Last Runtime    Last Run
----------------------------  -----  ---------  --------  ----------  --------------  -------------------
/opt/airflow/dags/airflow.py                           1           0  0.51s           2025-10-18T21:53:35
================================================================================
[2025-10-18T21:54:15.076+0000] {manager.py:854} INFO - 
================================================================================
DAG File Processing Stats

File Path                     PID    Runtime      # DAGs    # Errors  Last Runtime    Last Run
----------------------------  -----  ---------  --------  ----------  --------------  -------------------
/opt/airflow/dags/airflow.py                           1           0  0.29s           2025-10-18T21:54:06
================================================================================
[2025-10-18T21:54:45.602+0000] {manager.py:854} INFO - 
================================================================================
DAG File Processing Stats

File Path                     PID    Runtime      # DAGs    # Errors  Last Runtime    Last Run
----------------------------  -----  ---------  --------  ----------  --------------  -------------------
/opt/airflow/dags/airflow.py                           1           0  0.33s           2025-10-18T21:54:36
================================================================================
[2025-10-18T21:55:16.133+0000] {manager.py:854} INFO - 
================================================================================
DAG File Processing Stats

File Path                     PID    Runtime      # DAGs    # Errors  Last Runtime    Last Run
----------------------------  -----  ---------  --------  ----------  --------------  -------------------
/opt/airflow/dags/airflow.py                           1           0  0.31s           2025-10-18T21:55:07
================================================================================
[2025-10-18T21:55:46.638+0000] {manager.py:854} INFO - 
================================================================================
DAG File Processing Stats

File Path                     PID    Runtime      # DAGs    # Errors  Last Runtime    Last Run
----------------------------  -----  ---------  --------  ----------  --------------  -------------------
/opt/airflow/dags/airflow.py                           1           0  0.32s           2025-10-18T21:55:37
================================================================================
[2025-10-18T21:56:17.162+0000] {manager.py:854} INFO - 
================================================================================
DAG File Processing Stats

File Path                     PID    Runtime      # DAGs    # Errors  Last Runtime    Last Run
----------------------------  -----  ---------  --------  ----------  --------------  -------------------
/opt/airflow/dags/airflow.py                           1           0  0.24s           2025-10-18T21:56:08
================================================================================
[2025-10-18T21:56:43.562+0000] {manager.py:726} INFO - Searching for files in /opt/airflow/dags
[2025-10-18T21:56:43.566+0000] {manager.py:729} INFO - There are 1 files in /opt/airflow/dags
[2025-10-18T21:56:47.590+0000] {manager.py:854} INFO - 
================================================================================
DAG File Processing Stats

File Path                     PID    Runtime      # DAGs    # Errors  Last Runtime    Last Run
----------------------------  -----  ---------  --------  ----------  --------------  -------------------
/opt/airflow/dags/airflow.py                           1           0  0.42s           2025-10-18T21:56:38
================================================================================
[2025-10-18T21:57:18.026+0000] {manager.py:854} INFO - 
================================================================================
DAG File Processing Stats

File Path                     PID    Runtime      # DAGs    # Errors  Last Runtime    Last Run
----------------------------  -----  ---------  --------  ----------  --------------  -------------------
/opt/airflow/dags/airflow.py                           1           0  0.35s           2025-10-18T21:57:09
================================================================================
[2025-10-18T21:57:48.623+0000] {manager.py:854} INFO - 
================================================================================
DAG File Processing Stats

File Path                     PID    Runtime      # DAGs    # Errors  Last Runtime    Last Run
----------------------------  -----  ---------  --------  ----------  --------------  -------------------
/opt/airflow/dags/airflow.py                           1           0  0.29s           2025-10-18T21:57:39
================================================================================
[2025-10-18T21:58:19.117+0000] {manager.py:854} INFO - 
================================================================================
DAG File Processing Stats

File Path                     PID    Runtime      # DAGs    # Errors  Last Runtime    Last Run
----------------------------  -----  ---------  --------  ----------  --------------  -------------------
/opt/airflow/dags/airflow.py                           1           0  0.44s           2025-10-18T21:58:10
================================================================================
[2025-10-18T21:58:49.792+0000] {manager.py:854} INFO - 
================================================================================
DAG File Processing Stats

File Path                     PID    Runtime      # DAGs    # Errors  Last Runtime    Last Run
----------------------------  -----  ---------  --------  ----------  --------------  -------------------
/opt/airflow/dags/airflow.py                           1           0  0.29s           2025-10-18T21:58:40
================================================================================
[2025-10-18T21:59:20.310+0000] {manager.py:854} INFO - 
================================================================================
DAG File Processing Stats

File Path                     PID    Runtime      # DAGs    # Errors  Last Runtime    Last Run
----------------------------  -----  ---------  --------  ----------  --------------  -------------------
/opt/airflow/dags/airflow.py                           1           0  0.27s           2025-10-18T21:59:11
================================================================================
[2025-10-18T21:59:50.730+0000] {manager.py:854} INFO - 
================================================================================
DAG File Processing Stats

File Path                     PID    Runtime      # DAGs    # Errors  Last Runtime    Last Run
----------------------------  -----  ---------  --------  ----------  --------------  -------------------
/opt/airflow/dags/airflow.py                           1           0  0.41s           2025-10-18T21:59:42
================================================================================
[2025-10-18T22:00:20.831+0000] {manager.py:854} INFO - 
================================================================================
DAG File Processing Stats

File Path                     PID    Runtime      # DAGs    # Errors  Last Runtime    Last Run
----------------------------  -----  ---------  --------  ----------  --------------  -------------------
/opt/airflow/dags/airflow.py                           1           0  0.48s           2025-10-18T22:00:12
================================================================================
[2025-10-18T22:00:51.084+0000] {manager.py:854} INFO - 
================================================================================
DAG File Processing Stats

File Path                     PID    Runtime      # DAGs    # Errors  Last Runtime    Last Run
----------------------------  -----  ---------  --------  ----------  --------------  -------------------
/opt/airflow/dags/airflow.py                           1           0  0.25s           2025-10-18T22:00:43
================================================================================
[2025-10-18T22:01:21.552+0000] {manager.py:854} INFO - 
================================================================================
DAG File Processing Stats

File Path                     PID    Runtime      # DAGs    # Errors  Last Runtime    Last Run
----------------------------  -----  ---------  --------  ----------  --------------  -------------------
/opt/airflow/dags/airflow.py                           1           0  0.37s           2025-10-18T22:01:13
================================================================================
[2025-10-18T22:01:43.645+0000] {manager.py:726} INFO - Searching for files in /opt/airflow/dags
[2025-10-18T22:01:43.651+0000] {manager.py:729} INFO - There are 1 files in /opt/airflow/dags
[2025-10-18T22:01:52.204+0000] {manager.py:854} INFO - 
================================================================================
DAG File Processing Stats

File Path                     PID    Runtime      # DAGs    # Errors  Last Runtime    Last Run
----------------------------  -----  ---------  --------  ----------  --------------  -------------------
/opt/airflow/dags/airflow.py                           1           0  0.31s           2025-10-18T22:01:44
================================================================================
[2025-10-18T22:02:22.761+0000] {manager.py:854} INFO - 
================================================================================
DAG File Processing Stats

File Path                     PID    Runtime      # DAGs    # Errors  Last Runtime    Last Run
----------------------------  -----  ---------  --------  ----------  --------------  -------------------
/opt/airflow/dags/airflow.py                           1           0  0.30s           2025-10-18T22:02:14
================================================================================
[2025-10-18T22:02:53.199+0000] {manager.py:854} INFO - 
================================================================================
DAG File Processing Stats

File Path                     PID    Runtime      # DAGs    # Errors  Last Runtime    Last Run
----------------------------  -----  ---------  --------  ----------  --------------  -------------------
/opt/airflow/dags/airflow.py                           1           0  0.34s           2025-10-18T22:02:45
================================================================================
[2025-10-18T22:03:23.776+0000] {manager.py:854} INFO - 
================================================================================
DAG File Processing Stats

File Path                     PID    Runtime      # DAGs    # Errors  Last Runtime    Last Run
----------------------------  -----  ---------  --------  ----------  --------------  -------------------
/opt/airflow/dags/airflow.py                           1           0  0.42s           2025-10-18T22:03:16
================================================================================
[2025-10-18T22:03:54.426+0000] {manager.py:854} INFO - 
================================================================================
DAG File Processing Stats

File Path                     PID    Runtime      # DAGs    # Errors  Last Runtime    Last Run
----------------------------  -----  ---------  --------  ----------  --------------  -------------------
/opt/airflow/dags/airflow.py                           1           0  0.34s           2025-10-18T22:03:46
================================================================================
[2025-10-18T22:04:24.925+0000] {manager.py:854} INFO - 
================================================================================
DAG File Processing Stats

File Path                     PID    Runtime      # DAGs    # Errors  Last Runtime    Last Run
----------------------------  -----  ---------  --------  ----------  --------------  -------------------
/opt/airflow/dags/airflow.py                           1           0  0.32s           2025-10-18T22:04:17
================================================================================
[2025-10-18T22:04:55.454+0000] {manager.py:854} INFO - 
================================================================================
DAG File Processing Stats

File Path                     PID    Runtime      # DAGs    # Errors  Last Runtime    Last Run
----------------------------  -----  ---------  --------  ----------  --------------  -------------------
/opt/airflow/dags/airflow.py                           1           0  0.24s           2025-10-18T22:04:47
================================================================================
[2025-10-18T22:05:25.892+0000] {manager.py:854} INFO - 
================================================================================
DAG File Processing Stats

File Path                     PID    Runtime      # DAGs    # Errors  Last Runtime    Last Run
----------------------------  -----  ---------  --------  ----------  --------------  -------------------
/opt/airflow/dags/airflow.py                           1           0  0.24s           2025-10-18T22:05:17
================================================================================
[2025-10-18T22:05:56.161+0000] {manager.py:854} INFO - 
================================================================================
DAG File Processing Stats

File Path                     PID    Runtime      # DAGs    # Errors  Last Runtime    Last Run
----------------------------  -----  ---------  --------  ----------  --------------  -------------------
/opt/airflow/dags/airflow.py                           1           0  0.24s           2025-10-18T22:05:48
================================================================================
[2025-10-18T22:06:26.545+0000] {manager.py:854} INFO - 
================================================================================
DAG File Processing Stats

File Path                     PID    Runtime      # DAGs    # Errors  Last Runtime    Last Run
----------------------------  -----  ---------  --------  ----------  --------------  -------------------
/opt/airflow/dags/airflow.py                           1           0  0.45s           2025-10-18T22:06:18
================================================================================
[2025-10-18T22:06:43.707+0000] {manager.py:726} INFO - Searching for files in /opt/airflow/dags
[2025-10-18T22:06:43.716+0000] {manager.py:729} INFO - There are 1 files in /opt/airflow/dags
[2025-10-18T22:06:57.003+0000] {manager.py:854} INFO - 
================================================================================
DAG File Processing Stats

File Path                     PID    Runtime      # DAGs    # Errors  Last Runtime    Last Run
----------------------------  -----  ---------  --------  ----------  --------------  -------------------
/opt/airflow/dags/airflow.py                           1           0  0.32s           2025-10-18T22:06:49
================================================================================
[2025-10-18T22:07:27.521+0000] {manager.py:854} INFO - 
================================================================================
DAG File Processing Stats

File Path                     PID    Runtime      # DAGs    # Errors  Last Runtime    Last Run
----------------------------  -----  ---------  --------  ----------  --------------  -------------------
/opt/airflow/dags/airflow.py                           1           0  0.23s           2025-10-18T22:07:19
================================================================================
[2025-10-18T22:07:57.956+0000] {manager.py:854} INFO - 
================================================================================
DAG File Processing Stats

File Path                     PID    Runtime      # DAGs    # Errors  Last Runtime    Last Run
----------------------------  -----  ---------  --------  ----------  --------------  -------------------
/opt/airflow/dags/airflow.py                           1           0  0.33s           2025-10-18T22:07:50
================================================================================
[2025-10-18T22:08:28.220+0000] {manager.py:854} INFO - 
================================================================================
DAG File Processing Stats

File Path                     PID    Runtime      # DAGs    # Errors  Last Runtime    Last Run
----------------------------  -----  ---------  --------  ----------  --------------  -------------------
/opt/airflow/dags/airflow.py                           1           0  0.25s           2025-10-18T22:08:20
================================================================================
[2025-10-18T22:08:58.608+0000] {manager.py:854} INFO - 
================================================================================
DAG File Processing Stats

File Path                     PID    Runtime      # DAGs    # Errors  Last Runtime    Last Run
----------------------------  -----  ---------  --------  ----------  --------------  -------------------
/opt/airflow/dags/airflow.py                           1           0  0.23s           2025-10-18T22:08:50
================================================================================
[2025-10-18T22:09:28.908+0000] {manager.py:854} INFO - 
================================================================================
DAG File Processing Stats

File Path                     PID    Runtime      # DAGs    # Errors  Last Runtime    Last Run
----------------------------  -----  ---------  --------  ----------  --------------  -------------------
/opt/airflow/dags/airflow.py                           1           0  0.51s           2025-10-18T22:09:21
================================================================================
[2025-10-18T22:09:59.538+0000] {manager.py:854} INFO - 
================================================================================
DAG File Processing Stats

File Path                     PID    Runtime      # DAGs    # Errors  Last Runtime    Last Run
----------------------------  -----  ---------  --------  ----------  --------------  -------------------
/opt/airflow/dags/airflow.py                           1           0  0.32s           2025-10-18T22:09:51
================================================================================
[2025-10-18T22:10:29.998+0000] {manager.py:854} INFO - 
================================================================================
DAG File Processing Stats

File Path                     PID    Runtime      # DAGs    # Errors  Last Runtime    Last Run
----------------------------  -----  ---------  --------  ----------  --------------  -------------------
/opt/airflow/dags/airflow.py                           1           0  0.22s           2025-10-18T22:10:22
================================================================================
[2025-10-18T22:11:00.410+0000] {manager.py:854} INFO - 
================================================================================
DAG File Processing Stats

File Path                     PID    Runtime      # DAGs    # Errors  Last Runtime    Last Run
----------------------------  -----  ---------  --------  ----------  --------------  -------------------
/opt/airflow/dags/airflow.py                           1           0  0.21s           2025-10-18T22:10:52
================================================================================
[2025-10-18T22:11:30.812+0000] {manager.py:854} INFO - 
================================================================================
DAG File Processing Stats

File Path                     PID    Runtime      # DAGs    # Errors  Last Runtime    Last Run
----------------------------  -----  ---------  --------  ----------  --------------  -------------------
/opt/airflow/dags/airflow.py                           1           0  0.26s           2025-10-18T22:11:22
================================================================================
[2025-10-18T22:11:43.918+0000] {manager.py:726} INFO - Searching for files in /opt/airflow/dags
[2025-10-18T22:11:43.924+0000] {manager.py:729} INFO - There are 1 files in /opt/airflow/dags
[2025-10-18T22:12:01.090+0000] {manager.py:854} INFO - 
================================================================================
DAG File Processing Stats

File Path                     PID    Runtime      # DAGs    # Errors  Last Runtime    Last Run
----------------------------  -----  ---------  --------  ----------  --------------  -------------------
/opt/airflow/dags/airflow.py                           1           0  0.23s           2025-10-18T22:11:53
================================================================================
[2025-10-18T22:12:31.479+0000] {manager.py:854} INFO - 
================================================================================
DAG File Processing Stats

File Path                     PID    Runtime      # DAGs    # Errors  Last Runtime    Last Run
----------------------------  -----  ---------  --------  ----------  --------------  -------------------
/opt/airflow/dags/airflow.py                           1           0  0.35s           2025-10-18T22:12:23
================================================================================
[2025-10-18T22:13:01.871+0000] {manager.py:854} INFO - 
================================================================================
DAG File Processing Stats

File Path                     PID    Runtime      # DAGs    # Errors  Last Runtime    Last Run
----------------------------  -----  ---------  --------  ----------  --------------  -------------------
/opt/airflow/dags/airflow.py                           1           0  0.63s           2025-10-18T22:12:54
================================================================================
[2025-10-18T22:13:32.047+0000] {manager.py:854} INFO - 
================================================================================
DAG File Processing Stats

File Path                     PID    Runtime      # DAGs    # Errors  Last Runtime    Last Run
----------------------------  -----  ---------  --------  ----------  --------------  -------------------
/opt/airflow/dags/airflow.py                           1           0  0.52s           2025-10-18T22:13:25
================================================================================
[2025-10-18T22:14:02.246+0000] {manager.py:854} INFO - 
================================================================================
DAG File Processing Stats

File Path                     PID    Runtime      # DAGs    # Errors  Last Runtime    Last Run
----------------------------  -----  ---------  --------  ----------  --------------  -------------------
/opt/airflow/dags/airflow.py                           1           0  0.21s           2025-10-18T22:13:55
================================================================================
[2025-10-18T22:14:32.693+0000] {manager.py:854} INFO - 
================================================================================
DAG File Processing Stats

File Path                     PID    Runtime      # DAGs    # Errors  Last Runtime    Last Run
----------------------------  -----  ---------  --------  ----------  --------------  -------------------
/opt/airflow/dags/airflow.py                           1           0  0.56s           2025-10-18T22:14:26
================================================================================
[2025-10-18T22:15:02.769+0000] {manager.py:854} INFO - 
================================================================================
DAG File Processing Stats

File Path                     PID    Runtime      # DAGs    # Errors  Last Runtime    Last Run
----------------------------  -----  ---------  --------  ----------  --------------  -------------------
/opt/airflow/dags/airflow.py                           1           0  0.43s           2025-10-18T22:14:56
================================================================================
[2025-10-18T22:15:32.943+0000] {manager.py:854} INFO - 
================================================================================
DAG File Processing Stats

File Path                     PID    Runtime      # DAGs    # Errors  Last Runtime    Last Run
----------------------------  -----  ---------  --------  ----------  --------------  -------------------
/opt/airflow/dags/airflow.py                           1           0  0.29s           2025-10-18T22:15:27
================================================================================
[2025-10-18T22:16:03.451+0000] {manager.py:854} INFO - 
================================================================================
DAG File Processing Stats

File Path                     PID    Runtime      # DAGs    # Errors  Last Runtime    Last Run
----------------------------  -----  ---------  --------  ----------  --------------  -------------------
/opt/airflow/dags/airflow.py                           1           0  0.48s           2025-10-18T22:15:57
================================================================================
[2025-10-18T22:16:34.102+0000] {manager.py:854} INFO - 
================================================================================
DAG File Processing Stats

File Path                     PID    Runtime      # DAGs    # Errors  Last Runtime    Last Run
----------------------------  -----  ---------  --------  ----------  --------------  -------------------
/opt/airflow/dags/airflow.py                           1           0  0.35s           2025-10-18T22:16:28
================================================================================
[2025-10-18T22:16:44.153+0000] {manager.py:726} INFO - Searching for files in /opt/airflow/dags
[2025-10-18T22:16:44.159+0000] {manager.py:729} INFO - There are 1 files in /opt/airflow/dags
[2025-10-18T22:17:04.625+0000] {manager.py:854} INFO - 
================================================================================
DAG File Processing Stats

File Path                     PID    Runtime      # DAGs    # Errors  Last Runtime    Last Run
----------------------------  -----  ---------  --------  ----------  --------------  -------------------
/opt/airflow/dags/airflow.py                           1           0  0.35s           2025-10-18T22:16:58
================================================================================
[2025-10-18T22:17:35.193+0000] {manager.py:854} INFO - 
================================================================================
DAG File Processing Stats

File Path                     PID    Runtime      # DAGs    # Errors  Last Runtime    Last Run
----------------------------  -----  ---------  --------  ----------  --------------  -------------------
/opt/airflow/dags/airflow.py                           1           0  0.24s           2025-10-18T22:17:29
================================================================================
[2025-10-18T22:18:05.613+0000] {manager.py:854} INFO - 
================================================================================
DAG File Processing Stats

File Path                     PID    Runtime      # DAGs    # Errors  Last Runtime    Last Run
----------------------------  -----  ---------  --------  ----------  --------------  -------------------
/opt/airflow/dags/airflow.py                           1           0  0.27s           2025-10-18T22:17:59
================================================================================
[2025-10-18T22:18:36.138+0000] {manager.py:854} INFO - 
================================================================================
DAG File Processing Stats

File Path                     PID    Runtime      # DAGs    # Errors  Last Runtime    Last Run
----------------------------  -----  ---------  --------  ----------  --------------  -------------------
/opt/airflow/dags/airflow.py                           1           0  0.28s           2025-10-18T22:18:30
================================================================================
[2025-10-18T22:19:06.609+0000] {manager.py:854} INFO - 
================================================================================
DAG File Processing Stats

File Path                     PID    Runtime      # DAGs    # Errors  Last Runtime    Last Run
----------------------------  -----  ---------  --------  ----------  --------------  -------------------
/opt/airflow/dags/airflow.py                           1           0  0.49s           2025-10-18T22:19:01
================================================================================
[2025-10-18T22:19:36.748+0000] {manager.py:854} INFO - 
================================================================================
DAG File Processing Stats

File Path                     PID    Runtime      # DAGs    # Errors  Last Runtime    Last Run
----------------------------  -----  ---------  --------  ----------  --------------  -------------------
/opt/airflow/dags/airflow.py                           1           0  0.42s           2025-10-18T22:19:31
================================================================================
[2025-10-18T22:20:06.890+0000] {manager.py:854} INFO - 
================================================================================
DAG File Processing Stats

File Path                     PID    Runtime      # DAGs    # Errors  Last Runtime    Last Run
----------------------------  -----  ---------  --------  ----------  --------------  -------------------
/opt/airflow/dags/airflow.py                           1           0  0.31s           2025-10-18T22:20:02
================================================================================
[2025-10-18T22:20:37.437+0000] {manager.py:854} INFO - 
================================================================================
DAG File Processing Stats

File Path                     PID    Runtime      # DAGs    # Errors  Last Runtime    Last Run
----------------------------  -----  ---------  --------  ----------  --------------  -------------------
/opt/airflow/dags/airflow.py                           1           0  0.22s           2025-10-18T22:20:32
================================================================================
[2025-10-18T22:21:07.827+0000] {manager.py:854} INFO - 
================================================================================
DAG File Processing Stats

File Path                     PID    Runtime      # DAGs    # Errors  Last Runtime    Last Run
----------------------------  -----  ---------  --------  ----------  --------------  -------------------
/opt/airflow/dags/airflow.py                           1           0  0.31s           2025-10-18T22:21:02
================================================================================
[2025-10-18T22:21:38.192+0000] {manager.py:854} INFO - 
================================================================================
DAG File Processing Stats

File Path                     PID    Runtime      # DAGs    # Errors  Last Runtime    Last Run
----------------------------  -----  ---------  --------  ----------  --------------  -------------------
/opt/airflow/dags/airflow.py                           1           0  0.23s           2025-10-18T22:21:33
================================================================================
[2025-10-18T22:21:44.228+0000] {manager.py:726} INFO - Searching for files in /opt/airflow/dags
[2025-10-18T22:21:44.233+0000] {manager.py:729} INFO - There are 1 files in /opt/airflow/dags
[2025-10-18T22:22:08.466+0000] {manager.py:854} INFO - 
================================================================================
DAG File Processing Stats

File Path                     PID    Runtime      # DAGs    # Errors  Last Runtime    Last Run
----------------------------  -----  ---------  --------  ----------  --------------  -------------------
/opt/airflow/dags/airflow.py                           1           0  0.40s           2025-10-18T22:22:03
================================================================================
[2025-10-18T22:22:38.935+0000] {manager.py:854} INFO - 
================================================================================
DAG File Processing Stats

File Path                     PID    Runtime      # DAGs    # Errors  Last Runtime    Last Run
----------------------------  -----  ---------  --------  ----------  --------------  -------------------
/opt/airflow/dags/airflow.py                           1           0  0.30s           2025-10-18T22:22:34
================================================================================
[2025-10-18T22:23:09.521+0000] {manager.py:854} INFO - 
================================================================================
DAG File Processing Stats

File Path                     PID    Runtime      # DAGs    # Errors  Last Runtime    Last Run
----------------------------  -----  ---------  --------  ----------  --------------  -------------------
/opt/airflow/dags/airflow.py                           1           0  0.34s           2025-10-18T22:23:04
================================================================================
[2025-10-18T22:23:40.125+0000] {manager.py:854} INFO - 
================================================================================
DAG File Processing Stats

File Path                     PID    Runtime      # DAGs    # Errors  Last Runtime    Last Run
----------------------------  -----  ---------  --------  ----------  --------------  -------------------
/opt/airflow/dags/airflow.py                           1           0  0.35s           2025-10-18T22:23:35
================================================================================
[2025-10-18T22:24:10.660+0000] {manager.py:854} INFO - 
================================================================================
DAG File Processing Stats

File Path                     PID    Runtime      # DAGs    # Errors  Last Runtime    Last Run
----------------------------  -----  ---------  --------  ----------  --------------  -------------------
/opt/airflow/dags/airflow.py                           1           0  0.23s           2025-10-18T22:24:05
================================================================================
[2025-10-18T22:24:40.806+0000] {manager.py:854} INFO - 
================================================================================
DAG File Processing Stats

File Path                     PID    Runtime      # DAGs    # Errors  Last Runtime    Last Run
----------------------------  -----  ---------  --------  ----------  --------------  -------------------
/opt/airflow/dags/airflow.py                           1           0  0.55s           2025-10-18T22:24:36
================================================================================
[2025-10-18T22:42:23.468+0000] {manager.py:726} INFO - Searching for files in /opt/airflow/dags
[2025-10-18T22:42:23.925+0000] {manager.py:729} INFO - There are 1 files in /opt/airflow/dags
[2025-10-18T22:42:43.425+0000] {manager.py:854} INFO - 
================================================================================
DAG File Processing Stats

File Path                     PID    Runtime      # DAGs    # Errors  Last Runtime    Last Run
----------------------------  -----  ---------  --------  ----------  --------------  -------------------
/opt/airflow/dags/airflow.py                           1           0  3.40s           2025-10-18T22:42:28
================================================================================
[2025-10-18T23:15:12.805+0000] {manager.py:726} INFO - Searching for files in /opt/airflow/dags
[2025-10-18T23:15:12.810+0000] {manager.py:729} INFO - There are 1 files in /opt/airflow/dags
[2025-10-18T23:15:33.021+0000] {manager.py:854} INFO - 
================================================================================
DAG File Processing Stats

File Path                     PID    Runtime      # DAGs    # Errors  Last Runtime    Last Run
----------------------------  -----  ---------  --------  ----------  --------------  -------------------
/opt/airflow/dags/airflow.py                           1           0  0.72s           2025-10-18T23:15:13
================================================================================
[2025-10-18T23:16:03.239+0000] {manager.py:854} INFO - 
================================================================================
DAG File Processing Stats

File Path                     PID    Runtime      # DAGs    # Errors  Last Runtime    Last Run
----------------------------  -----  ---------  --------  ----------  --------------  -------------------
/opt/airflow/dags/airflow.py                           1           0  0.52s           2025-10-18T23:15:44
================================================================================
[2025-10-18T23:16:33.682+0000] {manager.py:854} INFO - 
================================================================================
DAG File Processing Stats

File Path                     PID    Runtime      # DAGs    # Errors  Last Runtime    Last Run
----------------------------  -----  ---------  --------  ----------  --------------  -------------------
/opt/airflow/dags/airflow.py                           1           0  0.47s           2025-10-18T23:16:14
================================================================================
[2025-10-18T23:17:04.172+0000] {manager.py:854} INFO - 
================================================================================
DAG File Processing Stats

File Path                     PID    Runtime      # DAGs    # Errors  Last Runtime    Last Run
----------------------------  -----  ---------  --------  ----------  --------------  -------------------
/opt/airflow/dags/airflow.py                           1           0  0.29s           2025-10-18T23:16:45
================================================================================
[2025-10-18T23:17:34.614+0000] {manager.py:854} INFO - 
================================================================================
DAG File Processing Stats

File Path                     PID    Runtime      # DAGs    # Errors  Last Runtime    Last Run
----------------------------  -----  ---------  --------  ----------  --------------  -------------------
/opt/airflow/dags/airflow.py                           1           0  0.32s           2025-10-18T23:17:15
================================================================================
[2025-10-18T23:18:05.129+0000] {manager.py:854} INFO - 
================================================================================
DAG File Processing Stats

File Path                     PID    Runtime      # DAGs    # Errors  Last Runtime    Last Run
----------------------------  -----  ---------  --------  ----------  --------------  -------------------
/opt/airflow/dags/airflow.py                           1           0  0.35s           2025-10-18T23:17:46
================================================================================
[2025-10-19T15:22:55.668+0000] {manager.py:483} INFO - Processing files using up to 2 processes at a time 
[2025-10-19T15:22:55.672+0000] {manager.py:484} INFO - Process each file at most once every 30 seconds
[2025-10-19T15:22:55.673+0000] {manager.py:486} INFO - Checking for new files in /opt/airflow/dags every 300 seconds
[2025-10-19T15:22:55.673+0000] {manager.py:726} INFO - Searching for files in /opt/airflow/dags
[2025-10-19T15:22:55.678+0000] {manager.py:729} INFO - There are 1 files in /opt/airflow/dags
[2025-10-19T15:23:13.890+0000] {manager.py:854} INFO - 
================================================================================
DAG File Processing Stats

File Path                     PID    Runtime      # DAGs    # Errors  Last Runtime    Last Run
----------------------------  -----  ---------  --------  ----------  --------------  -------------------
/opt/airflow/dags/airflow.py                           0           1  1.38s           2025-10-19T15:22:57
================================================================================
[2025-10-19T15:23:28.797+0000] {manager.py:465} INFO - Exiting gracefully upon receiving signal 15
[2025-10-19T15:24:17.361+0000] {manager.py:483} INFO - Processing files using up to 2 processes at a time 
[2025-10-19T15:24:17.364+0000] {manager.py:484} INFO - Process each file at most once every 30 seconds
[2025-10-19T15:24:17.364+0000] {manager.py:486} INFO - Checking for new files in /opt/airflow/dags every 300 seconds
[2025-10-19T15:24:17.364+0000] {manager.py:726} INFO - Searching for files in /opt/airflow/dags
[2025-10-19T15:24:17.369+0000] {manager.py:729} INFO - There are 1 files in /opt/airflow/dags
[2025-10-19T15:24:17.416+0000] {manager.py:854} INFO - 
================================================================================
DAG File Processing Stats

File Path                       PID  Runtime      # DAGs    # Errors  Last Runtime    Last Run
----------------------------  -----  ---------  --------  ----------  --------------  ----------
/opt/airflow/dags/airflow.py     65  0.02s             0           0
================================================================================
[2025-10-19T15:24:47.585+0000] {manager.py:854} INFO - 
================================================================================
DAG File Processing Stats

File Path                     PID    Runtime      # DAGs    # Errors  Last Runtime    Last Run
----------------------------  -----  ---------  --------  ----------  --------------  -------------------
/opt/airflow/dags/airflow.py                           0           1  0.26s           2025-10-19T15:24:17
================================================================================
[2025-10-19T15:25:18.065+0000] {manager.py:520} INFO - DAG iris_training_pipeline is missing and will be deactivated.
[2025-10-19T15:25:18.073+0000] {manager.py:530} INFO - Deactivated 1 DAGs which are no longer present in file.
[2025-10-19T15:25:18.075+0000] {manager.py:534} INFO - Deleted DAG iris_training_pipeline in serialized_dag table
[2025-10-19T15:25:18.078+0000] {manager.py:854} INFO - 
================================================================================
DAG File Processing Stats

File Path                     PID    Runtime      # DAGs    # Errors  Last Runtime    Last Run
----------------------------  -----  ---------  --------  ----------  --------------  -------------------
/opt/airflow/dags/airflow.py                           0           1  0.26s           2025-10-19T15:24:48
================================================================================
[2025-10-19T15:25:48.589+0000] {manager.py:854} INFO - 
================================================================================
DAG File Processing Stats

File Path                     PID    Runtime      # DAGs    # Errors  Last Runtime    Last Run
----------------------------  -----  ---------  --------  ----------  --------------  -------------------
/opt/airflow/dags/airflow.py                           0           1  0.35s           2025-10-19T15:25:18
================================================================================
[2025-10-19T15:26:19.149+0000] {manager.py:854} INFO - 
================================================================================
DAG File Processing Stats

File Path                     PID    Runtime      # DAGs    # Errors  Last Runtime    Last Run
----------------------------  -----  ---------  --------  ----------  --------------  -------------------
/opt/airflow/dags/airflow.py                           0           1  0.30s           2025-10-19T15:25:49
================================================================================
[2025-10-19T15:26:49.682+0000] {manager.py:854} INFO - 
================================================================================
DAG File Processing Stats

File Path                     PID    Runtime      # DAGs    # Errors  Last Runtime    Last Run
----------------------------  -----  ---------  --------  ----------  --------------  -------------------
/opt/airflow/dags/airflow.py                           0           1  0.32s           2025-10-19T15:26:19
================================================================================
[2025-10-19T15:27:20.126+0000] {manager.py:854} INFO - 
================================================================================
DAG File Processing Stats

File Path                     PID    Runtime      # DAGs    # Errors  Last Runtime    Last Run
----------------------------  -----  ---------  --------  ----------  --------------  -------------------
/opt/airflow/dags/airflow.py                           0           1  0.37s           2025-10-19T15:26:50
================================================================================
[2025-10-19T15:27:50.762+0000] {manager.py:854} INFO - 
================================================================================
DAG File Processing Stats

File Path                     PID    Runtime      # DAGs    # Errors  Last Runtime    Last Run
----------------------------  -----  ---------  --------  ----------  --------------  -------------------
/opt/airflow/dags/airflow.py                           0           1  0.32s           2025-10-19T15:27:20
================================================================================
[2025-10-19T15:28:21.269+0000] {manager.py:854} INFO - 
================================================================================
DAG File Processing Stats

File Path                     PID    Runtime      # DAGs    # Errors  Last Runtime    Last Run
----------------------------  -----  ---------  --------  ----------  --------------  -------------------
/opt/airflow/dags/airflow.py                           0           1  0.27s           2025-10-19T15:27:51
================================================================================
[2025-10-19T15:28:51.688+0000] {manager.py:854} INFO - 
================================================================================
DAG File Processing Stats

File Path                     PID    Runtime      # DAGs    # Errors  Last Runtime    Last Run
----------------------------  -----  ---------  --------  ----------  --------------  -------------------
/opt/airflow/dags/airflow.py                           0           1  0.24s           2025-10-19T15:28:21
================================================================================
[2025-10-19T15:29:18.040+0000] {manager.py:726} INFO - Searching for files in /opt/airflow/dags
[2025-10-19T15:29:18.053+0000] {manager.py:729} INFO - There are 1 files in /opt/airflow/dags
[2025-10-19T15:29:22.086+0000] {manager.py:854} INFO - 
================================================================================
DAG File Processing Stats

File Path                     PID    Runtime      # DAGs    # Errors  Last Runtime    Last Run
----------------------------  -----  ---------  --------  ----------  --------------  -------------------
/opt/airflow/dags/airflow.py                           0           1  0.22s           2025-10-19T15:28:52
================================================================================
[2025-10-19T15:29:52.600+0000] {manager.py:854} INFO - 
================================================================================
DAG File Processing Stats

File Path                     PID    Runtime      # DAGs    # Errors  Last Runtime    Last Run
----------------------------  -----  ---------  --------  ----------  --------------  -------------------
/opt/airflow/dags/airflow.py                           0           1  0.28s           2025-10-19T15:29:22
================================================================================
[2025-10-19T15:30:23.094+0000] {manager.py:854} INFO - 
================================================================================
DAG File Processing Stats

File Path                     PID    Runtime      # DAGs    # Errors  Last Runtime    Last Run
----------------------------  -----  ---------  --------  ----------  --------------  -------------------
/opt/airflow/dags/airflow.py                           0           1  0.28s           2025-10-19T15:29:53
================================================================================
[2025-10-19T15:32:16.982+0000] {manager.py:483} INFO - Processing files using up to 2 processes at a time 
[2025-10-19T15:32:16.984+0000] {manager.py:484} INFO - Process each file at most once every 30 seconds
[2025-10-19T15:32:16.984+0000] {manager.py:486} INFO - Checking for new files in /opt/airflow/dags every 300 seconds
[2025-10-19T15:32:16.984+0000] {manager.py:726} INFO - Searching for files in /opt/airflow/dags
[2025-10-19T15:32:16.986+0000] {manager.py:729} INFO - There are 1 files in /opt/airflow/dags
[2025-10-19T15:32:17.033+0000] {manager.py:854} INFO - 
================================================================================
DAG File Processing Stats

File Path                       PID  Runtime      # DAGs    # Errors  Last Runtime    Last Run
----------------------------  -----  ---------  --------  ----------  --------------  ----------
/opt/airflow/dags/airflow.py     65  0.02s             0           0
================================================================================
[2025-10-19T15:32:47.212+0000] {manager.py:854} INFO - 
================================================================================
DAG File Processing Stats

File Path                     PID    Runtime      # DAGs    # Errors  Last Runtime    Last Run
----------------------------  -----  ---------  --------  ----------  --------------  -------------------
/opt/airflow/dags/airflow.py                           1           0  0.37s           2025-10-19T15:32:17
================================================================================
[2025-10-19T15:33:17.844+0000] {manager.py:854} INFO - 
================================================================================
DAG File Processing Stats

File Path                     PID    Runtime      # DAGs    # Errors  Last Runtime    Last Run
----------------------------  -----  ---------  --------  ----------  --------------  -------------------
/opt/airflow/dags/airflow.py                           1           0  0.34s           2025-10-19T15:32:47
================================================================================
[2025-10-19T15:33:48.413+0000] {manager.py:854} INFO - 
================================================================================
DAG File Processing Stats

File Path                     PID    Runtime      # DAGs    # Errors  Last Runtime    Last Run
----------------------------  -----  ---------  --------  ----------  --------------  -------------------
/opt/airflow/dags/airflow.py                           1           0  0.32s           2025-10-19T15:33:18
================================================================================
[2025-10-19T15:34:18.874+0000] {manager.py:854} INFO - 
================================================================================
DAG File Processing Stats

File Path                     PID    Runtime      # DAGs    # Errors  Last Runtime    Last Run
----------------------------  -----  ---------  --------  ----------  --------------  -------------------
/opt/airflow/dags/airflow.py                           1           0  0.32s           2025-10-19T15:33:48
================================================================================
[2025-10-19T15:34:49.500+0000] {manager.py:854} INFO - 
================================================================================
DAG File Processing Stats

File Path                     PID    Runtime      # DAGs    # Errors  Last Runtime    Last Run
----------------------------  -----  ---------  --------  ----------  --------------  -------------------
/opt/airflow/dags/airflow.py                           1           0  0.39s           2025-10-19T15:34:19
================================================================================
[2025-10-19T15:35:20.037+0000] {manager.py:854} INFO - 
================================================================================
DAG File Processing Stats

File Path                     PID    Runtime      # DAGs    # Errors  Last Runtime    Last Run
----------------------------  -----  ---------  --------  ----------  --------------  -------------------
/opt/airflow/dags/airflow.py                           1           0  0.30s           2025-10-19T15:34:50
================================================================================
[2025-10-19T15:35:50.551+0000] {manager.py:854} INFO - 
================================================================================
DAG File Processing Stats

File Path                     PID    Runtime      # DAGs    # Errors  Last Runtime    Last Run
----------------------------  -----  ---------  --------  ----------  --------------  -------------------
/opt/airflow/dags/airflow.py                           1           0  0.29s           2025-10-19T15:35:20
================================================================================
[2025-10-19T15:36:20.995+0000] {manager.py:854} INFO - 
================================================================================
DAG File Processing Stats

File Path                     PID    Runtime      # DAGs    # Errors  Last Runtime    Last Run
----------------------------  -----  ---------  --------  ----------  --------------  -------------------
/opt/airflow/dags/airflow.py                           1           0  0.30s           2025-10-19T15:35:51
================================================================================
[2025-10-19T15:36:51.612+0000] {manager.py:854} INFO - 
================================================================================
DAG File Processing Stats

File Path                     PID    Runtime      # DAGs    # Errors  Last Runtime    Last Run
----------------------------  -----  ---------  --------  ----------  --------------  -------------------
/opt/airflow/dags/airflow.py                           1           0  0.29s           2025-10-19T15:36:21
================================================================================
[2025-10-19T15:37:17.338+0000] {manager.py:726} INFO - Searching for files in /opt/airflow/dags
[2025-10-19T15:37:17.343+0000] {manager.py:729} INFO - There are 1 files in /opt/airflow/dags
[2025-10-19T15:37:21.984+0000] {manager.py:854} INFO - 
================================================================================
DAG File Processing Stats

File Path                     PID    Runtime      # DAGs    # Errors  Last Runtime    Last Run
----------------------------  -----  ---------  --------  ----------  --------------  -------------------
/opt/airflow/dags/airflow.py                           1           0  0.36s           2025-10-19T15:36:52
================================================================================
[2025-10-19T15:37:52.570+0000] {manager.py:854} INFO - 
================================================================================
DAG File Processing Stats

File Path                     PID    Runtime      # DAGs    # Errors  Last Runtime    Last Run
----------------------------  -----  ---------  --------  ----------  --------------  -------------------
/opt/airflow/dags/airflow.py                           1           0  0.29s           2025-10-19T15:37:22
================================================================================
[2025-10-19T15:38:22.966+0000] {manager.py:854} INFO - 
================================================================================
DAG File Processing Stats

File Path                     PID    Runtime      # DAGs    # Errors  Last Runtime    Last Run
----------------------------  -----  ---------  --------  ----------  --------------  -------------------
/opt/airflow/dags/airflow.py                           1           0  0.29s           2025-10-19T15:37:53
================================================================================
[2025-10-19T15:38:53.410+0000] {manager.py:854} INFO - 
================================================================================
DAG File Processing Stats

File Path                     PID    Runtime      # DAGs    # Errors  Last Runtime    Last Run
----------------------------  -----  ---------  --------  ----------  --------------  -------------------
/opt/airflow/dags/airflow.py                           1           0  0.30s           2025-10-19T15:38:23
================================================================================
[2025-10-19T15:39:23.951+0000] {manager.py:854} INFO - 
================================================================================
DAG File Processing Stats

File Path                     PID    Runtime      # DAGs    # Errors  Last Runtime    Last Run
----------------------------  -----  ---------  --------  ----------  --------------  -------------------
/opt/airflow/dags/airflow.py                           1           0  0.32s           2025-10-19T15:38:54
================================================================================
[2025-10-19T15:39:53.958+0000] {manager.py:854} INFO - 
================================================================================
DAG File Processing Stats

File Path                     PID    Runtime      # DAGs    # Errors  Last Runtime    Last Run
----------------------------  -----  ---------  --------  ----------  --------------  -------------------
/opt/airflow/dags/airflow.py                           1           0  0.49s           2025-10-19T15:39:24
================================================================================
[2025-10-19T15:40:24.762+0000] {manager.py:854} INFO - 
================================================================================
DAG File Processing Stats

File Path                     PID    Runtime      # DAGs    # Errors  Last Runtime    Last Run
----------------------------  -----  ---------  --------  ----------  --------------  -------------------
/opt/airflow/dags/airflow.py                           1           0  0.67s           2025-10-19T15:39:55
================================================================================
[2025-10-19T15:40:54.952+0000] {manager.py:854} INFO - 
================================================================================
DAG File Processing Stats

File Path                     PID    Runtime      # DAGs    # Errors  Last Runtime    Last Run
----------------------------  -----  ---------  --------  ----------  --------------  -------------------
/opt/airflow/dags/airflow.py                           1           0  0.40s           2025-10-19T15:40:26
================================================================================
[2025-10-19T15:41:24.983+0000] {manager.py:854} INFO - 
================================================================================
DAG File Processing Stats

File Path                     PID    Runtime      # DAGs    # Errors  Last Runtime    Last Run
----------------------------  -----  ---------  --------  ----------  --------------  -------------------
/opt/airflow/dags/airflow.py                           1           0  0.33s           2025-10-19T15:40:56
================================================================================
[2025-10-19T15:41:55.247+0000] {manager.py:854} INFO - 
================================================================================
DAG File Processing Stats

File Path                     PID    Runtime      # DAGs    # Errors  Last Runtime    Last Run
----------------------------  -----  ---------  --------  ----------  --------------  -------------------
/opt/airflow/dags/airflow.py                           1           0  0.35s           2025-10-19T15:41:27
================================================================================
[2025-10-19T15:44:43.504+0000] {manager.py:483} INFO - Processing files using up to 2 processes at a time 
[2025-10-19T15:44:43.505+0000] {manager.py:484} INFO - Process each file at most once every 30 seconds
[2025-10-19T15:44:43.505+0000] {manager.py:486} INFO - Checking for new files in /opt/airflow/dags every 300 seconds
[2025-10-19T15:44:43.505+0000] {manager.py:726} INFO - Searching for files in /opt/airflow/dags
[2025-10-19T15:44:43.509+0000] {manager.py:729} INFO - There are 1 files in /opt/airflow/dags
[2025-10-19T15:44:43.560+0000] {manager.py:854} INFO - 
================================================================================
DAG File Processing Stats

File Path                       PID  Runtime      # DAGs    # Errors  Last Runtime    Last Run
----------------------------  -----  ---------  --------  ----------  --------------  ----------
/opt/airflow/dags/airflow.py     83  0.02s             0           0
================================================================================
[2025-10-19T15:45:13.780+0000] {manager.py:854} INFO - 
================================================================================
DAG File Processing Stats

File Path                       PID  Runtime      # DAGs    # Errors  Last Runtime    Last Run
----------------------------  -----  ---------  --------  ----------  --------------  -------------------
/opt/airflow/dags/airflow.py    129  0.01s             1           0  0.16s           2025-10-19T15:44:43
================================================================================
[2025-10-19T15:45:44.273+0000] {manager.py:854} INFO - 
================================================================================
DAG File Processing Stats

File Path                       PID  Runtime      # DAGs    # Errors  Last Runtime    Last Run
----------------------------  -----  ---------  --------  ----------  --------------  -------------------
/opt/airflow/dags/airflow.py    175  0.01s             1           0  0.17s           2025-10-19T15:45:13
================================================================================
[2025-10-19T15:46:14.494+0000] {manager.py:854} INFO - 
================================================================================
DAG File Processing Stats

File Path                       PID  Runtime      # DAGs    # Errors  Last Runtime    Last Run
----------------------------  -----  ---------  --------  ----------  --------------  -------------------
/opt/airflow/dags/airflow.py    230  0.01s             1           0  0.10s           2025-10-19T15:45:44
================================================================================
[2025-10-19T15:46:44.743+0000] {manager.py:854} INFO - 
================================================================================
DAG File Processing Stats

File Path                       PID  Runtime      # DAGs    # Errors  Last Runtime    Last Run
----------------------------  -----  ---------  --------  ----------  --------------  -------------------
/opt/airflow/dags/airflow.py    267  0.01s             1           0  0.10s           2025-10-19T15:46:14
================================================================================
[2025-10-19T15:47:14.948+0000] {manager.py:854} INFO - 
================================================================================
DAG File Processing Stats

File Path                       PID  Runtime      # DAGs    # Errors  Last Runtime    Last Run
----------------------------  -----  ---------  --------  ----------  --------------  -------------------
/opt/airflow/dags/airflow.py    322  0.00s             1           0  0.11s           2025-10-19T15:46:44
================================================================================
[2025-10-19T15:47:45.185+0000] {manager.py:854} INFO - 
================================================================================
DAG File Processing Stats

File Path                       PID  Runtime      # DAGs    # Errors  Last Runtime    Last Run
----------------------------  -----  ---------  --------  ----------  --------------  -------------------
/opt/airflow/dags/airflow.py    377  0.00s             1           0  0.08s           2025-10-19T15:47:15
================================================================================
[2025-10-19T15:48:15.416+0000] {manager.py:854} INFO - 
================================================================================
DAG File Processing Stats

File Path                       PID  Runtime      # DAGs    # Errors  Last Runtime    Last Run
----------------------------  -----  ---------  --------  ----------  --------------  -------------------
/opt/airflow/dags/airflow.py    414  0.00s             1           0  0.08s           2025-10-19T15:47:45
================================================================================
[2025-10-19T15:48:45.680+0000] {manager.py:854} INFO - 
================================================================================
DAG File Processing Stats

File Path                       PID  Runtime      # DAGs    # Errors  Last Runtime    Last Run
----------------------------  -----  ---------  --------  ----------  --------------  -------------------
/opt/airflow/dags/airflow.py    469  0.00s             1           0  0.09s           2025-10-19T15:48:15
================================================================================
[2025-10-19T15:49:15.924+0000] {manager.py:854} INFO - 
================================================================================
DAG File Processing Stats

File Path                       PID  Runtime      # DAGs    # Errors  Last Runtime    Last Run
----------------------------  -----  ---------  --------  ----------  --------------  -------------------
/opt/airflow/dags/airflow.py    524  0.01s             1           0  0.10s           2025-10-19T15:48:45
================================================================================
[2025-10-19T15:49:44.164+0000] {manager.py:726} INFO - Searching for files in /opt/airflow/dags
[2025-10-19T15:49:44.179+0000] {manager.py:729} INFO - There are 1 files in /opt/airflow/dags
[2025-10-19T15:49:46.224+0000] {manager.py:854} INFO - 
================================================================================
DAG File Processing Stats

File Path                       PID  Runtime      # DAGs    # Errors  Last Runtime    Last Run
----------------------------  -----  ---------  --------  ----------  --------------  -------------------
/opt/airflow/dags/airflow.py    561  0.01s             1           0  0.10s           2025-10-19T15:49:16
================================================================================
[2025-10-19T15:56:25.830+0000] {manager.py:483} INFO - Processing files using up to 2 processes at a time 
[2025-10-19T15:56:25.832+0000] {manager.py:484} INFO - Process each file at most once every 30 seconds
[2025-10-19T15:56:25.832+0000] {manager.py:486} INFO - Checking for new files in /opt/airflow/dags every 300 seconds
[2025-10-19T15:56:25.832+0000] {manager.py:726} INFO - Searching for files in /opt/airflow/dags
[2025-10-19T15:56:25.835+0000] {manager.py:729} INFO - There are 1 files in /opt/airflow/dags
[2025-10-19T15:56:25.905+0000] {manager.py:854} INFO - 
================================================================================
DAG File Processing Stats

File Path                       PID  Runtime      # DAGs    # Errors  Last Runtime    Last Run
----------------------------  -----  ---------  --------  ----------  --------------  ----------
/opt/airflow/dags/airflow.py     83  0.03s             0           0
================================================================================
[2025-10-19T15:56:56.150+0000] {manager.py:854} INFO - 
================================================================================
DAG File Processing Stats

File Path                       PID  Runtime      # DAGs    # Errors  Last Runtime    Last Run
----------------------------  -----  ---------  --------  ----------  --------------  -------------------
/opt/airflow/dags/airflow.py    147  0.00s             1           0  0.16s           2025-10-19T15:56:26
================================================================================
[2025-10-19T15:57:26.466+0000] {manager.py:854} INFO - 
================================================================================
DAG File Processing Stats

File Path                       PID  Runtime      # DAGs    # Errors  Last Runtime    Last Run
----------------------------  -----  ---------  --------  ----------  --------------  -------------------
/opt/airflow/dags/airflow.py    202  0.00s             1           0  0.08s           2025-10-19T15:56:56
================================================================================
[2025-10-19T15:57:56.762+0000] {manager.py:854} INFO - 
================================================================================
DAG File Processing Stats

File Path                       PID  Runtime      # DAGs    # Errors  Last Runtime    Last Run
----------------------------  -----  ---------  --------  ----------  --------------  -------------------
/opt/airflow/dags/airflow.py    239  0.01s             1           0  0.13s           2025-10-19T15:57:26
================================================================================
[2025-10-19T15:58:27.026+0000] {manager.py:854} INFO - 
================================================================================
DAG File Processing Stats

File Path                       PID  Runtime      # DAGs    # Errors  Last Runtime    Last Run
----------------------------  -----  ---------  --------  ----------  --------------  -------------------
/opt/airflow/dags/airflow.py    294  0.01s             1           0  0.11s           2025-10-19T15:57:56
================================================================================
[2025-10-19T15:58:57.428+0000] {manager.py:854} INFO - 
================================================================================
DAG File Processing Stats

File Path                       PID  Runtime      # DAGs    # Errors  Last Runtime    Last Run
----------------------------  -----  ---------  --------  ----------  --------------  -------------------
/opt/airflow/dags/airflow.py    331  0.05s             1           0  0.15s           2025-10-19T15:58:27
================================================================================
[2025-10-19T15:59:27.695+0000] {manager.py:854} INFO - 
================================================================================
DAG File Processing Stats

File Path                       PID  Runtime      # DAGs    # Errors  Last Runtime    Last Run
----------------------------  -----  ---------  --------  ----------  --------------  -------------------
/opt/airflow/dags/airflow.py    386  0.01s             1           0  0.19s           2025-10-19T15:58:57
================================================================================
[2025-10-19T15:59:58.039+0000] {manager.py:854} INFO - 
================================================================================
DAG File Processing Stats

File Path                       PID  Runtime      # DAGs    # Errors  Last Runtime    Last Run
----------------------------  -----  ---------  --------  ----------  --------------  -------------------
/opt/airflow/dags/airflow.py    441  0.01s             1           0  0.11s           2025-10-19T15:59:27
================================================================================
[2025-10-19T16:00:28.337+0000] {manager.py:854} INFO - 
================================================================================
DAG File Processing Stats

File Path                       PID  Runtime      # DAGs    # Errors  Last Runtime    Last Run
----------------------------  -----  ---------  --------  ----------  --------------  -------------------
/opt/airflow/dags/airflow.py    478  0.01s             1           0  0.10s           2025-10-19T15:59:58
================================================================================
[2025-10-19T16:00:58.617+0000] {manager.py:854} INFO - 
================================================================================
DAG File Processing Stats

File Path                       PID  Runtime      # DAGs    # Errors  Last Runtime    Last Run
----------------------------  -----  ---------  --------  ----------  --------------  -------------------
/opt/airflow/dags/airflow.py    533  0.01s             1           0  0.09s           2025-10-19T16:00:28
================================================================================
[2025-10-19T16:01:26.809+0000] {manager.py:726} INFO - Searching for files in /opt/airflow/dags
[2025-10-19T16:01:26.817+0000] {manager.py:729} INFO - There are 1 files in /opt/airflow/dags
[2025-10-19T16:01:28.861+0000] {manager.py:854} INFO - 
================================================================================
DAG File Processing Stats

File Path                       PID  Runtime      # DAGs    # Errors  Last Runtime    Last Run
----------------------------  -----  ---------  --------  ----------  --------------  -------------------
/opt/airflow/dags/airflow.py    588  0.01s             1           0  0.08s           2025-10-19T16:00:58
================================================================================
[2025-10-19T16:01:48.205+0000] {manager.py:465} INFO - Exiting gracefully upon receiving signal 15
[2025-10-19T16:18:20.486+0000] {manager.py:483} INFO - Processing files using up to 2 processes at a time 
[2025-10-19T16:18:20.488+0000] {manager.py:484} INFO - Process each file at most once every 30 seconds
[2025-10-19T16:18:20.488+0000] {manager.py:486} INFO - Checking for new files in /opt/airflow/dags every 300 seconds
[2025-10-19T16:18:20.488+0000] {manager.py:726} INFO - Searching for files in /opt/airflow/dags
[2025-10-19T16:18:20.494+0000] {manager.py:729} INFO - There are 1 files in /opt/airflow/dags
[2025-10-19T16:18:20.582+0000] {manager.py:854} INFO - 
================================================================================
DAG File Processing Stats

File Path                       PID  Runtime      # DAGs    # Errors  Last Runtime    Last Run
----------------------------  -----  ---------  --------  ----------  --------------  ----------
/opt/airflow/dags/airflow.py     82  0.06s             0           0
================================================================================
[2025-10-19T16:18:50.822+0000] {manager.py:854} INFO - 
================================================================================
DAG File Processing Stats

File Path                     PID    Runtime      # DAGs    # Errors  Last Runtime    Last Run
----------------------------  -----  ---------  --------  ----------  --------------  -------------------
/opt/airflow/dags/airflow.py                           1           0  1.23s           2025-10-19T16:18:21
================================================================================
[2025-10-19T16:22:49.671+0000] {manager.py:483} INFO - Processing files using up to 2 processes at a time 
[2025-10-19T16:22:49.682+0000] {manager.py:484} INFO - Process each file at most once every 30 seconds
[2025-10-19T16:22:49.683+0000] {manager.py:486} INFO - Checking for new files in /opt/airflow/dags every 300 seconds
[2025-10-19T16:22:49.683+0000] {manager.py:726} INFO - Searching for files in /opt/airflow/dags
[2025-10-19T16:22:49.687+0000] {manager.py:729} INFO - There are 1 files in /opt/airflow/dags
[2025-10-19T16:22:49.737+0000] {manager.py:854} INFO - 
================================================================================
DAG File Processing Stats

File Path                       PID  Runtime      # DAGs    # Errors  Last Runtime    Last Run
----------------------------  -----  ---------  --------  ----------  --------------  ----------
/opt/airflow/dags/airflow.py     83  0.03s             0           0
================================================================================
[2025-10-19T16:23:19.951+0000] {manager.py:854} INFO - 
================================================================================
DAG File Processing Stats

File Path                     PID    Runtime      # DAGs    # Errors  Last Runtime    Last Run
----------------------------  -----  ---------  --------  ----------  --------------  -------------------
/opt/airflow/dags/airflow.py                           1           0  0.57s           2025-10-19T16:22:50
================================================================================
[2025-10-19T16:23:50.204+0000] {manager.py:854} INFO - 
================================================================================
DAG File Processing Stats

File Path                     PID    Runtime      # DAGs    # Errors  Last Runtime    Last Run
----------------------------  -----  ---------  --------  ----------  --------------  -------------------
/opt/airflow/dags/airflow.py                           1           0  0.53s           2025-10-19T16:23:21
================================================================================
[2025-10-19T16:24:20.511+0000] {manager.py:854} INFO - 
================================================================================
DAG File Processing Stats

File Path                     PID    Runtime      # DAGs    # Errors  Last Runtime    Last Run
----------------------------  -----  ---------  --------  ----------  --------------  -------------------
/opt/airflow/dags/airflow.py                           1           0  0.34s           2025-10-19T16:23:51
================================================================================
[2025-10-19T16:24:50.983+0000] {manager.py:854} INFO - 
================================================================================
DAG File Processing Stats

File Path                     PID    Runtime      # DAGs    # Errors  Last Runtime    Last Run
----------------------------  -----  ---------  --------  ----------  --------------  -------------------
/opt/airflow/dags/airflow.py                           1           0  0.32s           2025-10-19T16:24:22
================================================================================
[2025-10-19T16:25:21.537+0000] {manager.py:854} INFO - 
================================================================================
DAG File Processing Stats

File Path                     PID    Runtime      # DAGs    # Errors  Last Runtime    Last Run
----------------------------  -----  ---------  --------  ----------  --------------  -------------------
/opt/airflow/dags/airflow.py                           1           0  0.31s           2025-10-19T16:24:52
================================================================================
[2025-10-19T16:25:52.092+0000] {manager.py:854} INFO - 
================================================================================
DAG File Processing Stats

File Path                     PID    Runtime      # DAGs    # Errors  Last Runtime    Last Run
----------------------------  -----  ---------  --------  ----------  --------------  -------------------
/opt/airflow/dags/airflow.py                           1           0  0.33s           2025-10-19T16:25:23
================================================================================
[2025-10-19T16:26:22.563+0000] {manager.py:854} INFO - 
================================================================================
DAG File Processing Stats

File Path                     PID    Runtime      # DAGs    # Errors  Last Runtime    Last Run
----------------------------  -----  ---------  --------  ----------  --------------  -------------------
/opt/airflow/dags/airflow.py                           1           0  0.48s           2025-10-19T16:25:53
================================================================================
[2025-10-19T16:26:52.587+0000] {manager.py:854} INFO - 
================================================================================
DAG File Processing Stats

File Path                     PID    Runtime      # DAGs    # Errors  Last Runtime    Last Run
----------------------------  -----  ---------  --------  ----------  --------------  -------------------
/opt/airflow/dags/airflow.py                           1           0  0.28s           2025-10-19T16:26:24
================================================================================
[2025-10-19T16:27:22.881+0000] {manager.py:854} INFO - 
================================================================================
DAG File Processing Stats

File Path                     PID    Runtime      # DAGs    # Errors  Last Runtime    Last Run
----------------------------  -----  ---------  --------  ----------  --------------  -------------------
/opt/airflow/dags/airflow.py                           1           0  0.33s           2025-10-19T16:26:54
================================================================================
[2025-10-19T16:27:50.366+0000] {manager.py:726} INFO - Searching for files in /opt/airflow/dags
[2025-10-19T16:27:50.375+0000] {manager.py:729} INFO - There are 1 files in /opt/airflow/dags
[2025-10-19T16:27:53.410+0000] {manager.py:854} INFO - 
================================================================================
DAG File Processing Stats

File Path                     PID    Runtime      # DAGs    # Errors  Last Runtime    Last Run
----------------------------  -----  ---------  --------  ----------  --------------  -------------------
/opt/airflow/dags/airflow.py                           1           0  0.30s           2025-10-19T16:27:25
================================================================================
[2025-10-19T16:28:23.853+0000] {manager.py:854} INFO - 
================================================================================
DAG File Processing Stats

File Path                     PID    Runtime      # DAGs    # Errors  Last Runtime    Last Run
----------------------------  -----  ---------  --------  ----------  --------------  -------------------
/opt/airflow/dags/airflow.py                           1           0  0.41s           2025-10-19T16:27:56
================================================================================
[2025-10-19T16:28:54.079+0000] {manager.py:854} INFO - 
================================================================================
DAG File Processing Stats

File Path                     PID    Runtime      # DAGs    # Errors  Last Runtime    Last Run
----------------------------  -----  ---------  --------  ----------  --------------  -------------------
/opt/airflow/dags/airflow.py                           1           0  0.54s           2025-10-19T16:28:26
================================================================================
[2025-10-19T16:29:24.287+0000] {manager.py:854} INFO - 
================================================================================
DAG File Processing Stats

File Path                     PID    Runtime      # DAGs    # Errors  Last Runtime    Last Run
----------------------------  -----  ---------  --------  ----------  --------------  -------------------
/opt/airflow/dags/airflow.py                           1           0  0.39s           2025-10-19T16:28:57
================================================================================
[2025-10-19T16:29:54.856+0000] {manager.py:854} INFO - 
================================================================================
DAG File Processing Stats

File Path                     PID    Runtime      # DAGs    # Errors  Last Runtime    Last Run
----------------------------  -----  ---------  --------  ----------  --------------  -------------------
/opt/airflow/dags/airflow.py                           1           0  0.27s           2025-10-19T16:29:27
================================================================================
[2025-10-19T16:30:25.339+0000] {manager.py:854} INFO - 
================================================================================
DAG File Processing Stats

File Path                     PID    Runtime      # DAGs    # Errors  Last Runtime    Last Run
----------------------------  -----  ---------  --------  ----------  --------------  -------------------
/opt/airflow/dags/airflow.py                           1           0  0.30s           2025-10-19T16:29:58
================================================================================
[2025-10-19T16:30:55.761+0000] {manager.py:854} INFO - 
================================================================================
DAG File Processing Stats

File Path                     PID    Runtime      # DAGs    # Errors  Last Runtime    Last Run
----------------------------  -----  ---------  --------  ----------  --------------  -------------------
/opt/airflow/dags/airflow.py                           1           0  0.42s           2025-10-19T16:30:29
================================================================================
[2025-10-19T16:31:25.795+0000] {manager.py:854} INFO - 
================================================================================
DAG File Processing Stats

File Path                     PID    Runtime      # DAGs    # Errors  Last Runtime    Last Run
----------------------------  -----  ---------  --------  ----------  --------------  -------------------
/opt/airflow/dags/airflow.py                           1           0  0.37s           2025-10-19T16:30:59
================================================================================
[2025-10-19T16:31:56.025+0000] {manager.py:854} INFO - 
================================================================================
DAG File Processing Stats

File Path                     PID    Runtime      # DAGs    # Errors  Last Runtime    Last Run
----------------------------  -----  ---------  --------  ----------  --------------  -------------------
/opt/airflow/dags/airflow.py                           1           0  0.29s           2025-10-19T16:31:30
================================================================================
[2025-10-19T16:33:17.616+0000] {manager.py:483} INFO - Processing files using up to 2 processes at a time 
[2025-10-19T16:33:17.620+0000] {manager.py:484} INFO - Process each file at most once every 30 seconds
[2025-10-19T16:33:17.621+0000] {manager.py:486} INFO - Checking for new files in /opt/airflow/dags every 300 seconds
[2025-10-19T16:33:17.622+0000] {manager.py:726} INFO - Searching for files in /opt/airflow/dags
[2025-10-19T16:33:17.647+0000] {manager.py:729} INFO - There are 1 files in /opt/airflow/dags
[2025-10-19T16:33:17.730+0000] {manager.py:854} INFO - 
================================================================================
DAG File Processing Stats

File Path                       PID  Runtime      # DAGs    # Errors  Last Runtime    Last Run
----------------------------  -----  ---------  --------  ----------  --------------  ----------
/opt/airflow/dags/airflow.py     83  0.03s             0           0
================================================================================
[2025-10-19T16:33:47.888+0000] {manager.py:854} INFO - 
================================================================================
DAG File Processing Stats

File Path                     PID    Runtime      # DAGs    # Errors  Last Runtime    Last Run
----------------------------  -----  ---------  --------  ----------  --------------  -------------------
/opt/airflow/dags/airflow.py                           1           0  0.47s           2025-10-19T16:33:18
================================================================================
[2025-10-19T16:34:18.012+0000] {manager.py:854} INFO - 
================================================================================
DAG File Processing Stats

File Path                     PID    Runtime      # DAGs    # Errors  Last Runtime    Last Run
----------------------------  -----  ---------  --------  ----------  --------------  -------------------
/opt/airflow/dags/airflow.py                           1           0  0.40s           2025-10-19T16:33:48
================================================================================
[2025-10-19T16:34:48.269+0000] {manager.py:854} INFO - 
================================================================================
DAG File Processing Stats

File Path                     PID    Runtime      # DAGs    # Errors  Last Runtime    Last Run
----------------------------  -----  ---------  --------  ----------  --------------  -------------------
/opt/airflow/dags/airflow.py                           1           0  0.35s           2025-10-19T16:34:19
================================================================================
[2025-10-19T16:35:18.749+0000] {manager.py:854} INFO - 
================================================================================
DAG File Processing Stats

File Path                     PID    Runtime      # DAGs    # Errors  Last Runtime    Last Run
----------------------------  -----  ---------  --------  ----------  --------------  -------------------
/opt/airflow/dags/airflow.py                           1           0  0.32s           2025-10-19T16:34:49
================================================================================
[2025-10-19T16:35:49.345+0000] {manager.py:854} INFO - 
================================================================================
DAG File Processing Stats

File Path                     PID    Runtime      # DAGs    # Errors  Last Runtime    Last Run
----------------------------  -----  ---------  --------  ----------  --------------  -------------------
/opt/airflow/dags/airflow.py                           1           0  0.37s           2025-10-19T16:35:20
================================================================================
[2025-10-19T16:36:19.930+0000] {manager.py:854} INFO - 
================================================================================
DAG File Processing Stats

File Path                     PID    Runtime      # DAGs    # Errors  Last Runtime    Last Run
----------------------------  -----  ---------  --------  ----------  --------------  -------------------
/opt/airflow/dags/airflow.py                           1           0  0.30s           2025-10-19T16:35:50
================================================================================
[2025-10-19T16:46:44.494+0000] {manager.py:483} INFO - Processing files using up to 2 processes at a time 
[2025-10-19T16:46:44.496+0000] {manager.py:484} INFO - Process each file at most once every 30 seconds
[2025-10-19T16:46:44.496+0000] {manager.py:486} INFO - Checking for new files in /opt/airflow/dags every 300 seconds
[2025-10-19T16:46:44.496+0000] {manager.py:726} INFO - Searching for files in /opt/airflow/dags
[2025-10-19T16:46:44.501+0000] {manager.py:729} INFO - There are 1 files in /opt/airflow/dags
[2025-10-19T16:46:44.578+0000] {manager.py:854} INFO - 
================================================================================
DAG File Processing Stats

File Path                       PID  Runtime      # DAGs    # Errors  Last Runtime    Last Run
----------------------------  -----  ---------  --------  ----------  --------------  ----------
/opt/airflow/dags/airflow.py     83  0.03s             0           0
================================================================================
[2025-10-19T16:47:14.768+0000] {manager.py:854} INFO - 
================================================================================
DAG File Processing Stats

File Path                     PID    Runtime      # DAGs    # Errors  Last Runtime    Last Run
----------------------------  -----  ---------  --------  ----------  --------------  -------------------
/opt/airflow/dags/airflow.py                           1           0  0.49s           2025-10-19T16:46:45
================================================================================
[2025-10-19T16:47:44.850+0000] {manager.py:854} INFO - 
================================================================================
DAG File Processing Stats

File Path                     PID    Runtime      # DAGs    # Errors  Last Runtime    Last Run
----------------------------  -----  ---------  --------  ----------  --------------  -------------------
/opt/airflow/dags/airflow.py                           1           0  0.35s           2025-10-19T16:47:15
================================================================================
[2025-10-19T16:48:15.136+0000] {manager.py:854} INFO - 
================================================================================
DAG File Processing Stats

File Path                     PID    Runtime      # DAGs    # Errors  Last Runtime    Last Run
----------------------------  -----  ---------  --------  ----------  --------------  -------------------
/opt/airflow/dags/airflow.py                           1           0  0.32s           2025-10-19T16:47:46
================================================================================
