[2025-10-07T21:54:24.809+0000] {processor.py:161} INFO - Started process (PID=63) to work on /home/airflow/.local/lib/python3.12/site-packages/airflow/example_dags/example_datasets.py
[2025-10-07T21:54:24.812+0000] {processor.py:830} INFO - Processing file /home/airflow/.local/lib/python3.12/site-packages/airflow/example_dags/example_datasets.py for tasks to queue
[2025-10-07T21:54:24.814+0000] {logging_mixin.py:188} INFO - [2025-10-07T21:54:24.813+0000] {dagbag.py:545} INFO - Filling up the DagBag from /home/airflow/.local/lib/python3.12/site-packages/airflow/example_dags/example_datasets.py
[2025-10-07T21:54:24.831+0000] {processor.py:840} INFO - DAG(s) 'dataset_produces_1', 'conditional_dataset_and_time_based_timetable', 'consume_1_and_2_with_dataset_expressions', 'consume_1_or_2_with_dataset_expressions', 'dataset_consumes_unknown_never_scheduled', 'dataset_produces_2', 'consume_1_or_both_2_and_3_with_dataset_expressions', 'dataset_consumes_1_and_2', 'dataset_consumes_1_never_scheduled', 'dataset_consumes_1' retrieved from /home/airflow/.local/lib/python3.12/site-packages/airflow/example_dags/example_datasets.py
[2025-10-07T21:54:24.841+0000] {logging_mixin.py:188} INFO - [2025-10-07T21:54:24.841+0000] {dag.py:3096} INFO - Sync 10 DAGs
[2025-10-07T21:54:24.863+0000] {logging_mixin.py:188} INFO - [2025-10-07T21:54:24.863+0000] {dag.py:3954} INFO - Setting next_dagrun for conditional_dataset_and_time_based_timetable to 2025-10-01 01:00:00+00:00, run_after=2025-10-01 01:00:00+00:00
[2025-10-07T21:54:24.866+0000] {logging_mixin.py:188} INFO - [2025-10-07T21:54:24.866+0000] {dag.py:3954} INFO - Setting next_dagrun for consume_1_and_2_with_dataset_expressions to None, run_after=None
[2025-10-07T21:54:24.867+0000] {logging_mixin.py:188} INFO - [2025-10-07T21:54:24.867+0000] {dag.py:3954} INFO - Setting next_dagrun for consume_1_or_2_with_dataset_expressions to None, run_after=None
[2025-10-07T21:54:24.867+0000] {logging_mixin.py:188} INFO - [2025-10-07T21:54:24.867+0000] {dag.py:3954} INFO - Setting next_dagrun for consume_1_or_both_2_and_3_with_dataset_expressions to None, run_after=None
[2025-10-07T21:54:24.868+0000] {logging_mixin.py:188} INFO - [2025-10-07T21:54:24.868+0000] {dag.py:3954} INFO - Setting next_dagrun for dataset_consumes_1 to None, run_after=None
[2025-10-07T21:54:24.869+0000] {logging_mixin.py:188} INFO - [2025-10-07T21:54:24.869+0000] {dag.py:3954} INFO - Setting next_dagrun for dataset_consumes_1_and_2 to None, run_after=None
[2025-10-07T21:54:24.870+0000] {logging_mixin.py:188} INFO - [2025-10-07T21:54:24.870+0000] {dag.py:3954} INFO - Setting next_dagrun for dataset_consumes_1_never_scheduled to None, run_after=None
[2025-10-07T21:54:24.871+0000] {logging_mixin.py:188} INFO - [2025-10-07T21:54:24.871+0000] {dag.py:3954} INFO - Setting next_dagrun for dataset_consumes_unknown_never_scheduled to None, run_after=None
[2025-10-07T21:54:24.872+0000] {logging_mixin.py:188} INFO - [2025-10-07T21:54:24.872+0000] {dag.py:3954} INFO - Setting next_dagrun for dataset_produces_1 to 2025-10-06 00:00:00+00:00, run_after=2025-10-07 00:00:00+00:00
[2025-10-07T21:54:24.872+0000] {logging_mixin.py:188} INFO - [2025-10-07T21:54:24.872+0000] {dag.py:3954} INFO - Setting next_dagrun for dataset_produces_2 to None, run_after=None
[2025-10-07T21:54:24.902+0000] {processor.py:183} INFO - Processing /home/airflow/.local/lib/python3.12/site-packages/airflow/example_dags/example_datasets.py took 0.097 seconds
[2025-10-07T21:54:55.952+0000] {processor.py:161} INFO - Started process (PID=122) to work on /home/airflow/.local/lib/python3.12/site-packages/airflow/example_dags/example_datasets.py
[2025-10-07T21:54:55.953+0000] {processor.py:830} INFO - Processing file /home/airflow/.local/lib/python3.12/site-packages/airflow/example_dags/example_datasets.py for tasks to queue
[2025-10-07T21:54:55.955+0000] {logging_mixin.py:188} INFO - [2025-10-07T21:54:55.954+0000] {dagbag.py:545} INFO - Filling up the DagBag from /home/airflow/.local/lib/python3.12/site-packages/airflow/example_dags/example_datasets.py
[2025-10-07T21:54:55.965+0000] {processor.py:840} INFO - DAG(s) 'dataset_consumes_1_and_2', 'consume_1_and_2_with_dataset_expressions', 'consume_1_or_2_with_dataset_expressions', 'dataset_produces_2', 'dataset_consumes_1', 'dataset_produces_1', 'consume_1_or_both_2_and_3_with_dataset_expressions', 'dataset_consumes_unknown_never_scheduled', 'dataset_consumes_1_never_scheduled', 'conditional_dataset_and_time_based_timetable' retrieved from /home/airflow/.local/lib/python3.12/site-packages/airflow/example_dags/example_datasets.py
[2025-10-07T21:54:56.092+0000] {logging_mixin.py:188} INFO - [2025-10-07T21:54:56.092+0000] {dag.py:3096} INFO - Sync 10 DAGs
[2025-10-07T21:54:56.104+0000] {logging_mixin.py:188} INFO - [2025-10-07T21:54:56.104+0000] {dag.py:3954} INFO - Setting next_dagrun for conditional_dataset_and_time_based_timetable to 2025-10-01 01:00:00+00:00, run_after=2025-10-01 01:00:00+00:00
[2025-10-07T21:54:56.105+0000] {logging_mixin.py:188} INFO - [2025-10-07T21:54:56.105+0000] {dag.py:3954} INFO - Setting next_dagrun for consume_1_and_2_with_dataset_expressions to None, run_after=None
[2025-10-07T21:54:56.106+0000] {logging_mixin.py:188} INFO - [2025-10-07T21:54:56.106+0000] {dag.py:3954} INFO - Setting next_dagrun for consume_1_or_2_with_dataset_expressions to None, run_after=None
[2025-10-07T21:54:56.107+0000] {logging_mixin.py:188} INFO - [2025-10-07T21:54:56.106+0000] {dag.py:3954} INFO - Setting next_dagrun for consume_1_or_both_2_and_3_with_dataset_expressions to None, run_after=None
[2025-10-07T21:54:56.107+0000] {logging_mixin.py:188} INFO - [2025-10-07T21:54:56.107+0000] {dag.py:3954} INFO - Setting next_dagrun for dataset_consumes_1 to None, run_after=None
[2025-10-07T21:54:56.108+0000] {logging_mixin.py:188} INFO - [2025-10-07T21:54:56.108+0000] {dag.py:3954} INFO - Setting next_dagrun for dataset_consumes_1_and_2 to None, run_after=None
[2025-10-07T21:54:56.110+0000] {logging_mixin.py:188} INFO - [2025-10-07T21:54:56.110+0000] {dag.py:3954} INFO - Setting next_dagrun for dataset_consumes_1_never_scheduled to None, run_after=None
[2025-10-07T21:54:56.112+0000] {logging_mixin.py:188} INFO - [2025-10-07T21:54:56.111+0000] {dag.py:3954} INFO - Setting next_dagrun for dataset_consumes_unknown_never_scheduled to None, run_after=None
[2025-10-07T21:54:56.113+0000] {logging_mixin.py:188} INFO - [2025-10-07T21:54:56.112+0000] {dag.py:3954} INFO - Setting next_dagrun for dataset_produces_1 to 2025-10-06 00:00:00+00:00, run_after=2025-10-07 00:00:00+00:00
[2025-10-07T21:54:56.114+0000] {logging_mixin.py:188} INFO - [2025-10-07T21:54:56.114+0000] {dag.py:3954} INFO - Setting next_dagrun for dataset_produces_2 to None, run_after=None
[2025-10-07T21:54:56.137+0000] {processor.py:183} INFO - Processing /home/airflow/.local/lib/python3.12/site-packages/airflow/example_dags/example_datasets.py took 0.188 seconds
[2025-10-07T21:55:26.482+0000] {processor.py:161} INFO - Started process (PID=181) to work on /home/airflow/.local/lib/python3.12/site-packages/airflow/example_dags/example_datasets.py
[2025-10-07T21:55:26.483+0000] {processor.py:830} INFO - Processing file /home/airflow/.local/lib/python3.12/site-packages/airflow/example_dags/example_datasets.py for tasks to queue
[2025-10-07T21:55:26.484+0000] {logging_mixin.py:188} INFO - [2025-10-07T21:55:26.483+0000] {dagbag.py:545} INFO - Filling up the DagBag from /home/airflow/.local/lib/python3.12/site-packages/airflow/example_dags/example_datasets.py
[2025-10-07T21:55:26.491+0000] {processor.py:840} INFO - DAG(s) 'dataset_produces_2', 'conditional_dataset_and_time_based_timetable', 'dataset_consumes_1', 'dataset_consumes_unknown_never_scheduled', 'consume_1_or_both_2_and_3_with_dataset_expressions', 'consume_1_or_2_with_dataset_expressions', 'consume_1_and_2_with_dataset_expressions', 'dataset_consumes_1_and_2', 'dataset_consumes_1_never_scheduled', 'dataset_produces_1' retrieved from /home/airflow/.local/lib/python3.12/site-packages/airflow/example_dags/example_datasets.py
[2025-10-07T21:55:26.517+0000] {logging_mixin.py:188} INFO - [2025-10-07T21:55:26.517+0000] {dag.py:3096} INFO - Sync 10 DAGs
[2025-10-07T21:55:26.534+0000] {logging_mixin.py:188} INFO - [2025-10-07T21:55:26.534+0000] {dag.py:3954} INFO - Setting next_dagrun for conditional_dataset_and_time_based_timetable to 2025-10-01 01:00:00+00:00, run_after=2025-10-01 01:00:00+00:00
[2025-10-07T21:55:26.537+0000] {logging_mixin.py:188} INFO - [2025-10-07T21:55:26.537+0000] {dag.py:3954} INFO - Setting next_dagrun for consume_1_and_2_with_dataset_expressions to None, run_after=None
[2025-10-07T21:55:26.539+0000] {logging_mixin.py:188} INFO - [2025-10-07T21:55:26.539+0000] {dag.py:3954} INFO - Setting next_dagrun for consume_1_or_2_with_dataset_expressions to None, run_after=None
[2025-10-07T21:55:26.543+0000] {logging_mixin.py:188} INFO - [2025-10-07T21:55:26.543+0000] {dag.py:3954} INFO - Setting next_dagrun for consume_1_or_both_2_and_3_with_dataset_expressions to None, run_after=None
[2025-10-07T21:55:26.544+0000] {logging_mixin.py:188} INFO - [2025-10-07T21:55:26.544+0000] {dag.py:3954} INFO - Setting next_dagrun for dataset_consumes_1 to None, run_after=None
[2025-10-07T21:55:26.545+0000] {logging_mixin.py:188} INFO - [2025-10-07T21:55:26.545+0000] {dag.py:3954} INFO - Setting next_dagrun for dataset_consumes_1_and_2 to None, run_after=None
[2025-10-07T21:55:26.546+0000] {logging_mixin.py:188} INFO - [2025-10-07T21:55:26.546+0000] {dag.py:3954} INFO - Setting next_dagrun for dataset_consumes_1_never_scheduled to None, run_after=None
[2025-10-07T21:55:26.547+0000] {logging_mixin.py:188} INFO - [2025-10-07T21:55:26.547+0000] {dag.py:3954} INFO - Setting next_dagrun for dataset_consumes_unknown_never_scheduled to None, run_after=None
[2025-10-07T21:55:26.548+0000] {logging_mixin.py:188} INFO - [2025-10-07T21:55:26.548+0000] {dag.py:3954} INFO - Setting next_dagrun for dataset_produces_1 to 2025-10-06 00:00:00+00:00, run_after=2025-10-07 00:00:00+00:00
[2025-10-07T21:55:26.549+0000] {logging_mixin.py:188} INFO - [2025-10-07T21:55:26.549+0000] {dag.py:3954} INFO - Setting next_dagrun for dataset_produces_2 to None, run_after=None
[2025-10-07T21:55:26.567+0000] {processor.py:183} INFO - Processing /home/airflow/.local/lib/python3.12/site-packages/airflow/example_dags/example_datasets.py took 0.088 seconds
[2025-10-07T21:55:56.677+0000] {processor.py:161} INFO - Started process (PID=240) to work on /home/airflow/.local/lib/python3.12/site-packages/airflow/example_dags/example_datasets.py
[2025-10-07T21:55:56.678+0000] {processor.py:830} INFO - Processing file /home/airflow/.local/lib/python3.12/site-packages/airflow/example_dags/example_datasets.py for tasks to queue
[2025-10-07T21:55:56.680+0000] {logging_mixin.py:188} INFO - [2025-10-07T21:55:56.680+0000] {dagbag.py:545} INFO - Filling up the DagBag from /home/airflow/.local/lib/python3.12/site-packages/airflow/example_dags/example_datasets.py
[2025-10-07T21:55:56.688+0000] {processor.py:840} INFO - DAG(s) 'dataset_consumes_1', 'dataset_consumes_unknown_never_scheduled', 'consume_1_or_both_2_and_3_with_dataset_expressions', 'dataset_produces_1', 'dataset_consumes_1_never_scheduled', 'consume_1_or_2_with_dataset_expressions', 'dataset_produces_2', 'consume_1_and_2_with_dataset_expressions', 'dataset_consumes_1_and_2', 'conditional_dataset_and_time_based_timetable' retrieved from /home/airflow/.local/lib/python3.12/site-packages/airflow/example_dags/example_datasets.py
[2025-10-07T21:55:56.711+0000] {logging_mixin.py:188} INFO - [2025-10-07T21:55:56.711+0000] {dag.py:3096} INFO - Sync 10 DAGs
[2025-10-07T21:55:56.730+0000] {logging_mixin.py:188} INFO - [2025-10-07T21:55:56.729+0000] {dag.py:3954} INFO - Setting next_dagrun for conditional_dataset_and_time_based_timetable to 2025-10-01 01:00:00+00:00, run_after=2025-10-01 01:00:00+00:00
[2025-10-07T21:55:56.733+0000] {logging_mixin.py:188} INFO - [2025-10-07T21:55:56.733+0000] {dag.py:3954} INFO - Setting next_dagrun for consume_1_and_2_with_dataset_expressions to None, run_after=None
[2025-10-07T21:55:56.735+0000] {logging_mixin.py:188} INFO - [2025-10-07T21:55:56.735+0000] {dag.py:3954} INFO - Setting next_dagrun for consume_1_or_2_with_dataset_expressions to None, run_after=None
[2025-10-07T21:55:56.738+0000] {logging_mixin.py:188} INFO - [2025-10-07T21:55:56.738+0000] {dag.py:3954} INFO - Setting next_dagrun for consume_1_or_both_2_and_3_with_dataset_expressions to None, run_after=None
[2025-10-07T21:55:56.738+0000] {logging_mixin.py:188} INFO - [2025-10-07T21:55:56.738+0000] {dag.py:3954} INFO - Setting next_dagrun for dataset_consumes_1 to None, run_after=None
[2025-10-07T21:55:56.739+0000] {logging_mixin.py:188} INFO - [2025-10-07T21:55:56.739+0000] {dag.py:3954} INFO - Setting next_dagrun for dataset_consumes_1_and_2 to None, run_after=None
[2025-10-07T21:55:56.739+0000] {logging_mixin.py:188} INFO - [2025-10-07T21:55:56.739+0000] {dag.py:3954} INFO - Setting next_dagrun for dataset_consumes_1_never_scheduled to None, run_after=None
[2025-10-07T21:55:56.741+0000] {logging_mixin.py:188} INFO - [2025-10-07T21:55:56.741+0000] {dag.py:3954} INFO - Setting next_dagrun for dataset_consumes_unknown_never_scheduled to None, run_after=None
[2025-10-07T21:55:56.742+0000] {logging_mixin.py:188} INFO - [2025-10-07T21:55:56.742+0000] {dag.py:3954} INFO - Setting next_dagrun for dataset_produces_1 to 2025-10-06 00:00:00+00:00, run_after=2025-10-07 00:00:00+00:00
[2025-10-07T21:55:56.744+0000] {logging_mixin.py:188} INFO - [2025-10-07T21:55:56.744+0000] {dag.py:3954} INFO - Setting next_dagrun for dataset_produces_2 to None, run_after=None
[2025-10-07T21:55:56.761+0000] {processor.py:183} INFO - Processing /home/airflow/.local/lib/python3.12/site-packages/airflow/example_dags/example_datasets.py took 0.087 seconds
[2025-10-07T21:56:26.842+0000] {processor.py:161} INFO - Started process (PID=299) to work on /home/airflow/.local/lib/python3.12/site-packages/airflow/example_dags/example_datasets.py
[2025-10-07T21:56:26.843+0000] {processor.py:830} INFO - Processing file /home/airflow/.local/lib/python3.12/site-packages/airflow/example_dags/example_datasets.py for tasks to queue
[2025-10-07T21:56:26.844+0000] {logging_mixin.py:188} INFO - [2025-10-07T21:56:26.844+0000] {dagbag.py:545} INFO - Filling up the DagBag from /home/airflow/.local/lib/python3.12/site-packages/airflow/example_dags/example_datasets.py
[2025-10-07T21:56:26.850+0000] {processor.py:840} INFO - DAG(s) 'conditional_dataset_and_time_based_timetable', 'dataset_consumes_1_never_scheduled', 'consume_1_or_2_with_dataset_expressions', 'dataset_consumes_1', 'dataset_consumes_1_and_2', 'dataset_produces_1', 'consume_1_and_2_with_dataset_expressions', 'dataset_produces_2', 'dataset_consumes_unknown_never_scheduled', 'consume_1_or_both_2_and_3_with_dataset_expressions' retrieved from /home/airflow/.local/lib/python3.12/site-packages/airflow/example_dags/example_datasets.py
[2025-10-07T21:56:26.869+0000] {logging_mixin.py:188} INFO - [2025-10-07T21:56:26.869+0000] {dag.py:3096} INFO - Sync 10 DAGs
[2025-10-07T21:56:26.879+0000] {logging_mixin.py:188} INFO - [2025-10-07T21:56:26.879+0000] {dag.py:3954} INFO - Setting next_dagrun for conditional_dataset_and_time_based_timetable to 2025-10-01 01:00:00+00:00, run_after=2025-10-01 01:00:00+00:00
[2025-10-07T21:56:26.881+0000] {logging_mixin.py:188} INFO - [2025-10-07T21:56:26.881+0000] {dag.py:3954} INFO - Setting next_dagrun for consume_1_and_2_with_dataset_expressions to None, run_after=None
[2025-10-07T21:56:26.882+0000] {logging_mixin.py:188} INFO - [2025-10-07T21:56:26.882+0000] {dag.py:3954} INFO - Setting next_dagrun for consume_1_or_2_with_dataset_expressions to None, run_after=None
[2025-10-07T21:56:26.882+0000] {logging_mixin.py:188} INFO - [2025-10-07T21:56:26.882+0000] {dag.py:3954} INFO - Setting next_dagrun for consume_1_or_both_2_and_3_with_dataset_expressions to None, run_after=None
[2025-10-07T21:56:26.883+0000] {logging_mixin.py:188} INFO - [2025-10-07T21:56:26.882+0000] {dag.py:3954} INFO - Setting next_dagrun for dataset_consumes_1 to None, run_after=None
[2025-10-07T21:56:26.883+0000] {logging_mixin.py:188} INFO - [2025-10-07T21:56:26.883+0000] {dag.py:3954} INFO - Setting next_dagrun for dataset_consumes_1_and_2 to None, run_after=None
[2025-10-07T21:56:26.883+0000] {logging_mixin.py:188} INFO - [2025-10-07T21:56:26.883+0000] {dag.py:3954} INFO - Setting next_dagrun for dataset_consumes_1_never_scheduled to None, run_after=None
[2025-10-07T21:56:26.884+0000] {logging_mixin.py:188} INFO - [2025-10-07T21:56:26.884+0000] {dag.py:3954} INFO - Setting next_dagrun for dataset_consumes_unknown_never_scheduled to None, run_after=None
[2025-10-07T21:56:26.885+0000] {logging_mixin.py:188} INFO - [2025-10-07T21:56:26.885+0000] {dag.py:3954} INFO - Setting next_dagrun for dataset_produces_1 to 2025-10-06 00:00:00+00:00, run_after=2025-10-07 00:00:00+00:00
[2025-10-07T21:56:26.885+0000] {logging_mixin.py:188} INFO - [2025-10-07T21:56:26.885+0000] {dag.py:3954} INFO - Setting next_dagrun for dataset_produces_2 to None, run_after=None
[2025-10-07T21:56:26.899+0000] {processor.py:183} INFO - Processing /home/airflow/.local/lib/python3.12/site-packages/airflow/example_dags/example_datasets.py took 0.059 seconds
[2025-10-07T21:56:57.744+0000] {processor.py:161} INFO - Started process (PID=358) to work on /home/airflow/.local/lib/python3.12/site-packages/airflow/example_dags/example_datasets.py
[2025-10-07T21:56:57.746+0000] {processor.py:830} INFO - Processing file /home/airflow/.local/lib/python3.12/site-packages/airflow/example_dags/example_datasets.py for tasks to queue
[2025-10-07T21:56:57.747+0000] {logging_mixin.py:188} INFO - [2025-10-07T21:56:57.747+0000] {dagbag.py:545} INFO - Filling up the DagBag from /home/airflow/.local/lib/python3.12/site-packages/airflow/example_dags/example_datasets.py
[2025-10-07T21:56:57.756+0000] {processor.py:840} INFO - DAG(s) 'dataset_consumes_1_and_2', 'consume_1_or_both_2_and_3_with_dataset_expressions', 'consume_1_or_2_with_dataset_expressions', 'dataset_consumes_1_never_scheduled', 'dataset_consumes_unknown_never_scheduled', 'dataset_consumes_1', 'conditional_dataset_and_time_based_timetable', 'dataset_produces_2', 'dataset_produces_1', 'consume_1_and_2_with_dataset_expressions' retrieved from /home/airflow/.local/lib/python3.12/site-packages/airflow/example_dags/example_datasets.py
[2025-10-07T21:56:57.779+0000] {logging_mixin.py:188} INFO - [2025-10-07T21:56:57.778+0000] {dag.py:3096} INFO - Sync 10 DAGs
[2025-10-07T21:56:57.792+0000] {logging_mixin.py:188} INFO - [2025-10-07T21:56:57.792+0000] {dag.py:3954} INFO - Setting next_dagrun for conditional_dataset_and_time_based_timetable to 2025-10-01 01:00:00+00:00, run_after=2025-10-01 01:00:00+00:00
[2025-10-07T21:56:57.795+0000] {logging_mixin.py:188} INFO - [2025-10-07T21:56:57.795+0000] {dag.py:3954} INFO - Setting next_dagrun for consume_1_and_2_with_dataset_expressions to None, run_after=None
[2025-10-07T21:56:57.797+0000] {logging_mixin.py:188} INFO - [2025-10-07T21:56:57.797+0000] {dag.py:3954} INFO - Setting next_dagrun for consume_1_or_2_with_dataset_expressions to None, run_after=None
[2025-10-07T21:56:57.798+0000] {logging_mixin.py:188} INFO - [2025-10-07T21:56:57.798+0000] {dag.py:3954} INFO - Setting next_dagrun for consume_1_or_both_2_and_3_with_dataset_expressions to None, run_after=None
[2025-10-07T21:56:57.801+0000] {logging_mixin.py:188} INFO - [2025-10-07T21:56:57.801+0000] {dag.py:3954} INFO - Setting next_dagrun for dataset_consumes_1 to None, run_after=None
[2025-10-07T21:56:57.802+0000] {logging_mixin.py:188} INFO - [2025-10-07T21:56:57.802+0000] {dag.py:3954} INFO - Setting next_dagrun for dataset_consumes_1_and_2 to None, run_after=None
[2025-10-07T21:56:57.804+0000] {logging_mixin.py:188} INFO - [2025-10-07T21:56:57.804+0000] {dag.py:3954} INFO - Setting next_dagrun for dataset_consumes_1_never_scheduled to None, run_after=None
[2025-10-07T21:56:57.805+0000] {logging_mixin.py:188} INFO - [2025-10-07T21:56:57.805+0000] {dag.py:3954} INFO - Setting next_dagrun for dataset_consumes_unknown_never_scheduled to None, run_after=None
[2025-10-07T21:56:57.806+0000] {logging_mixin.py:188} INFO - [2025-10-07T21:56:57.806+0000] {dag.py:3954} INFO - Setting next_dagrun for dataset_produces_1 to 2025-10-06 00:00:00+00:00, run_after=2025-10-07 00:00:00+00:00
[2025-10-07T21:56:57.808+0000] {logging_mixin.py:188} INFO - [2025-10-07T21:56:57.808+0000] {dag.py:3954} INFO - Setting next_dagrun for dataset_produces_2 to None, run_after=None
[2025-10-07T21:56:57.827+0000] {processor.py:183} INFO - Processing /home/airflow/.local/lib/python3.12/site-packages/airflow/example_dags/example_datasets.py took 0.086 seconds
[2025-10-07T21:57:28.047+0000] {processor.py:161} INFO - Started process (PID=417) to work on /home/airflow/.local/lib/python3.12/site-packages/airflow/example_dags/example_datasets.py
[2025-10-07T21:57:28.048+0000] {processor.py:830} INFO - Processing file /home/airflow/.local/lib/python3.12/site-packages/airflow/example_dags/example_datasets.py for tasks to queue
[2025-10-07T21:57:28.049+0000] {logging_mixin.py:188} INFO - [2025-10-07T21:57:28.049+0000] {dagbag.py:545} INFO - Filling up the DagBag from /home/airflow/.local/lib/python3.12/site-packages/airflow/example_dags/example_datasets.py
[2025-10-07T21:57:28.060+0000] {processor.py:840} INFO - DAG(s) 'dataset_consumes_unknown_never_scheduled', 'dataset_produces_1', 'dataset_produces_2', 'dataset_consumes_1_and_2', 'dataset_consumes_1_never_scheduled', 'conditional_dataset_and_time_based_timetable', 'dataset_consumes_1', 'consume_1_or_2_with_dataset_expressions', 'consume_1_and_2_with_dataset_expressions', 'consume_1_or_both_2_and_3_with_dataset_expressions' retrieved from /home/airflow/.local/lib/python3.12/site-packages/airflow/example_dags/example_datasets.py
[2025-10-07T21:57:28.110+0000] {logging_mixin.py:188} INFO - [2025-10-07T21:57:28.110+0000] {dag.py:3096} INFO - Sync 10 DAGs
[2025-10-07T21:57:28.130+0000] {logging_mixin.py:188} INFO - [2025-10-07T21:57:28.130+0000] {dag.py:3954} INFO - Setting next_dagrun for conditional_dataset_and_time_based_timetable to 2025-10-01 01:00:00+00:00, run_after=2025-10-01 01:00:00+00:00
[2025-10-07T21:57:28.133+0000] {logging_mixin.py:188} INFO - [2025-10-07T21:57:28.133+0000] {dag.py:3954} INFO - Setting next_dagrun for consume_1_and_2_with_dataset_expressions to None, run_after=None
[2025-10-07T21:57:28.134+0000] {logging_mixin.py:188} INFO - [2025-10-07T21:57:28.134+0000] {dag.py:3954} INFO - Setting next_dagrun for consume_1_or_2_with_dataset_expressions to None, run_after=None
[2025-10-07T21:57:28.135+0000] {logging_mixin.py:188} INFO - [2025-10-07T21:57:28.134+0000] {dag.py:3954} INFO - Setting next_dagrun for consume_1_or_both_2_and_3_with_dataset_expressions to None, run_after=None
[2025-10-07T21:57:28.135+0000] {logging_mixin.py:188} INFO - [2025-10-07T21:57:28.135+0000] {dag.py:3954} INFO - Setting next_dagrun for dataset_consumes_1 to None, run_after=None
[2025-10-07T21:57:28.136+0000] {logging_mixin.py:188} INFO - [2025-10-07T21:57:28.136+0000] {dag.py:3954} INFO - Setting next_dagrun for dataset_consumes_1_and_2 to None, run_after=None
[2025-10-07T21:57:28.137+0000] {logging_mixin.py:188} INFO - [2025-10-07T21:57:28.137+0000] {dag.py:3954} INFO - Setting next_dagrun for dataset_consumes_1_never_scheduled to None, run_after=None
[2025-10-07T21:57:28.138+0000] {logging_mixin.py:188} INFO - [2025-10-07T21:57:28.138+0000] {dag.py:3954} INFO - Setting next_dagrun for dataset_consumes_unknown_never_scheduled to None, run_after=None
[2025-10-07T21:57:28.139+0000] {logging_mixin.py:188} INFO - [2025-10-07T21:57:28.139+0000] {dag.py:3954} INFO - Setting next_dagrun for dataset_produces_1 to 2025-10-06 00:00:00+00:00, run_after=2025-10-07 00:00:00+00:00
[2025-10-07T21:57:28.140+0000] {logging_mixin.py:188} INFO - [2025-10-07T21:57:28.140+0000] {dag.py:3954} INFO - Setting next_dagrun for dataset_produces_2 to None, run_after=None
[2025-10-07T21:57:28.164+0000] {processor.py:183} INFO - Processing /home/airflow/.local/lib/python3.12/site-packages/airflow/example_dags/example_datasets.py took 0.121 seconds
[2025-10-07T21:58:26.657+0000] {processor.py:161} INFO - Started process (PID=476) to work on /home/airflow/.local/lib/python3.12/site-packages/airflow/example_dags/example_datasets.py
[2025-10-07T21:58:26.657+0000] {processor.py:830} INFO - Processing file /home/airflow/.local/lib/python3.12/site-packages/airflow/example_dags/example_datasets.py for tasks to queue
[2025-10-07T21:58:26.658+0000] {logging_mixin.py:188} INFO - [2025-10-07T21:58:26.658+0000] {dagbag.py:545} INFO - Filling up the DagBag from /home/airflow/.local/lib/python3.12/site-packages/airflow/example_dags/example_datasets.py
[2025-10-07T21:58:26.665+0000] {processor.py:840} INFO - DAG(s) 'dataset_consumes_unknown_never_scheduled', 'dataset_produces_1', 'dataset_consumes_1', 'dataset_consumes_1_and_2', 'consume_1_or_2_with_dataset_expressions', 'consume_1_or_both_2_and_3_with_dataset_expressions', 'conditional_dataset_and_time_based_timetable', 'dataset_consumes_1_never_scheduled', 'dataset_produces_2', 'consume_1_and_2_with_dataset_expressions' retrieved from /home/airflow/.local/lib/python3.12/site-packages/airflow/example_dags/example_datasets.py
[2025-10-07T21:58:26.700+0000] {logging_mixin.py:188} INFO - [2025-10-07T21:58:26.699+0000] {dag.py:3096} INFO - Sync 10 DAGs
[2025-10-07T21:58:26.713+0000] {logging_mixin.py:188} INFO - [2025-10-07T21:58:26.713+0000] {dag.py:3954} INFO - Setting next_dagrun for conditional_dataset_and_time_based_timetable to 2025-10-01 01:00:00+00:00, run_after=2025-10-01 01:00:00+00:00
[2025-10-07T21:58:26.715+0000] {logging_mixin.py:188} INFO - [2025-10-07T21:58:26.715+0000] {dag.py:3954} INFO - Setting next_dagrun for consume_1_and_2_with_dataset_expressions to None, run_after=None
[2025-10-07T21:58:26.715+0000] {logging_mixin.py:188} INFO - [2025-10-07T21:58:26.715+0000] {dag.py:3954} INFO - Setting next_dagrun for consume_1_or_2_with_dataset_expressions to None, run_after=None
[2025-10-07T21:58:26.716+0000] {logging_mixin.py:188} INFO - [2025-10-07T21:58:26.716+0000] {dag.py:3954} INFO - Setting next_dagrun for consume_1_or_both_2_and_3_with_dataset_expressions to None, run_after=None
[2025-10-07T21:58:26.717+0000] {logging_mixin.py:188} INFO - [2025-10-07T21:58:26.716+0000] {dag.py:3954} INFO - Setting next_dagrun for dataset_consumes_1 to None, run_after=None
[2025-10-07T21:58:26.717+0000] {logging_mixin.py:188} INFO - [2025-10-07T21:58:26.717+0000] {dag.py:3954} INFO - Setting next_dagrun for dataset_consumes_1_and_2 to None, run_after=None
[2025-10-07T21:58:26.717+0000] {logging_mixin.py:188} INFO - [2025-10-07T21:58:26.717+0000] {dag.py:3954} INFO - Setting next_dagrun for dataset_consumes_1_never_scheduled to None, run_after=None
[2025-10-07T21:58:26.718+0000] {logging_mixin.py:188} INFO - [2025-10-07T21:58:26.718+0000] {dag.py:3954} INFO - Setting next_dagrun for dataset_consumes_unknown_never_scheduled to None, run_after=None
[2025-10-07T21:58:26.719+0000] {logging_mixin.py:188} INFO - [2025-10-07T21:58:26.719+0000] {dag.py:3954} INFO - Setting next_dagrun for dataset_produces_1 to 2025-10-06 00:00:00+00:00, run_after=2025-10-07 00:00:00+00:00
[2025-10-07T21:58:26.719+0000] {logging_mixin.py:188} INFO - [2025-10-07T21:58:26.719+0000] {dag.py:3954} INFO - Setting next_dagrun for dataset_produces_2 to None, run_after=None
[2025-10-07T21:58:26.735+0000] {processor.py:183} INFO - Processing /home/airflow/.local/lib/python3.12/site-packages/airflow/example_dags/example_datasets.py took 0.081 seconds
[2025-10-07T21:59:32.783+0000] {processor.py:161} INFO - Started process (PID=535) to work on /home/airflow/.local/lib/python3.12/site-packages/airflow/example_dags/example_datasets.py
[2025-10-07T21:59:32.785+0000] {processor.py:830} INFO - Processing file /home/airflow/.local/lib/python3.12/site-packages/airflow/example_dags/example_datasets.py for tasks to queue
[2025-10-07T21:59:32.790+0000] {logging_mixin.py:188} INFO - [2025-10-07T21:59:32.789+0000] {dagbag.py:545} INFO - Filling up the DagBag from /home/airflow/.local/lib/python3.12/site-packages/airflow/example_dags/example_datasets.py
[2025-10-07T21:59:32.818+0000] {processor.py:840} INFO - DAG(s) 'dataset_produces_2', 'dataset_consumes_1', 'dataset_produces_1', 'conditional_dataset_and_time_based_timetable', 'consume_1_or_both_2_and_3_with_dataset_expressions', 'dataset_consumes_unknown_never_scheduled', 'consume_1_or_2_with_dataset_expressions', 'dataset_consumes_1_never_scheduled', 'dataset_consumes_1_and_2', 'consume_1_and_2_with_dataset_expressions' retrieved from /home/airflow/.local/lib/python3.12/site-packages/airflow/example_dags/example_datasets.py
[2025-10-07T21:59:32.904+0000] {logging_mixin.py:188} INFO - [2025-10-07T21:59:32.903+0000] {dag.py:3096} INFO - Sync 10 DAGs
[2025-10-07T21:59:32.951+0000] {logging_mixin.py:188} INFO - [2025-10-07T21:59:32.951+0000] {dag.py:3954} INFO - Setting next_dagrun for conditional_dataset_and_time_based_timetable to 2025-10-01 01:00:00+00:00, run_after=2025-10-01 01:00:00+00:00
[2025-10-07T21:59:32.961+0000] {logging_mixin.py:188} INFO - [2025-10-07T21:59:32.961+0000] {dag.py:3954} INFO - Setting next_dagrun for consume_1_and_2_with_dataset_expressions to None, run_after=None
[2025-10-07T21:59:32.963+0000] {logging_mixin.py:188} INFO - [2025-10-07T21:59:32.963+0000] {dag.py:3954} INFO - Setting next_dagrun for consume_1_or_2_with_dataset_expressions to None, run_after=None
[2025-10-07T21:59:32.965+0000] {logging_mixin.py:188} INFO - [2025-10-07T21:59:32.965+0000] {dag.py:3954} INFO - Setting next_dagrun for consume_1_or_both_2_and_3_with_dataset_expressions to None, run_after=None
[2025-10-07T21:59:32.967+0000] {logging_mixin.py:188} INFO - [2025-10-07T21:59:32.967+0000] {dag.py:3954} INFO - Setting next_dagrun for dataset_consumes_1 to None, run_after=None
[2025-10-07T21:59:32.969+0000] {logging_mixin.py:188} INFO - [2025-10-07T21:59:32.968+0000] {dag.py:3954} INFO - Setting next_dagrun for dataset_consumes_1_and_2 to None, run_after=None
[2025-10-07T21:59:32.971+0000] {logging_mixin.py:188} INFO - [2025-10-07T21:59:32.970+0000] {dag.py:3954} INFO - Setting next_dagrun for dataset_consumes_1_never_scheduled to None, run_after=None
[2025-10-07T21:59:32.972+0000] {logging_mixin.py:188} INFO - [2025-10-07T21:59:32.972+0000] {dag.py:3954} INFO - Setting next_dagrun for dataset_consumes_unknown_never_scheduled to None, run_after=None
[2025-10-07T21:59:32.975+0000] {logging_mixin.py:188} INFO - [2025-10-07T21:59:32.975+0000] {dag.py:3954} INFO - Setting next_dagrun for dataset_produces_1 to 2025-10-06 00:00:00+00:00, run_after=2025-10-07 00:00:00+00:00
[2025-10-07T21:59:32.977+0000] {logging_mixin.py:188} INFO - [2025-10-07T21:59:32.977+0000] {dag.py:3954} INFO - Setting next_dagrun for dataset_produces_2 to None, run_after=None
[2025-10-07T21:59:33.040+0000] {processor.py:183} INFO - Processing /home/airflow/.local/lib/python3.12/site-packages/airflow/example_dags/example_datasets.py took 0.266 seconds
[2025-10-07T22:01:52.216+0000] {processor.py:161} INFO - Started process (PID=594) to work on /home/airflow/.local/lib/python3.12/site-packages/airflow/example_dags/example_datasets.py
[2025-10-07T22:01:52.217+0000] {processor.py:830} INFO - Processing file /home/airflow/.local/lib/python3.12/site-packages/airflow/example_dags/example_datasets.py for tasks to queue
[2025-10-07T22:01:52.217+0000] {logging_mixin.py:188} INFO - [2025-10-07T22:01:52.217+0000] {dagbag.py:545} INFO - Filling up the DagBag from /home/airflow/.local/lib/python3.12/site-packages/airflow/example_dags/example_datasets.py
[2025-10-07T22:01:52.230+0000] {processor.py:840} INFO - DAG(s) 'consume_1_and_2_with_dataset_expressions', 'conditional_dataset_and_time_based_timetable', 'dataset_produces_1', 'dataset_produces_2', 'consume_1_or_2_with_dataset_expressions', 'dataset_consumes_1', 'consume_1_or_both_2_and_3_with_dataset_expressions', 'dataset_consumes_unknown_never_scheduled', 'dataset_consumes_1_never_scheduled', 'dataset_consumes_1_and_2' retrieved from /home/airflow/.local/lib/python3.12/site-packages/airflow/example_dags/example_datasets.py
[2025-10-07T22:01:52.259+0000] {logging_mixin.py:188} INFO - [2025-10-07T22:01:52.259+0000] {dag.py:3096} INFO - Sync 10 DAGs
[2025-10-07T22:01:52.273+0000] {logging_mixin.py:188} INFO - [2025-10-07T22:01:52.272+0000] {dag.py:3954} INFO - Setting next_dagrun for conditional_dataset_and_time_based_timetable to 2025-10-01 01:00:00+00:00, run_after=2025-10-01 01:00:00+00:00
[2025-10-07T22:01:52.275+0000] {logging_mixin.py:188} INFO - [2025-10-07T22:01:52.274+0000] {dag.py:3954} INFO - Setting next_dagrun for consume_1_and_2_with_dataset_expressions to None, run_after=None
[2025-10-07T22:01:52.275+0000] {logging_mixin.py:188} INFO - [2025-10-07T22:01:52.275+0000] {dag.py:3954} INFO - Setting next_dagrun for consume_1_or_2_with_dataset_expressions to None, run_after=None
[2025-10-07T22:01:52.276+0000] {logging_mixin.py:188} INFO - [2025-10-07T22:01:52.276+0000] {dag.py:3954} INFO - Setting next_dagrun for consume_1_or_both_2_and_3_with_dataset_expressions to None, run_after=None
[2025-10-07T22:01:52.276+0000] {logging_mixin.py:188} INFO - [2025-10-07T22:01:52.276+0000] {dag.py:3954} INFO - Setting next_dagrun for dataset_consumes_1 to None, run_after=None
[2025-10-07T22:01:52.277+0000] {logging_mixin.py:188} INFO - [2025-10-07T22:01:52.277+0000] {dag.py:3954} INFO - Setting next_dagrun for dataset_consumes_1_and_2 to None, run_after=None
[2025-10-07T22:01:52.277+0000] {logging_mixin.py:188} INFO - [2025-10-07T22:01:52.277+0000] {dag.py:3954} INFO - Setting next_dagrun for dataset_consumes_1_never_scheduled to None, run_after=None
[2025-10-07T22:01:52.278+0000] {logging_mixin.py:188} INFO - [2025-10-07T22:01:52.278+0000] {dag.py:3954} INFO - Setting next_dagrun for dataset_consumes_unknown_never_scheduled to None, run_after=None
[2025-10-07T22:01:52.279+0000] {logging_mixin.py:188} INFO - [2025-10-07T22:01:52.279+0000] {dag.py:3954} INFO - Setting next_dagrun for dataset_produces_1 to 2025-10-06 00:00:00+00:00, run_after=2025-10-07 00:00:00+00:00
[2025-10-07T22:01:52.279+0000] {logging_mixin.py:188} INFO - [2025-10-07T22:01:52.279+0000] {dag.py:3954} INFO - Setting next_dagrun for dataset_produces_2 to None, run_after=None
[2025-10-07T22:01:52.296+0000] {processor.py:183} INFO - Processing /home/airflow/.local/lib/python3.12/site-packages/airflow/example_dags/example_datasets.py took 0.083 seconds
[2025-10-07T22:04:55.501+0000] {processor.py:161} INFO - Started process (PID=653) to work on /home/airflow/.local/lib/python3.12/site-packages/airflow/example_dags/example_datasets.py
[2025-10-07T22:04:55.502+0000] {processor.py:830} INFO - Processing file /home/airflow/.local/lib/python3.12/site-packages/airflow/example_dags/example_datasets.py for tasks to queue
[2025-10-07T22:04:55.503+0000] {logging_mixin.py:188} INFO - [2025-10-07T22:04:55.503+0000] {dagbag.py:545} INFO - Filling up the DagBag from /home/airflow/.local/lib/python3.12/site-packages/airflow/example_dags/example_datasets.py
[2025-10-07T22:04:55.513+0000] {processor.py:840} INFO - DAG(s) 'dataset_consumes_1', 'dataset_produces_1', 'dataset_produces_2', 'conditional_dataset_and_time_based_timetable', 'consume_1_or_2_with_dataset_expressions', 'dataset_consumes_unknown_never_scheduled', 'dataset_consumes_1_never_scheduled', 'consume_1_and_2_with_dataset_expressions', 'dataset_consumes_1_and_2', 'consume_1_or_both_2_and_3_with_dataset_expressions' retrieved from /home/airflow/.local/lib/python3.12/site-packages/airflow/example_dags/example_datasets.py
[2025-10-07T22:04:55.541+0000] {logging_mixin.py:188} INFO - [2025-10-07T22:04:55.541+0000] {dag.py:3096} INFO - Sync 10 DAGs
[2025-10-07T22:04:55.557+0000] {logging_mixin.py:188} INFO - [2025-10-07T22:04:55.556+0000] {dag.py:3954} INFO - Setting next_dagrun for conditional_dataset_and_time_based_timetable to 2025-10-01 01:00:00+00:00, run_after=2025-10-01 01:00:00+00:00
[2025-10-07T22:04:55.559+0000] {logging_mixin.py:188} INFO - [2025-10-07T22:04:55.559+0000] {dag.py:3954} INFO - Setting next_dagrun for consume_1_and_2_with_dataset_expressions to None, run_after=None
[2025-10-07T22:04:55.559+0000] {logging_mixin.py:188} INFO - [2025-10-07T22:04:55.559+0000] {dag.py:3954} INFO - Setting next_dagrun for consume_1_or_2_with_dataset_expressions to None, run_after=None
[2025-10-07T22:04:55.560+0000] {logging_mixin.py:188} INFO - [2025-10-07T22:04:55.560+0000] {dag.py:3954} INFO - Setting next_dagrun for consume_1_or_both_2_and_3_with_dataset_expressions to None, run_after=None
[2025-10-07T22:04:55.561+0000] {logging_mixin.py:188} INFO - [2025-10-07T22:04:55.561+0000] {dag.py:3954} INFO - Setting next_dagrun for dataset_consumes_1 to None, run_after=None
[2025-10-07T22:04:55.562+0000] {logging_mixin.py:188} INFO - [2025-10-07T22:04:55.562+0000] {dag.py:3954} INFO - Setting next_dagrun for dataset_consumes_1_and_2 to None, run_after=None
[2025-10-07T22:04:55.562+0000] {logging_mixin.py:188} INFO - [2025-10-07T22:04:55.562+0000] {dag.py:3954} INFO - Setting next_dagrun for dataset_consumes_1_never_scheduled to None, run_after=None
[2025-10-07T22:04:55.563+0000] {logging_mixin.py:188} INFO - [2025-10-07T22:04:55.563+0000] {dag.py:3954} INFO - Setting next_dagrun for dataset_consumes_unknown_never_scheduled to None, run_after=None
[2025-10-07T22:04:55.564+0000] {logging_mixin.py:188} INFO - [2025-10-07T22:04:55.564+0000] {dag.py:3954} INFO - Setting next_dagrun for dataset_produces_1 to 2025-10-06 00:00:00+00:00, run_after=2025-10-07 00:00:00+00:00
[2025-10-07T22:04:55.564+0000] {logging_mixin.py:188} INFO - [2025-10-07T22:04:55.564+0000] {dag.py:3954} INFO - Setting next_dagrun for dataset_produces_2 to None, run_after=None
[2025-10-07T22:04:55.582+0000] {processor.py:183} INFO - Processing /home/airflow/.local/lib/python3.12/site-packages/airflow/example_dags/example_datasets.py took 0.085 seconds
[2025-10-07T22:05:25.725+0000] {processor.py:161} INFO - Started process (PID=712) to work on /home/airflow/.local/lib/python3.12/site-packages/airflow/example_dags/example_datasets.py
[2025-10-07T22:05:25.725+0000] {processor.py:830} INFO - Processing file /home/airflow/.local/lib/python3.12/site-packages/airflow/example_dags/example_datasets.py for tasks to queue
[2025-10-07T22:05:25.727+0000] {logging_mixin.py:188} INFO - [2025-10-07T22:05:25.726+0000] {dagbag.py:545} INFO - Filling up the DagBag from /home/airflow/.local/lib/python3.12/site-packages/airflow/example_dags/example_datasets.py
[2025-10-07T22:05:25.735+0000] {processor.py:840} INFO - DAG(s) 'consume_1_or_both_2_and_3_with_dataset_expressions', 'dataset_consumes_1_never_scheduled', 'dataset_consumes_unknown_never_scheduled', 'conditional_dataset_and_time_based_timetable', 'consume_1_or_2_with_dataset_expressions', 'dataset_consumes_1', 'dataset_produces_1', 'dataset_consumes_1_and_2', 'dataset_produces_2', 'consume_1_and_2_with_dataset_expressions' retrieved from /home/airflow/.local/lib/python3.12/site-packages/airflow/example_dags/example_datasets.py
[2025-10-07T22:05:25.764+0000] {logging_mixin.py:188} INFO - [2025-10-07T22:05:25.764+0000] {dag.py:3096} INFO - Sync 10 DAGs
[2025-10-07T22:05:25.778+0000] {logging_mixin.py:188} INFO - [2025-10-07T22:05:25.778+0000] {dag.py:3954} INFO - Setting next_dagrun for conditional_dataset_and_time_based_timetable to 2025-10-01 01:00:00+00:00, run_after=2025-10-01 01:00:00+00:00
[2025-10-07T22:05:25.780+0000] {logging_mixin.py:188} INFO - [2025-10-07T22:05:25.780+0000] {dag.py:3954} INFO - Setting next_dagrun for consume_1_and_2_with_dataset_expressions to None, run_after=None
[2025-10-07T22:05:25.782+0000] {logging_mixin.py:188} INFO - [2025-10-07T22:05:25.782+0000] {dag.py:3954} INFO - Setting next_dagrun for consume_1_or_2_with_dataset_expressions to None, run_after=None
[2025-10-07T22:05:25.783+0000] {logging_mixin.py:188} INFO - [2025-10-07T22:05:25.783+0000] {dag.py:3954} INFO - Setting next_dagrun for consume_1_or_both_2_and_3_with_dataset_expressions to None, run_after=None
[2025-10-07T22:05:25.784+0000] {logging_mixin.py:188} INFO - [2025-10-07T22:05:25.784+0000] {dag.py:3954} INFO - Setting next_dagrun for dataset_consumes_1 to None, run_after=None
[2025-10-07T22:05:25.784+0000] {logging_mixin.py:188} INFO - [2025-10-07T22:05:25.784+0000] {dag.py:3954} INFO - Setting next_dagrun for dataset_consumes_1_and_2 to None, run_after=None
[2025-10-07T22:05:25.785+0000] {logging_mixin.py:188} INFO - [2025-10-07T22:05:25.785+0000] {dag.py:3954} INFO - Setting next_dagrun for dataset_consumes_1_never_scheduled to None, run_after=None
[2025-10-07T22:05:25.786+0000] {logging_mixin.py:188} INFO - [2025-10-07T22:05:25.785+0000] {dag.py:3954} INFO - Setting next_dagrun for dataset_consumes_unknown_never_scheduled to None, run_after=None
[2025-10-07T22:05:25.787+0000] {logging_mixin.py:188} INFO - [2025-10-07T22:05:25.787+0000] {dag.py:3954} INFO - Setting next_dagrun for dataset_produces_1 to 2025-10-06 00:00:00+00:00, run_after=2025-10-07 00:00:00+00:00
[2025-10-07T22:05:25.788+0000] {logging_mixin.py:188} INFO - [2025-10-07T22:05:25.788+0000] {dag.py:3954} INFO - Setting next_dagrun for dataset_produces_2 to None, run_after=None
[2025-10-07T22:05:25.807+0000] {processor.py:183} INFO - Processing /home/airflow/.local/lib/python3.12/site-packages/airflow/example_dags/example_datasets.py took 0.086 seconds
[2025-10-07T22:05:55.854+0000] {processor.py:161} INFO - Started process (PID=771) to work on /home/airflow/.local/lib/python3.12/site-packages/airflow/example_dags/example_datasets.py
[2025-10-07T22:05:55.855+0000] {processor.py:830} INFO - Processing file /home/airflow/.local/lib/python3.12/site-packages/airflow/example_dags/example_datasets.py for tasks to queue
[2025-10-07T22:05:55.856+0000] {logging_mixin.py:188} INFO - [2025-10-07T22:05:55.856+0000] {dagbag.py:545} INFO - Filling up the DagBag from /home/airflow/.local/lib/python3.12/site-packages/airflow/example_dags/example_datasets.py
[2025-10-07T22:05:55.865+0000] {processor.py:840} INFO - DAG(s) 'dataset_consumes_unknown_never_scheduled', 'dataset_produces_2', 'dataset_consumes_1_and_2', 'consume_1_and_2_with_dataset_expressions', 'consume_1_or_2_with_dataset_expressions', 'conditional_dataset_and_time_based_timetable', 'dataset_consumes_1_never_scheduled', 'consume_1_or_both_2_and_3_with_dataset_expressions', 'dataset_produces_1', 'dataset_consumes_1' retrieved from /home/airflow/.local/lib/python3.12/site-packages/airflow/example_dags/example_datasets.py
[2025-10-07T22:05:55.895+0000] {logging_mixin.py:188} INFO - [2025-10-07T22:05:55.895+0000] {dag.py:3096} INFO - Sync 10 DAGs
[2025-10-07T22:05:55.908+0000] {logging_mixin.py:188} INFO - [2025-10-07T22:05:55.908+0000] {dag.py:3954} INFO - Setting next_dagrun for conditional_dataset_and_time_based_timetable to 2025-10-01 01:00:00+00:00, run_after=2025-10-01 01:00:00+00:00
[2025-10-07T22:05:55.914+0000] {logging_mixin.py:188} INFO - [2025-10-07T22:05:55.913+0000] {dag.py:3954} INFO - Setting next_dagrun for consume_1_and_2_with_dataset_expressions to None, run_after=None
[2025-10-07T22:05:55.915+0000] {logging_mixin.py:188} INFO - [2025-10-07T22:05:55.915+0000] {dag.py:3954} INFO - Setting next_dagrun for consume_1_or_2_with_dataset_expressions to None, run_after=None
[2025-10-07T22:05:55.916+0000] {logging_mixin.py:188} INFO - [2025-10-07T22:05:55.916+0000] {dag.py:3954} INFO - Setting next_dagrun for consume_1_or_both_2_and_3_with_dataset_expressions to None, run_after=None
[2025-10-07T22:05:55.916+0000] {logging_mixin.py:188} INFO - [2025-10-07T22:05:55.916+0000] {dag.py:3954} INFO - Setting next_dagrun for dataset_consumes_1 to None, run_after=None
[2025-10-07T22:05:55.917+0000] {logging_mixin.py:188} INFO - [2025-10-07T22:05:55.917+0000] {dag.py:3954} INFO - Setting next_dagrun for dataset_consumes_1_and_2 to None, run_after=None
[2025-10-07T22:05:55.917+0000] {logging_mixin.py:188} INFO - [2025-10-07T22:05:55.917+0000] {dag.py:3954} INFO - Setting next_dagrun for dataset_consumes_1_never_scheduled to None, run_after=None
[2025-10-07T22:05:55.918+0000] {logging_mixin.py:188} INFO - [2025-10-07T22:05:55.918+0000] {dag.py:3954} INFO - Setting next_dagrun for dataset_consumes_unknown_never_scheduled to None, run_after=None
[2025-10-07T22:05:55.919+0000] {logging_mixin.py:188} INFO - [2025-10-07T22:05:55.919+0000] {dag.py:3954} INFO - Setting next_dagrun for dataset_produces_1 to 2025-10-06 00:00:00+00:00, run_after=2025-10-07 00:00:00+00:00
[2025-10-07T22:05:55.919+0000] {logging_mixin.py:188} INFO - [2025-10-07T22:05:55.919+0000] {dag.py:3954} INFO - Setting next_dagrun for dataset_produces_2 to None, run_after=None
[2025-10-07T22:05:55.935+0000] {processor.py:183} INFO - Processing /home/airflow/.local/lib/python3.12/site-packages/airflow/example_dags/example_datasets.py took 0.084 seconds
[2025-10-07T22:06:25.974+0000] {processor.py:161} INFO - Started process (PID=830) to work on /home/airflow/.local/lib/python3.12/site-packages/airflow/example_dags/example_datasets.py
[2025-10-07T22:06:25.976+0000] {processor.py:830} INFO - Processing file /home/airflow/.local/lib/python3.12/site-packages/airflow/example_dags/example_datasets.py for tasks to queue
[2025-10-07T22:06:25.978+0000] {logging_mixin.py:188} INFO - [2025-10-07T22:06:25.978+0000] {dagbag.py:545} INFO - Filling up the DagBag from /home/airflow/.local/lib/python3.12/site-packages/airflow/example_dags/example_datasets.py
[2025-10-07T22:06:25.984+0000] {processor.py:840} INFO - DAG(s) 'consume_1_or_2_with_dataset_expressions', 'conditional_dataset_and_time_based_timetable', 'dataset_consumes_1_never_scheduled', 'dataset_consumes_1_and_2', 'dataset_consumes_1', 'dataset_produces_1', 'consume_1_and_2_with_dataset_expressions', 'consume_1_or_both_2_and_3_with_dataset_expressions', 'dataset_produces_2', 'dataset_consumes_unknown_never_scheduled' retrieved from /home/airflow/.local/lib/python3.12/site-packages/airflow/example_dags/example_datasets.py
[2025-10-07T22:06:26.011+0000] {logging_mixin.py:188} INFO - [2025-10-07T22:06:26.011+0000] {dag.py:3096} INFO - Sync 10 DAGs
[2025-10-07T22:06:26.027+0000] {logging_mixin.py:188} INFO - [2025-10-07T22:06:26.027+0000] {dag.py:3954} INFO - Setting next_dagrun for conditional_dataset_and_time_based_timetable to 2025-10-01 01:00:00+00:00, run_after=2025-10-01 01:00:00+00:00
[2025-10-07T22:06:26.030+0000] {logging_mixin.py:188} INFO - [2025-10-07T22:06:26.030+0000] {dag.py:3954} INFO - Setting next_dagrun for consume_1_and_2_with_dataset_expressions to None, run_after=None
[2025-10-07T22:06:26.031+0000] {logging_mixin.py:188} INFO - [2025-10-07T22:06:26.031+0000] {dag.py:3954} INFO - Setting next_dagrun for consume_1_or_2_with_dataset_expressions to None, run_after=None
[2025-10-07T22:06:26.034+0000] {logging_mixin.py:188} INFO - [2025-10-07T22:06:26.034+0000] {dag.py:3954} INFO - Setting next_dagrun for consume_1_or_both_2_and_3_with_dataset_expressions to None, run_after=None
[2025-10-07T22:06:26.035+0000] {logging_mixin.py:188} INFO - [2025-10-07T22:06:26.035+0000] {dag.py:3954} INFO - Setting next_dagrun for dataset_consumes_1 to None, run_after=None
[2025-10-07T22:06:26.036+0000] {logging_mixin.py:188} INFO - [2025-10-07T22:06:26.036+0000] {dag.py:3954} INFO - Setting next_dagrun for dataset_consumes_1_and_2 to None, run_after=None
[2025-10-07T22:06:26.040+0000] {logging_mixin.py:188} INFO - [2025-10-07T22:06:26.040+0000] {dag.py:3954} INFO - Setting next_dagrun for dataset_consumes_1_never_scheduled to None, run_after=None
[2025-10-07T22:06:26.043+0000] {logging_mixin.py:188} INFO - [2025-10-07T22:06:26.043+0000] {dag.py:3954} INFO - Setting next_dagrun for dataset_consumes_unknown_never_scheduled to None, run_after=None
[2025-10-07T22:06:26.044+0000] {logging_mixin.py:188} INFO - [2025-10-07T22:06:26.044+0000] {dag.py:3954} INFO - Setting next_dagrun for dataset_produces_1 to 2025-10-06 00:00:00+00:00, run_after=2025-10-07 00:00:00+00:00
[2025-10-07T22:06:26.046+0000] {logging_mixin.py:188} INFO - [2025-10-07T22:06:26.046+0000] {dag.py:3954} INFO - Setting next_dagrun for dataset_produces_2 to None, run_after=None
[2025-10-07T22:06:26.065+0000] {processor.py:183} INFO - Processing /home/airflow/.local/lib/python3.12/site-packages/airflow/example_dags/example_datasets.py took 0.094 seconds
[2025-10-07T22:06:56.089+0000] {processor.py:161} INFO - Started process (PID=889) to work on /home/airflow/.local/lib/python3.12/site-packages/airflow/example_dags/example_datasets.py
[2025-10-07T22:06:56.089+0000] {processor.py:830} INFO - Processing file /home/airflow/.local/lib/python3.12/site-packages/airflow/example_dags/example_datasets.py for tasks to queue
[2025-10-07T22:06:56.090+0000] {logging_mixin.py:188} INFO - [2025-10-07T22:06:56.090+0000] {dagbag.py:545} INFO - Filling up the DagBag from /home/airflow/.local/lib/python3.12/site-packages/airflow/example_dags/example_datasets.py
[2025-10-07T22:06:56.098+0000] {processor.py:840} INFO - DAG(s) 'dataset_consumes_unknown_never_scheduled', 'consume_1_or_both_2_and_3_with_dataset_expressions', 'dataset_consumes_1', 'consume_1_or_2_with_dataset_expressions', 'dataset_produces_1', 'conditional_dataset_and_time_based_timetable', 'dataset_produces_2', 'consume_1_and_2_with_dataset_expressions', 'dataset_consumes_1_and_2', 'dataset_consumes_1_never_scheduled' retrieved from /home/airflow/.local/lib/python3.12/site-packages/airflow/example_dags/example_datasets.py
[2025-10-07T22:06:56.132+0000] {logging_mixin.py:188} INFO - [2025-10-07T22:06:56.132+0000] {dag.py:3096} INFO - Sync 10 DAGs
[2025-10-07T22:06:56.148+0000] {logging_mixin.py:188} INFO - [2025-10-07T22:06:56.148+0000] {dag.py:3954} INFO - Setting next_dagrun for conditional_dataset_and_time_based_timetable to 2025-10-01 01:00:00+00:00, run_after=2025-10-01 01:00:00+00:00
[2025-10-07T22:06:56.151+0000] {logging_mixin.py:188} INFO - [2025-10-07T22:06:56.151+0000] {dag.py:3954} INFO - Setting next_dagrun for consume_1_and_2_with_dataset_expressions to None, run_after=None
[2025-10-07T22:06:56.153+0000] {logging_mixin.py:188} INFO - [2025-10-07T22:06:56.153+0000] {dag.py:3954} INFO - Setting next_dagrun for consume_1_or_2_with_dataset_expressions to None, run_after=None
[2025-10-07T22:06:56.154+0000] {logging_mixin.py:188} INFO - [2025-10-07T22:06:56.154+0000] {dag.py:3954} INFO - Setting next_dagrun for consume_1_or_both_2_and_3_with_dataset_expressions to None, run_after=None
[2025-10-07T22:06:56.154+0000] {logging_mixin.py:188} INFO - [2025-10-07T22:06:56.154+0000] {dag.py:3954} INFO - Setting next_dagrun for dataset_consumes_1 to None, run_after=None
[2025-10-07T22:06:56.155+0000] {logging_mixin.py:188} INFO - [2025-10-07T22:06:56.155+0000] {dag.py:3954} INFO - Setting next_dagrun for dataset_consumes_1_and_2 to None, run_after=None
[2025-10-07T22:06:56.155+0000] {logging_mixin.py:188} INFO - [2025-10-07T22:06:56.155+0000] {dag.py:3954} INFO - Setting next_dagrun for dataset_consumes_1_never_scheduled to None, run_after=None
[2025-10-07T22:06:56.156+0000] {logging_mixin.py:188} INFO - [2025-10-07T22:06:56.156+0000] {dag.py:3954} INFO - Setting next_dagrun for dataset_consumes_unknown_never_scheduled to None, run_after=None
[2025-10-07T22:06:56.157+0000] {logging_mixin.py:188} INFO - [2025-10-07T22:06:56.157+0000] {dag.py:3954} INFO - Setting next_dagrun for dataset_produces_1 to 2025-10-06 00:00:00+00:00, run_after=2025-10-07 00:00:00+00:00
[2025-10-07T22:06:56.157+0000] {logging_mixin.py:188} INFO - [2025-10-07T22:06:56.157+0000] {dag.py:3954} INFO - Setting next_dagrun for dataset_produces_2 to None, run_after=None
[2025-10-07T22:06:56.179+0000] {processor.py:183} INFO - Processing /home/airflow/.local/lib/python3.12/site-packages/airflow/example_dags/example_datasets.py took 0.093 seconds
[2025-10-07T22:07:26.269+0000] {processor.py:161} INFO - Started process (PID=949) to work on /home/airflow/.local/lib/python3.12/site-packages/airflow/example_dags/example_datasets.py
[2025-10-07T22:07:26.269+0000] {processor.py:830} INFO - Processing file /home/airflow/.local/lib/python3.12/site-packages/airflow/example_dags/example_datasets.py for tasks to queue
[2025-10-07T22:07:26.271+0000] {logging_mixin.py:188} INFO - [2025-10-07T22:07:26.270+0000] {dagbag.py:545} INFO - Filling up the DagBag from /home/airflow/.local/lib/python3.12/site-packages/airflow/example_dags/example_datasets.py
[2025-10-07T22:07:26.278+0000] {processor.py:840} INFO - DAG(s) 'consume_1_and_2_with_dataset_expressions', 'dataset_produces_1', 'conditional_dataset_and_time_based_timetable', 'dataset_produces_2', 'dataset_consumes_unknown_never_scheduled', 'dataset_consumes_1_and_2', 'dataset_consumes_1', 'dataset_consumes_1_never_scheduled', 'consume_1_or_2_with_dataset_expressions', 'consume_1_or_both_2_and_3_with_dataset_expressions' retrieved from /home/airflow/.local/lib/python3.12/site-packages/airflow/example_dags/example_datasets.py
[2025-10-07T22:07:26.302+0000] {logging_mixin.py:188} INFO - [2025-10-07T22:07:26.302+0000] {dag.py:3096} INFO - Sync 10 DAGs
[2025-10-07T22:07:26.313+0000] {logging_mixin.py:188} INFO - [2025-10-07T22:07:26.313+0000] {dag.py:3954} INFO - Setting next_dagrun for conditional_dataset_and_time_based_timetable to 2025-10-01 01:00:00+00:00, run_after=2025-10-01 01:00:00+00:00
[2025-10-07T22:07:26.316+0000] {logging_mixin.py:188} INFO - [2025-10-07T22:07:26.316+0000] {dag.py:3954} INFO - Setting next_dagrun for consume_1_and_2_with_dataset_expressions to None, run_after=None
[2025-10-07T22:07:26.318+0000] {logging_mixin.py:188} INFO - [2025-10-07T22:07:26.318+0000] {dag.py:3954} INFO - Setting next_dagrun for consume_1_or_2_with_dataset_expressions to None, run_after=None
[2025-10-07T22:07:26.320+0000] {logging_mixin.py:188} INFO - [2025-10-07T22:07:26.320+0000] {dag.py:3954} INFO - Setting next_dagrun for consume_1_or_both_2_and_3_with_dataset_expressions to None, run_after=None
[2025-10-07T22:07:26.322+0000] {logging_mixin.py:188} INFO - [2025-10-07T22:07:26.322+0000] {dag.py:3954} INFO - Setting next_dagrun for dataset_consumes_1 to None, run_after=None
[2025-10-07T22:07:26.323+0000] {logging_mixin.py:188} INFO - [2025-10-07T22:07:26.323+0000] {dag.py:3954} INFO - Setting next_dagrun for dataset_consumes_1_and_2 to None, run_after=None
[2025-10-07T22:07:26.323+0000] {logging_mixin.py:188} INFO - [2025-10-07T22:07:26.323+0000] {dag.py:3954} INFO - Setting next_dagrun for dataset_consumes_1_never_scheduled to None, run_after=None
[2025-10-07T22:07:26.324+0000] {logging_mixin.py:188} INFO - [2025-10-07T22:07:26.324+0000] {dag.py:3954} INFO - Setting next_dagrun for dataset_consumes_unknown_never_scheduled to None, run_after=None
[2025-10-07T22:07:26.325+0000] {logging_mixin.py:188} INFO - [2025-10-07T22:07:26.325+0000] {dag.py:3954} INFO - Setting next_dagrun for dataset_produces_1 to 2025-10-06 00:00:00+00:00, run_after=2025-10-07 00:00:00+00:00
[2025-10-07T22:07:26.326+0000] {logging_mixin.py:188} INFO - [2025-10-07T22:07:26.325+0000] {dag.py:3954} INFO - Setting next_dagrun for dataset_produces_2 to None, run_after=None
[2025-10-07T22:07:26.346+0000] {processor.py:183} INFO - Processing /home/airflow/.local/lib/python3.12/site-packages/airflow/example_dags/example_datasets.py took 0.081 seconds
[2025-10-07T22:07:56.391+0000] {processor.py:161} INFO - Started process (PID=1007) to work on /home/airflow/.local/lib/python3.12/site-packages/airflow/example_dags/example_datasets.py
[2025-10-07T22:07:56.392+0000] {processor.py:830} INFO - Processing file /home/airflow/.local/lib/python3.12/site-packages/airflow/example_dags/example_datasets.py for tasks to queue
[2025-10-07T22:07:56.393+0000] {logging_mixin.py:188} INFO - [2025-10-07T22:07:56.393+0000] {dagbag.py:545} INFO - Filling up the DagBag from /home/airflow/.local/lib/python3.12/site-packages/airflow/example_dags/example_datasets.py
[2025-10-07T22:07:56.402+0000] {processor.py:840} INFO - DAG(s) 'dataset_consumes_1_and_2', 'dataset_produces_2', 'consume_1_or_2_with_dataset_expressions', 'conditional_dataset_and_time_based_timetable', 'dataset_produces_1', 'dataset_consumes_unknown_never_scheduled', 'dataset_consumes_1_never_scheduled', 'consume_1_or_both_2_and_3_with_dataset_expressions', 'dataset_consumes_1', 'consume_1_and_2_with_dataset_expressions' retrieved from /home/airflow/.local/lib/python3.12/site-packages/airflow/example_dags/example_datasets.py
[2025-10-07T22:07:56.442+0000] {logging_mixin.py:188} INFO - [2025-10-07T22:07:56.442+0000] {dag.py:3096} INFO - Sync 10 DAGs
[2025-10-07T22:07:56.455+0000] {logging_mixin.py:188} INFO - [2025-10-07T22:07:56.454+0000] {dag.py:3954} INFO - Setting next_dagrun for conditional_dataset_and_time_based_timetable to 2025-10-01 01:00:00+00:00, run_after=2025-10-01 01:00:00+00:00
[2025-10-07T22:07:56.459+0000] {logging_mixin.py:188} INFO - [2025-10-07T22:07:56.459+0000] {dag.py:3954} INFO - Setting next_dagrun for consume_1_and_2_with_dataset_expressions to None, run_after=None
[2025-10-07T22:07:56.460+0000] {logging_mixin.py:188} INFO - [2025-10-07T22:07:56.460+0000] {dag.py:3954} INFO - Setting next_dagrun for consume_1_or_2_with_dataset_expressions to None, run_after=None
[2025-10-07T22:07:56.461+0000] {logging_mixin.py:188} INFO - [2025-10-07T22:07:56.461+0000] {dag.py:3954} INFO - Setting next_dagrun for consume_1_or_both_2_and_3_with_dataset_expressions to None, run_after=None
[2025-10-07T22:07:56.462+0000] {logging_mixin.py:188} INFO - [2025-10-07T22:07:56.462+0000] {dag.py:3954} INFO - Setting next_dagrun for dataset_consumes_1 to None, run_after=None
[2025-10-07T22:07:56.463+0000] {logging_mixin.py:188} INFO - [2025-10-07T22:07:56.463+0000] {dag.py:3954} INFO - Setting next_dagrun for dataset_consumes_1_and_2 to None, run_after=None
[2025-10-07T22:07:56.465+0000] {logging_mixin.py:188} INFO - [2025-10-07T22:07:56.465+0000] {dag.py:3954} INFO - Setting next_dagrun for dataset_consumes_1_never_scheduled to None, run_after=None
[2025-10-07T22:07:56.465+0000] {logging_mixin.py:188} INFO - [2025-10-07T22:07:56.465+0000] {dag.py:3954} INFO - Setting next_dagrun for dataset_consumes_unknown_never_scheduled to None, run_after=None
[2025-10-07T22:07:56.469+0000] {logging_mixin.py:188} INFO - [2025-10-07T22:07:56.469+0000] {dag.py:3954} INFO - Setting next_dagrun for dataset_produces_1 to 2025-10-06 00:00:00+00:00, run_after=2025-10-07 00:00:00+00:00
[2025-10-07T22:07:56.471+0000] {logging_mixin.py:188} INFO - [2025-10-07T22:07:56.471+0000] {dag.py:3954} INFO - Setting next_dagrun for dataset_produces_2 to None, run_after=None
[2025-10-07T22:07:56.497+0000] {processor.py:183} INFO - Processing /home/airflow/.local/lib/python3.12/site-packages/airflow/example_dags/example_datasets.py took 0.108 seconds
[2025-10-07T22:08:26.612+0000] {processor.py:161} INFO - Started process (PID=1068) to work on /home/airflow/.local/lib/python3.12/site-packages/airflow/example_dags/example_datasets.py
[2025-10-07T22:08:26.612+0000] {processor.py:830} INFO - Processing file /home/airflow/.local/lib/python3.12/site-packages/airflow/example_dags/example_datasets.py for tasks to queue
[2025-10-07T22:08:26.613+0000] {logging_mixin.py:188} INFO - [2025-10-07T22:08:26.613+0000] {dagbag.py:545} INFO - Filling up the DagBag from /home/airflow/.local/lib/python3.12/site-packages/airflow/example_dags/example_datasets.py
[2025-10-07T22:08:26.620+0000] {processor.py:840} INFO - DAG(s) 'dataset_consumes_1_and_2', 'consume_1_and_2_with_dataset_expressions', 'dataset_consumes_unknown_never_scheduled', 'consume_1_or_2_with_dataset_expressions', 'dataset_produces_2', 'consume_1_or_both_2_and_3_with_dataset_expressions', 'conditional_dataset_and_time_based_timetable', 'dataset_consumes_1_never_scheduled', 'dataset_consumes_1', 'dataset_produces_1' retrieved from /home/airflow/.local/lib/python3.12/site-packages/airflow/example_dags/example_datasets.py
[2025-10-07T22:08:26.651+0000] {logging_mixin.py:188} INFO - [2025-10-07T22:08:26.651+0000] {dag.py:3096} INFO - Sync 10 DAGs
[2025-10-07T22:08:26.664+0000] {logging_mixin.py:188} INFO - [2025-10-07T22:08:26.664+0000] {dag.py:3954} INFO - Setting next_dagrun for conditional_dataset_and_time_based_timetable to 2025-10-01 01:00:00+00:00, run_after=2025-10-01 01:00:00+00:00
[2025-10-07T22:08:26.667+0000] {logging_mixin.py:188} INFO - [2025-10-07T22:08:26.667+0000] {dag.py:3954} INFO - Setting next_dagrun for consume_1_and_2_with_dataset_expressions to None, run_after=None
[2025-10-07T22:08:26.670+0000] {logging_mixin.py:188} INFO - [2025-10-07T22:08:26.670+0000] {dag.py:3954} INFO - Setting next_dagrun for consume_1_or_2_with_dataset_expressions to None, run_after=None
[2025-10-07T22:08:26.671+0000] {logging_mixin.py:188} INFO - [2025-10-07T22:08:26.671+0000] {dag.py:3954} INFO - Setting next_dagrun for consume_1_or_both_2_and_3_with_dataset_expressions to None, run_after=None
[2025-10-07T22:08:26.671+0000] {logging_mixin.py:188} INFO - [2025-10-07T22:08:26.671+0000] {dag.py:3954} INFO - Setting next_dagrun for dataset_consumes_1 to None, run_after=None
[2025-10-07T22:08:26.672+0000] {logging_mixin.py:188} INFO - [2025-10-07T22:08:26.672+0000] {dag.py:3954} INFO - Setting next_dagrun for dataset_consumes_1_and_2 to None, run_after=None
[2025-10-07T22:08:26.673+0000] {logging_mixin.py:188} INFO - [2025-10-07T22:08:26.672+0000] {dag.py:3954} INFO - Setting next_dagrun for dataset_consumes_1_never_scheduled to None, run_after=None
[2025-10-07T22:08:26.673+0000] {logging_mixin.py:188} INFO - [2025-10-07T22:08:26.673+0000] {dag.py:3954} INFO - Setting next_dagrun for dataset_consumes_unknown_never_scheduled to None, run_after=None
[2025-10-07T22:08:26.674+0000] {logging_mixin.py:188} INFO - [2025-10-07T22:08:26.674+0000] {dag.py:3954} INFO - Setting next_dagrun for dataset_produces_1 to 2025-10-06 00:00:00+00:00, run_after=2025-10-07 00:00:00+00:00
[2025-10-07T22:08:26.674+0000] {logging_mixin.py:188} INFO - [2025-10-07T22:08:26.674+0000] {dag.py:3954} INFO - Setting next_dagrun for dataset_produces_2 to None, run_after=None
[2025-10-07T22:08:26.698+0000] {processor.py:183} INFO - Processing /home/airflow/.local/lib/python3.12/site-packages/airflow/example_dags/example_datasets.py took 0.089 seconds
[2025-10-07T22:08:56.755+0000] {processor.py:161} INFO - Started process (PID=1128) to work on /home/airflow/.local/lib/python3.12/site-packages/airflow/example_dags/example_datasets.py
[2025-10-07T22:08:56.755+0000] {processor.py:830} INFO - Processing file /home/airflow/.local/lib/python3.12/site-packages/airflow/example_dags/example_datasets.py for tasks to queue
[2025-10-07T22:08:56.756+0000] {logging_mixin.py:188} INFO - [2025-10-07T22:08:56.756+0000] {dagbag.py:545} INFO - Filling up the DagBag from /home/airflow/.local/lib/python3.12/site-packages/airflow/example_dags/example_datasets.py
[2025-10-07T22:08:56.763+0000] {processor.py:840} INFO - DAG(s) 'consume_1_and_2_with_dataset_expressions', 'dataset_produces_2', 'dataset_consumes_1_and_2', 'consume_1_or_both_2_and_3_with_dataset_expressions', 'dataset_consumes_1', 'dataset_consumes_unknown_never_scheduled', 'dataset_consumes_1_never_scheduled', 'dataset_produces_1', 'consume_1_or_2_with_dataset_expressions', 'conditional_dataset_and_time_based_timetable' retrieved from /home/airflow/.local/lib/python3.12/site-packages/airflow/example_dags/example_datasets.py
[2025-10-07T22:08:56.787+0000] {logging_mixin.py:188} INFO - [2025-10-07T22:08:56.787+0000] {dag.py:3096} INFO - Sync 10 DAGs
[2025-10-07T22:08:56.801+0000] {logging_mixin.py:188} INFO - [2025-10-07T22:08:56.801+0000] {dag.py:3954} INFO - Setting next_dagrun for conditional_dataset_and_time_based_timetable to 2025-10-01 01:00:00+00:00, run_after=2025-10-01 01:00:00+00:00
[2025-10-07T22:08:56.804+0000] {logging_mixin.py:188} INFO - [2025-10-07T22:08:56.804+0000] {dag.py:3954} INFO - Setting next_dagrun for consume_1_and_2_with_dataset_expressions to None, run_after=None
[2025-10-07T22:08:56.805+0000] {logging_mixin.py:188} INFO - [2025-10-07T22:08:56.804+0000] {dag.py:3954} INFO - Setting next_dagrun for consume_1_or_2_with_dataset_expressions to None, run_after=None
[2025-10-07T22:08:56.807+0000] {logging_mixin.py:188} INFO - [2025-10-07T22:08:56.807+0000] {dag.py:3954} INFO - Setting next_dagrun for consume_1_or_both_2_and_3_with_dataset_expressions to None, run_after=None
[2025-10-07T22:08:56.808+0000] {logging_mixin.py:188} INFO - [2025-10-07T22:08:56.808+0000] {dag.py:3954} INFO - Setting next_dagrun for dataset_consumes_1 to None, run_after=None
[2025-10-07T22:08:56.808+0000] {logging_mixin.py:188} INFO - [2025-10-07T22:08:56.808+0000] {dag.py:3954} INFO - Setting next_dagrun for dataset_consumes_1_and_2 to None, run_after=None
[2025-10-07T22:08:56.809+0000] {logging_mixin.py:188} INFO - [2025-10-07T22:08:56.809+0000] {dag.py:3954} INFO - Setting next_dagrun for dataset_consumes_1_never_scheduled to None, run_after=None
[2025-10-07T22:08:56.809+0000] {logging_mixin.py:188} INFO - [2025-10-07T22:08:56.809+0000] {dag.py:3954} INFO - Setting next_dagrun for dataset_consumes_unknown_never_scheduled to None, run_after=None
[2025-10-07T22:08:56.810+0000] {logging_mixin.py:188} INFO - [2025-10-07T22:08:56.810+0000] {dag.py:3954} INFO - Setting next_dagrun for dataset_produces_1 to 2025-10-06 00:00:00+00:00, run_after=2025-10-07 00:00:00+00:00
[2025-10-07T22:08:56.811+0000] {logging_mixin.py:188} INFO - [2025-10-07T22:08:56.811+0000] {dag.py:3954} INFO - Setting next_dagrun for dataset_produces_2 to None, run_after=None
[2025-10-07T22:08:56.830+0000] {processor.py:183} INFO - Processing /home/airflow/.local/lib/python3.12/site-packages/airflow/example_dags/example_datasets.py took 0.078 seconds
[2025-10-07T22:09:26.998+0000] {processor.py:161} INFO - Started process (PID=1187) to work on /home/airflow/.local/lib/python3.12/site-packages/airflow/example_dags/example_datasets.py
[2025-10-07T22:09:26.999+0000] {processor.py:830} INFO - Processing file /home/airflow/.local/lib/python3.12/site-packages/airflow/example_dags/example_datasets.py for tasks to queue
[2025-10-07T22:09:27.001+0000] {logging_mixin.py:188} INFO - [2025-10-07T22:09:27.001+0000] {dagbag.py:545} INFO - Filling up the DagBag from /home/airflow/.local/lib/python3.12/site-packages/airflow/example_dags/example_datasets.py
[2025-10-07T22:09:27.008+0000] {processor.py:840} INFO - DAG(s) 'dataset_consumes_1_never_scheduled', 'dataset_consumes_1_and_2', 'consume_1_and_2_with_dataset_expressions', 'dataset_produces_1', 'conditional_dataset_and_time_based_timetable', 'dataset_produces_2', 'dataset_consumes_1', 'consume_1_or_2_with_dataset_expressions', 'dataset_consumes_unknown_never_scheduled', 'consume_1_or_both_2_and_3_with_dataset_expressions' retrieved from /home/airflow/.local/lib/python3.12/site-packages/airflow/example_dags/example_datasets.py
[2025-10-07T22:09:27.034+0000] {logging_mixin.py:188} INFO - [2025-10-07T22:09:27.034+0000] {dag.py:3096} INFO - Sync 10 DAGs
[2025-10-07T22:09:27.048+0000] {logging_mixin.py:188} INFO - [2025-10-07T22:09:27.048+0000] {dag.py:3954} INFO - Setting next_dagrun for conditional_dataset_and_time_based_timetable to 2025-10-01 01:00:00+00:00, run_after=2025-10-01 01:00:00+00:00
[2025-10-07T22:09:27.050+0000] {logging_mixin.py:188} INFO - [2025-10-07T22:09:27.050+0000] {dag.py:3954} INFO - Setting next_dagrun for consume_1_and_2_with_dataset_expressions to None, run_after=None
[2025-10-07T22:09:27.051+0000] {logging_mixin.py:188} INFO - [2025-10-07T22:09:27.050+0000] {dag.py:3954} INFO - Setting next_dagrun for consume_1_or_2_with_dataset_expressions to None, run_after=None
[2025-10-07T22:09:27.051+0000] {logging_mixin.py:188} INFO - [2025-10-07T22:09:27.051+0000] {dag.py:3954} INFO - Setting next_dagrun for consume_1_or_both_2_and_3_with_dataset_expressions to None, run_after=None
[2025-10-07T22:09:27.052+0000] {logging_mixin.py:188} INFO - [2025-10-07T22:09:27.051+0000] {dag.py:3954} INFO - Setting next_dagrun for dataset_consumes_1 to None, run_after=None
[2025-10-07T22:09:27.052+0000] {logging_mixin.py:188} INFO - [2025-10-07T22:09:27.052+0000] {dag.py:3954} INFO - Setting next_dagrun for dataset_consumes_1_and_2 to None, run_after=None
[2025-10-07T22:09:27.052+0000] {logging_mixin.py:188} INFO - [2025-10-07T22:09:27.052+0000] {dag.py:3954} INFO - Setting next_dagrun for dataset_consumes_1_never_scheduled to None, run_after=None
[2025-10-07T22:09:27.053+0000] {logging_mixin.py:188} INFO - [2025-10-07T22:09:27.053+0000] {dag.py:3954} INFO - Setting next_dagrun for dataset_consumes_unknown_never_scheduled to None, run_after=None
[2025-10-07T22:09:27.054+0000] {logging_mixin.py:188} INFO - [2025-10-07T22:09:27.054+0000] {dag.py:3954} INFO - Setting next_dagrun for dataset_produces_1 to 2025-10-06 00:00:00+00:00, run_after=2025-10-07 00:00:00+00:00
[2025-10-07T22:09:27.055+0000] {logging_mixin.py:188} INFO - [2025-10-07T22:09:27.054+0000] {dag.py:3954} INFO - Setting next_dagrun for dataset_produces_2 to None, run_after=None
[2025-10-07T22:09:27.070+0000] {processor.py:183} INFO - Processing /home/airflow/.local/lib/python3.12/site-packages/airflow/example_dags/example_datasets.py took 0.075 seconds
[2025-10-07T22:09:57.157+0000] {processor.py:161} INFO - Started process (PID=1245) to work on /home/airflow/.local/lib/python3.12/site-packages/airflow/example_dags/example_datasets.py
[2025-10-07T22:09:57.157+0000] {processor.py:830} INFO - Processing file /home/airflow/.local/lib/python3.12/site-packages/airflow/example_dags/example_datasets.py for tasks to queue
[2025-10-07T22:09:57.158+0000] {logging_mixin.py:188} INFO - [2025-10-07T22:09:57.158+0000] {dagbag.py:545} INFO - Filling up the DagBag from /home/airflow/.local/lib/python3.12/site-packages/airflow/example_dags/example_datasets.py
[2025-10-07T22:09:57.168+0000] {processor.py:840} INFO - DAG(s) 'dataset_consumes_1_and_2', 'consume_1_or_2_with_dataset_expressions', 'dataset_consumes_1', 'consume_1_and_2_with_dataset_expressions', 'consume_1_or_both_2_and_3_with_dataset_expressions', 'dataset_produces_1', 'dataset_consumes_1_never_scheduled', 'dataset_produces_2', 'conditional_dataset_and_time_based_timetable', 'dataset_consumes_unknown_never_scheduled' retrieved from /home/airflow/.local/lib/python3.12/site-packages/airflow/example_dags/example_datasets.py
[2025-10-07T22:09:57.195+0000] {logging_mixin.py:188} INFO - [2025-10-07T22:09:57.195+0000] {dag.py:3096} INFO - Sync 10 DAGs
[2025-10-07T22:09:57.208+0000] {logging_mixin.py:188} INFO - [2025-10-07T22:09:57.208+0000] {dag.py:3954} INFO - Setting next_dagrun for conditional_dataset_and_time_based_timetable to 2025-10-01 01:00:00+00:00, run_after=2025-10-01 01:00:00+00:00
[2025-10-07T22:09:57.210+0000] {logging_mixin.py:188} INFO - [2025-10-07T22:09:57.210+0000] {dag.py:3954} INFO - Setting next_dagrun for consume_1_and_2_with_dataset_expressions to None, run_after=None
[2025-10-07T22:09:57.211+0000] {logging_mixin.py:188} INFO - [2025-10-07T22:09:57.211+0000] {dag.py:3954} INFO - Setting next_dagrun for consume_1_or_2_with_dataset_expressions to None, run_after=None
[2025-10-07T22:09:57.212+0000] {logging_mixin.py:188} INFO - [2025-10-07T22:09:57.212+0000] {dag.py:3954} INFO - Setting next_dagrun for consume_1_or_both_2_and_3_with_dataset_expressions to None, run_after=None
[2025-10-07T22:09:57.213+0000] {logging_mixin.py:188} INFO - [2025-10-07T22:09:57.213+0000] {dag.py:3954} INFO - Setting next_dagrun for dataset_consumes_1 to None, run_after=None
[2025-10-07T22:09:57.213+0000] {logging_mixin.py:188} INFO - [2025-10-07T22:09:57.213+0000] {dag.py:3954} INFO - Setting next_dagrun for dataset_consumes_1_and_2 to None, run_after=None
[2025-10-07T22:09:57.214+0000] {logging_mixin.py:188} INFO - [2025-10-07T22:09:57.214+0000] {dag.py:3954} INFO - Setting next_dagrun for dataset_consumes_1_never_scheduled to None, run_after=None
[2025-10-07T22:09:57.215+0000] {logging_mixin.py:188} INFO - [2025-10-07T22:09:57.215+0000] {dag.py:3954} INFO - Setting next_dagrun for dataset_consumes_unknown_never_scheduled to None, run_after=None
[2025-10-07T22:09:57.216+0000] {logging_mixin.py:188} INFO - [2025-10-07T22:09:57.216+0000] {dag.py:3954} INFO - Setting next_dagrun for dataset_produces_1 to 2025-10-06 00:00:00+00:00, run_after=2025-10-07 00:00:00+00:00
[2025-10-07T22:09:57.216+0000] {logging_mixin.py:188} INFO - [2025-10-07T22:09:57.216+0000] {dag.py:3954} INFO - Setting next_dagrun for dataset_produces_2 to None, run_after=None
[2025-10-07T22:09:57.236+0000] {processor.py:183} INFO - Processing /home/airflow/.local/lib/python3.12/site-packages/airflow/example_dags/example_datasets.py took 0.082 seconds
[2025-10-07T22:10:27.339+0000] {processor.py:161} INFO - Started process (PID=1304) to work on /home/airflow/.local/lib/python3.12/site-packages/airflow/example_dags/example_datasets.py
[2025-10-07T22:10:27.340+0000] {processor.py:830} INFO - Processing file /home/airflow/.local/lib/python3.12/site-packages/airflow/example_dags/example_datasets.py for tasks to queue
[2025-10-07T22:10:27.341+0000] {logging_mixin.py:188} INFO - [2025-10-07T22:10:27.341+0000] {dagbag.py:545} INFO - Filling up the DagBag from /home/airflow/.local/lib/python3.12/site-packages/airflow/example_dags/example_datasets.py
[2025-10-07T22:10:27.348+0000] {processor.py:840} INFO - DAG(s) 'dataset_consumes_unknown_never_scheduled', 'dataset_consumes_1', 'consume_1_and_2_with_dataset_expressions', 'dataset_produces_1', 'consume_1_or_both_2_and_3_with_dataset_expressions', 'consume_1_or_2_with_dataset_expressions', 'dataset_consumes_1_never_scheduled', 'dataset_produces_2', 'conditional_dataset_and_time_based_timetable', 'dataset_consumes_1_and_2' retrieved from /home/airflow/.local/lib/python3.12/site-packages/airflow/example_dags/example_datasets.py
[2025-10-07T22:10:27.376+0000] {logging_mixin.py:188} INFO - [2025-10-07T22:10:27.376+0000] {dag.py:3096} INFO - Sync 10 DAGs
[2025-10-07T22:10:27.388+0000] {logging_mixin.py:188} INFO - [2025-10-07T22:10:27.388+0000] {dag.py:3954} INFO - Setting next_dagrun for conditional_dataset_and_time_based_timetable to 2025-10-01 01:00:00+00:00, run_after=2025-10-01 01:00:00+00:00
[2025-10-07T22:10:27.390+0000] {logging_mixin.py:188} INFO - [2025-10-07T22:10:27.390+0000] {dag.py:3954} INFO - Setting next_dagrun for consume_1_and_2_with_dataset_expressions to None, run_after=None
[2025-10-07T22:10:27.391+0000] {logging_mixin.py:188} INFO - [2025-10-07T22:10:27.391+0000] {dag.py:3954} INFO - Setting next_dagrun for consume_1_or_2_with_dataset_expressions to None, run_after=None
[2025-10-07T22:10:27.391+0000] {logging_mixin.py:188} INFO - [2025-10-07T22:10:27.391+0000] {dag.py:3954} INFO - Setting next_dagrun for consume_1_or_both_2_and_3_with_dataset_expressions to None, run_after=None
[2025-10-07T22:10:27.392+0000] {logging_mixin.py:188} INFO - [2025-10-07T22:10:27.392+0000] {dag.py:3954} INFO - Setting next_dagrun for dataset_consumes_1 to None, run_after=None
[2025-10-07T22:10:27.392+0000] {logging_mixin.py:188} INFO - [2025-10-07T22:10:27.392+0000] {dag.py:3954} INFO - Setting next_dagrun for dataset_consumes_1_and_2 to None, run_after=None
[2025-10-07T22:10:27.393+0000] {logging_mixin.py:188} INFO - [2025-10-07T22:10:27.393+0000] {dag.py:3954} INFO - Setting next_dagrun for dataset_consumes_1_never_scheduled to None, run_after=None
[2025-10-07T22:10:27.393+0000] {logging_mixin.py:188} INFO - [2025-10-07T22:10:27.393+0000] {dag.py:3954} INFO - Setting next_dagrun for dataset_consumes_unknown_never_scheduled to None, run_after=None
[2025-10-07T22:10:27.394+0000] {logging_mixin.py:188} INFO - [2025-10-07T22:10:27.394+0000] {dag.py:3954} INFO - Setting next_dagrun for dataset_produces_1 to 2025-10-06 00:00:00+00:00, run_after=2025-10-07 00:00:00+00:00
[2025-10-07T22:10:27.395+0000] {logging_mixin.py:188} INFO - [2025-10-07T22:10:27.395+0000] {dag.py:3954} INFO - Setting next_dagrun for dataset_produces_2 to None, run_after=None
[2025-10-07T22:10:27.416+0000] {processor.py:183} INFO - Processing /home/airflow/.local/lib/python3.12/site-packages/airflow/example_dags/example_datasets.py took 0.080 seconds
[2025-10-07T22:10:57.458+0000] {processor.py:161} INFO - Started process (PID=1363) to work on /home/airflow/.local/lib/python3.12/site-packages/airflow/example_dags/example_datasets.py
[2025-10-07T22:10:57.459+0000] {processor.py:830} INFO - Processing file /home/airflow/.local/lib/python3.12/site-packages/airflow/example_dags/example_datasets.py for tasks to queue
[2025-10-07T22:10:57.460+0000] {logging_mixin.py:188} INFO - [2025-10-07T22:10:57.460+0000] {dagbag.py:545} INFO - Filling up the DagBag from /home/airflow/.local/lib/python3.12/site-packages/airflow/example_dags/example_datasets.py
[2025-10-07T22:10:57.467+0000] {processor.py:840} INFO - DAG(s) 'dataset_consumes_1_and_2', 'dataset_produces_1', 'conditional_dataset_and_time_based_timetable', 'consume_1_and_2_with_dataset_expressions', 'dataset_consumes_1', 'consume_1_or_both_2_and_3_with_dataset_expressions', 'dataset_consumes_unknown_never_scheduled', 'consume_1_or_2_with_dataset_expressions', 'dataset_consumes_1_never_scheduled', 'dataset_produces_2' retrieved from /home/airflow/.local/lib/python3.12/site-packages/airflow/example_dags/example_datasets.py
[2025-10-07T22:10:57.492+0000] {logging_mixin.py:188} INFO - [2025-10-07T22:10:57.491+0000] {dag.py:3096} INFO - Sync 10 DAGs
[2025-10-07T22:10:57.503+0000] {logging_mixin.py:188} INFO - [2025-10-07T22:10:57.503+0000] {dag.py:3954} INFO - Setting next_dagrun for conditional_dataset_and_time_based_timetable to 2025-10-01 01:00:00+00:00, run_after=2025-10-01 01:00:00+00:00
[2025-10-07T22:10:57.507+0000] {logging_mixin.py:188} INFO - [2025-10-07T22:10:57.507+0000] {dag.py:3954} INFO - Setting next_dagrun for consume_1_and_2_with_dataset_expressions to None, run_after=None
[2025-10-07T22:10:57.510+0000] {logging_mixin.py:188} INFO - [2025-10-07T22:10:57.510+0000] {dag.py:3954} INFO - Setting next_dagrun for consume_1_or_2_with_dataset_expressions to None, run_after=None
[2025-10-07T22:10:57.511+0000] {logging_mixin.py:188} INFO - [2025-10-07T22:10:57.511+0000] {dag.py:3954} INFO - Setting next_dagrun for consume_1_or_both_2_and_3_with_dataset_expressions to None, run_after=None
[2025-10-07T22:10:57.512+0000] {logging_mixin.py:188} INFO - [2025-10-07T22:10:57.512+0000] {dag.py:3954} INFO - Setting next_dagrun for dataset_consumes_1 to None, run_after=None
[2025-10-07T22:10:57.512+0000] {logging_mixin.py:188} INFO - [2025-10-07T22:10:57.512+0000] {dag.py:3954} INFO - Setting next_dagrun for dataset_consumes_1_and_2 to None, run_after=None
[2025-10-07T22:10:57.514+0000] {logging_mixin.py:188} INFO - [2025-10-07T22:10:57.514+0000] {dag.py:3954} INFO - Setting next_dagrun for dataset_consumes_1_never_scheduled to None, run_after=None
[2025-10-07T22:10:57.515+0000] {logging_mixin.py:188} INFO - [2025-10-07T22:10:57.515+0000] {dag.py:3954} INFO - Setting next_dagrun for dataset_consumes_unknown_never_scheduled to None, run_after=None
[2025-10-07T22:10:57.515+0000] {logging_mixin.py:188} INFO - [2025-10-07T22:10:57.515+0000] {dag.py:3954} INFO - Setting next_dagrun for dataset_produces_1 to 2025-10-06 00:00:00+00:00, run_after=2025-10-07 00:00:00+00:00
[2025-10-07T22:10:57.517+0000] {logging_mixin.py:188} INFO - [2025-10-07T22:10:57.517+0000] {dag.py:3954} INFO - Setting next_dagrun for dataset_produces_2 to None, run_after=None
[2025-10-07T22:10:57.536+0000] {processor.py:183} INFO - Processing /home/airflow/.local/lib/python3.12/site-packages/airflow/example_dags/example_datasets.py took 0.081 seconds
[2025-10-07T22:11:27.571+0000] {processor.py:161} INFO - Started process (PID=1422) to work on /home/airflow/.local/lib/python3.12/site-packages/airflow/example_dags/example_datasets.py
[2025-10-07T22:11:27.574+0000] {processor.py:830} INFO - Processing file /home/airflow/.local/lib/python3.12/site-packages/airflow/example_dags/example_datasets.py for tasks to queue
[2025-10-07T22:11:27.575+0000] {logging_mixin.py:188} INFO - [2025-10-07T22:11:27.574+0000] {dagbag.py:545} INFO - Filling up the DagBag from /home/airflow/.local/lib/python3.12/site-packages/airflow/example_dags/example_datasets.py
[2025-10-07T22:11:27.581+0000] {processor.py:840} INFO - DAG(s) 'dataset_consumes_1', 'dataset_produces_1', 'conditional_dataset_and_time_based_timetable', 'consume_1_and_2_with_dataset_expressions', 'dataset_produces_2', 'dataset_consumes_1_never_scheduled', 'dataset_consumes_unknown_never_scheduled', 'consume_1_or_both_2_and_3_with_dataset_expressions', 'dataset_consumes_1_and_2', 'consume_1_or_2_with_dataset_expressions' retrieved from /home/airflow/.local/lib/python3.12/site-packages/airflow/example_dags/example_datasets.py
[2025-10-07T22:11:27.605+0000] {logging_mixin.py:188} INFO - [2025-10-07T22:11:27.605+0000] {dag.py:3096} INFO - Sync 10 DAGs
[2025-10-07T22:11:27.617+0000] {logging_mixin.py:188} INFO - [2025-10-07T22:11:27.617+0000] {dag.py:3954} INFO - Setting next_dagrun for conditional_dataset_and_time_based_timetable to 2025-10-01 01:00:00+00:00, run_after=2025-10-01 01:00:00+00:00
[2025-10-07T22:11:27.619+0000] {logging_mixin.py:188} INFO - [2025-10-07T22:11:27.619+0000] {dag.py:3954} INFO - Setting next_dagrun for consume_1_and_2_with_dataset_expressions to None, run_after=None
[2025-10-07T22:11:27.619+0000] {logging_mixin.py:188} INFO - [2025-10-07T22:11:27.619+0000] {dag.py:3954} INFO - Setting next_dagrun for consume_1_or_2_with_dataset_expressions to None, run_after=None
[2025-10-07T22:11:27.621+0000] {logging_mixin.py:188} INFO - [2025-10-07T22:11:27.621+0000] {dag.py:3954} INFO - Setting next_dagrun for consume_1_or_both_2_and_3_with_dataset_expressions to None, run_after=None
[2025-10-07T22:11:27.622+0000] {logging_mixin.py:188} INFO - [2025-10-07T22:11:27.622+0000] {dag.py:3954} INFO - Setting next_dagrun for dataset_consumes_1 to None, run_after=None
[2025-10-07T22:11:27.623+0000] {logging_mixin.py:188} INFO - [2025-10-07T22:11:27.622+0000] {dag.py:3954} INFO - Setting next_dagrun for dataset_consumes_1_and_2 to None, run_after=None
[2025-10-07T22:11:27.623+0000] {logging_mixin.py:188} INFO - [2025-10-07T22:11:27.623+0000] {dag.py:3954} INFO - Setting next_dagrun for dataset_consumes_1_never_scheduled to None, run_after=None
[2025-10-07T22:11:27.624+0000] {logging_mixin.py:188} INFO - [2025-10-07T22:11:27.624+0000] {dag.py:3954} INFO - Setting next_dagrun for dataset_consumes_unknown_never_scheduled to None, run_after=None
[2025-10-07T22:11:27.625+0000] {logging_mixin.py:188} INFO - [2025-10-07T22:11:27.625+0000] {dag.py:3954} INFO - Setting next_dagrun for dataset_produces_1 to 2025-10-06 00:00:00+00:00, run_after=2025-10-07 00:00:00+00:00
[2025-10-07T22:11:27.627+0000] {logging_mixin.py:188} INFO - [2025-10-07T22:11:27.626+0000] {dag.py:3954} INFO - Setting next_dagrun for dataset_produces_2 to None, run_after=None
[2025-10-07T22:11:27.647+0000] {processor.py:183} INFO - Processing /home/airflow/.local/lib/python3.12/site-packages/airflow/example_dags/example_datasets.py took 0.079 seconds
[2025-10-07T22:11:57.662+0000] {processor.py:161} INFO - Started process (PID=1479) to work on /home/airflow/.local/lib/python3.12/site-packages/airflow/example_dags/example_datasets.py
[2025-10-07T22:11:57.662+0000] {processor.py:830} INFO - Processing file /home/airflow/.local/lib/python3.12/site-packages/airflow/example_dags/example_datasets.py for tasks to queue
[2025-10-07T22:11:57.663+0000] {logging_mixin.py:188} INFO - [2025-10-07T22:11:57.663+0000] {dagbag.py:545} INFO - Filling up the DagBag from /home/airflow/.local/lib/python3.12/site-packages/airflow/example_dags/example_datasets.py
[2025-10-07T22:11:57.669+0000] {processor.py:840} INFO - DAG(s) 'dataset_consumes_1', 'consume_1_or_both_2_and_3_with_dataset_expressions', 'conditional_dataset_and_time_based_timetable', 'dataset_consumes_1_and_2', 'dataset_produces_1', 'dataset_consumes_unknown_never_scheduled', 'consume_1_or_2_with_dataset_expressions', 'dataset_consumes_1_never_scheduled', 'dataset_produces_2', 'consume_1_and_2_with_dataset_expressions' retrieved from /home/airflow/.local/lib/python3.12/site-packages/airflow/example_dags/example_datasets.py
[2025-10-07T22:11:57.694+0000] {logging_mixin.py:188} INFO - [2025-10-07T22:11:57.694+0000] {dag.py:3096} INFO - Sync 10 DAGs
[2025-10-07T22:11:57.705+0000] {logging_mixin.py:188} INFO - [2025-10-07T22:11:57.705+0000] {dag.py:3954} INFO - Setting next_dagrun for conditional_dataset_and_time_based_timetable to 2025-10-01 01:00:00+00:00, run_after=2025-10-01 01:00:00+00:00
[2025-10-07T22:11:57.707+0000] {logging_mixin.py:188} INFO - [2025-10-07T22:11:57.707+0000] {dag.py:3954} INFO - Setting next_dagrun for consume_1_and_2_with_dataset_expressions to None, run_after=None
[2025-10-07T22:11:57.708+0000] {logging_mixin.py:188} INFO - [2025-10-07T22:11:57.708+0000] {dag.py:3954} INFO - Setting next_dagrun for consume_1_or_2_with_dataset_expressions to None, run_after=None
[2025-10-07T22:11:57.709+0000] {logging_mixin.py:188} INFO - [2025-10-07T22:11:57.708+0000] {dag.py:3954} INFO - Setting next_dagrun for consume_1_or_both_2_and_3_with_dataset_expressions to None, run_after=None
[2025-10-07T22:11:57.709+0000] {logging_mixin.py:188} INFO - [2025-10-07T22:11:57.709+0000] {dag.py:3954} INFO - Setting next_dagrun for dataset_consumes_1 to None, run_after=None
[2025-10-07T22:11:57.710+0000] {logging_mixin.py:188} INFO - [2025-10-07T22:11:57.710+0000] {dag.py:3954} INFO - Setting next_dagrun for dataset_consumes_1_and_2 to None, run_after=None
[2025-10-07T22:11:57.710+0000] {logging_mixin.py:188} INFO - [2025-10-07T22:11:57.710+0000] {dag.py:3954} INFO - Setting next_dagrun for dataset_consumes_1_never_scheduled to None, run_after=None
[2025-10-07T22:11:57.711+0000] {logging_mixin.py:188} INFO - [2025-10-07T22:11:57.711+0000] {dag.py:3954} INFO - Setting next_dagrun for dataset_consumes_unknown_never_scheduled to None, run_after=None
[2025-10-07T22:11:57.712+0000] {logging_mixin.py:188} INFO - [2025-10-07T22:11:57.711+0000] {dag.py:3954} INFO - Setting next_dagrun for dataset_produces_1 to 2025-10-06 00:00:00+00:00, run_after=2025-10-07 00:00:00+00:00
[2025-10-07T22:11:57.712+0000] {logging_mixin.py:188} INFO - [2025-10-07T22:11:57.712+0000] {dag.py:3954} INFO - Setting next_dagrun for dataset_produces_2 to None, run_after=None
[2025-10-07T22:11:57.727+0000] {processor.py:183} INFO - Processing /home/airflow/.local/lib/python3.12/site-packages/airflow/example_dags/example_datasets.py took 0.068 seconds
[2025-10-07T22:12:27.838+0000] {processor.py:161} INFO - Started process (PID=1538) to work on /home/airflow/.local/lib/python3.12/site-packages/airflow/example_dags/example_datasets.py
[2025-10-07T22:12:27.839+0000] {processor.py:830} INFO - Processing file /home/airflow/.local/lib/python3.12/site-packages/airflow/example_dags/example_datasets.py for tasks to queue
[2025-10-07T22:12:27.841+0000] {logging_mixin.py:188} INFO - [2025-10-07T22:12:27.840+0000] {dagbag.py:545} INFO - Filling up the DagBag from /home/airflow/.local/lib/python3.12/site-packages/airflow/example_dags/example_datasets.py
[2025-10-07T22:12:27.848+0000] {processor.py:840} INFO - DAG(s) 'dataset_consumes_unknown_never_scheduled', 'consume_1_or_2_with_dataset_expressions', 'consume_1_and_2_with_dataset_expressions', 'dataset_produces_1', 'dataset_produces_2', 'dataset_consumes_1_and_2', 'dataset_consumes_1', 'consume_1_or_both_2_and_3_with_dataset_expressions', 'conditional_dataset_and_time_based_timetable', 'dataset_consumes_1_never_scheduled' retrieved from /home/airflow/.local/lib/python3.12/site-packages/airflow/example_dags/example_datasets.py
[2025-10-07T22:12:27.876+0000] {logging_mixin.py:188} INFO - [2025-10-07T22:12:27.876+0000] {dag.py:3096} INFO - Sync 10 DAGs
[2025-10-07T22:12:27.889+0000] {logging_mixin.py:188} INFO - [2025-10-07T22:12:27.889+0000] {dag.py:3954} INFO - Setting next_dagrun for conditional_dataset_and_time_based_timetable to 2025-10-01 01:00:00+00:00, run_after=2025-10-01 01:00:00+00:00
[2025-10-07T22:12:27.892+0000] {logging_mixin.py:188} INFO - [2025-10-07T22:12:27.891+0000] {dag.py:3954} INFO - Setting next_dagrun for consume_1_and_2_with_dataset_expressions to None, run_after=None
[2025-10-07T22:12:27.892+0000] {logging_mixin.py:188} INFO - [2025-10-07T22:12:27.892+0000] {dag.py:3954} INFO - Setting next_dagrun for consume_1_or_2_with_dataset_expressions to None, run_after=None
[2025-10-07T22:12:27.893+0000] {logging_mixin.py:188} INFO - [2025-10-07T22:12:27.893+0000] {dag.py:3954} INFO - Setting next_dagrun for consume_1_or_both_2_and_3_with_dataset_expressions to None, run_after=None
[2025-10-07T22:12:27.893+0000] {logging_mixin.py:188} INFO - [2025-10-07T22:12:27.893+0000] {dag.py:3954} INFO - Setting next_dagrun for dataset_consumes_1 to None, run_after=None
[2025-10-07T22:12:27.894+0000] {logging_mixin.py:188} INFO - [2025-10-07T22:12:27.894+0000] {dag.py:3954} INFO - Setting next_dagrun for dataset_consumes_1_and_2 to None, run_after=None
[2025-10-07T22:12:27.895+0000] {logging_mixin.py:188} INFO - [2025-10-07T22:12:27.895+0000] {dag.py:3954} INFO - Setting next_dagrun for dataset_consumes_1_never_scheduled to None, run_after=None
[2025-10-07T22:12:27.895+0000] {logging_mixin.py:188} INFO - [2025-10-07T22:12:27.895+0000] {dag.py:3954} INFO - Setting next_dagrun for dataset_consumes_unknown_never_scheduled to None, run_after=None
[2025-10-07T22:12:27.896+0000] {logging_mixin.py:188} INFO - [2025-10-07T22:12:27.896+0000] {dag.py:3954} INFO - Setting next_dagrun for dataset_produces_1 to 2025-10-06 00:00:00+00:00, run_after=2025-10-07 00:00:00+00:00
[2025-10-07T22:12:27.897+0000] {logging_mixin.py:188} INFO - [2025-10-07T22:12:27.897+0000] {dag.py:3954} INFO - Setting next_dagrun for dataset_produces_2 to None, run_after=None
[2025-10-07T22:12:27.914+0000] {processor.py:183} INFO - Processing /home/airflow/.local/lib/python3.12/site-packages/airflow/example_dags/example_datasets.py took 0.079 seconds
[2025-10-07T22:12:57.984+0000] {processor.py:161} INFO - Started process (PID=1597) to work on /home/airflow/.local/lib/python3.12/site-packages/airflow/example_dags/example_datasets.py
[2025-10-07T22:12:57.985+0000] {processor.py:830} INFO - Processing file /home/airflow/.local/lib/python3.12/site-packages/airflow/example_dags/example_datasets.py for tasks to queue
[2025-10-07T22:12:57.987+0000] {logging_mixin.py:188} INFO - [2025-10-07T22:12:57.987+0000] {dagbag.py:545} INFO - Filling up the DagBag from /home/airflow/.local/lib/python3.12/site-packages/airflow/example_dags/example_datasets.py
[2025-10-07T22:12:57.996+0000] {processor.py:840} INFO - DAG(s) 'consume_1_or_both_2_and_3_with_dataset_expressions', 'dataset_consumes_1_never_scheduled', 'dataset_consumes_1_and_2', 'dataset_consumes_unknown_never_scheduled', 'consume_1_and_2_with_dataset_expressions', 'conditional_dataset_and_time_based_timetable', 'consume_1_or_2_with_dataset_expressions', 'dataset_consumes_1', 'dataset_produces_1', 'dataset_produces_2' retrieved from /home/airflow/.local/lib/python3.12/site-packages/airflow/example_dags/example_datasets.py
[2025-10-07T22:12:58.019+0000] {logging_mixin.py:188} INFO - [2025-10-07T22:12:58.019+0000] {dag.py:3096} INFO - Sync 10 DAGs
[2025-10-07T22:12:58.032+0000] {logging_mixin.py:188} INFO - [2025-10-07T22:12:58.032+0000] {dag.py:3954} INFO - Setting next_dagrun for conditional_dataset_and_time_based_timetable to 2025-10-01 01:00:00+00:00, run_after=2025-10-01 01:00:00+00:00
[2025-10-07T22:12:58.034+0000] {logging_mixin.py:188} INFO - [2025-10-07T22:12:58.034+0000] {dag.py:3954} INFO - Setting next_dagrun for consume_1_and_2_with_dataset_expressions to None, run_after=None
[2025-10-07T22:12:58.035+0000] {logging_mixin.py:188} INFO - [2025-10-07T22:12:58.035+0000] {dag.py:3954} INFO - Setting next_dagrun for consume_1_or_2_with_dataset_expressions to None, run_after=None
[2025-10-07T22:12:58.035+0000] {logging_mixin.py:188} INFO - [2025-10-07T22:12:58.035+0000] {dag.py:3954} INFO - Setting next_dagrun for consume_1_or_both_2_and_3_with_dataset_expressions to None, run_after=None
[2025-10-07T22:12:58.036+0000] {logging_mixin.py:188} INFO - [2025-10-07T22:12:58.036+0000] {dag.py:3954} INFO - Setting next_dagrun for dataset_consumes_1 to None, run_after=None
[2025-10-07T22:12:58.037+0000] {logging_mixin.py:188} INFO - [2025-10-07T22:12:58.037+0000] {dag.py:3954} INFO - Setting next_dagrun for dataset_consumes_1_and_2 to None, run_after=None
[2025-10-07T22:12:58.037+0000] {logging_mixin.py:188} INFO - [2025-10-07T22:12:58.037+0000] {dag.py:3954} INFO - Setting next_dagrun for dataset_consumes_1_never_scheduled to None, run_after=None
[2025-10-07T22:12:58.038+0000] {logging_mixin.py:188} INFO - [2025-10-07T22:12:58.038+0000] {dag.py:3954} INFO - Setting next_dagrun for dataset_consumes_unknown_never_scheduled to None, run_after=None
[2025-10-07T22:12:58.039+0000] {logging_mixin.py:188} INFO - [2025-10-07T22:12:58.039+0000] {dag.py:3954} INFO - Setting next_dagrun for dataset_produces_1 to 2025-10-06 00:00:00+00:00, run_after=2025-10-07 00:00:00+00:00
[2025-10-07T22:12:58.040+0000] {logging_mixin.py:188} INFO - [2025-10-07T22:12:58.039+0000] {dag.py:3954} INFO - Setting next_dagrun for dataset_produces_2 to None, run_after=None
[2025-10-07T22:12:58.056+0000] {processor.py:183} INFO - Processing /home/airflow/.local/lib/python3.12/site-packages/airflow/example_dags/example_datasets.py took 0.075 seconds
[2025-10-07T22:13:28.296+0000] {processor.py:161} INFO - Started process (PID=1656) to work on /home/airflow/.local/lib/python3.12/site-packages/airflow/example_dags/example_datasets.py
[2025-10-07T22:13:28.298+0000] {processor.py:830} INFO - Processing file /home/airflow/.local/lib/python3.12/site-packages/airflow/example_dags/example_datasets.py for tasks to queue
[2025-10-07T22:13:28.299+0000] {logging_mixin.py:188} INFO - [2025-10-07T22:13:28.299+0000] {dagbag.py:545} INFO - Filling up the DagBag from /home/airflow/.local/lib/python3.12/site-packages/airflow/example_dags/example_datasets.py
[2025-10-07T22:13:28.306+0000] {processor.py:840} INFO - DAG(s) 'dataset_produces_2', 'dataset_produces_1', 'dataset_consumes_1', 'consume_1_and_2_with_dataset_expressions', 'dataset_consumes_1_never_scheduled', 'consume_1_or_both_2_and_3_with_dataset_expressions', 'dataset_consumes_unknown_never_scheduled', 'consume_1_or_2_with_dataset_expressions', 'dataset_consumes_1_and_2', 'conditional_dataset_and_time_based_timetable' retrieved from /home/airflow/.local/lib/python3.12/site-packages/airflow/example_dags/example_datasets.py
[2025-10-07T22:13:28.331+0000] {logging_mixin.py:188} INFO - [2025-10-07T22:13:28.331+0000] {dag.py:3096} INFO - Sync 10 DAGs
[2025-10-07T22:13:28.342+0000] {logging_mixin.py:188} INFO - [2025-10-07T22:13:28.342+0000] {dag.py:3954} INFO - Setting next_dagrun for conditional_dataset_and_time_based_timetable to 2025-10-01 01:00:00+00:00, run_after=2025-10-01 01:00:00+00:00
[2025-10-07T22:13:28.345+0000] {logging_mixin.py:188} INFO - [2025-10-07T22:13:28.344+0000] {dag.py:3954} INFO - Setting next_dagrun for consume_1_and_2_with_dataset_expressions to None, run_after=None
[2025-10-07T22:13:28.345+0000] {logging_mixin.py:188} INFO - [2025-10-07T22:13:28.345+0000] {dag.py:3954} INFO - Setting next_dagrun for consume_1_or_2_with_dataset_expressions to None, run_after=None
[2025-10-07T22:13:28.346+0000] {logging_mixin.py:188} INFO - [2025-10-07T22:13:28.346+0000] {dag.py:3954} INFO - Setting next_dagrun for consume_1_or_both_2_and_3_with_dataset_expressions to None, run_after=None
[2025-10-07T22:13:28.346+0000] {logging_mixin.py:188} INFO - [2025-10-07T22:13:28.346+0000] {dag.py:3954} INFO - Setting next_dagrun for dataset_consumes_1 to None, run_after=None
[2025-10-07T22:13:28.347+0000] {logging_mixin.py:188} INFO - [2025-10-07T22:13:28.347+0000] {dag.py:3954} INFO - Setting next_dagrun for dataset_consumes_1_and_2 to None, run_after=None
[2025-10-07T22:13:28.347+0000] {logging_mixin.py:188} INFO - [2025-10-07T22:13:28.347+0000] {dag.py:3954} INFO - Setting next_dagrun for dataset_consumes_1_never_scheduled to None, run_after=None
[2025-10-07T22:13:28.348+0000] {logging_mixin.py:188} INFO - [2025-10-07T22:13:28.348+0000] {dag.py:3954} INFO - Setting next_dagrun for dataset_consumes_unknown_never_scheduled to None, run_after=None
[2025-10-07T22:13:28.349+0000] {logging_mixin.py:188} INFO - [2025-10-07T22:13:28.349+0000] {dag.py:3954} INFO - Setting next_dagrun for dataset_produces_1 to 2025-10-06 00:00:00+00:00, run_after=2025-10-07 00:00:00+00:00
[2025-10-07T22:13:28.349+0000] {logging_mixin.py:188} INFO - [2025-10-07T22:13:28.349+0000] {dag.py:3954} INFO - Setting next_dagrun for dataset_produces_2 to None, run_after=None
[2025-10-07T22:13:28.365+0000] {processor.py:183} INFO - Processing /home/airflow/.local/lib/python3.12/site-packages/airflow/example_dags/example_datasets.py took 0.072 seconds
[2025-10-07T22:13:58.465+0000] {processor.py:161} INFO - Started process (PID=1715) to work on /home/airflow/.local/lib/python3.12/site-packages/airflow/example_dags/example_datasets.py
[2025-10-07T22:13:58.466+0000] {processor.py:830} INFO - Processing file /home/airflow/.local/lib/python3.12/site-packages/airflow/example_dags/example_datasets.py for tasks to queue
[2025-10-07T22:13:58.467+0000] {logging_mixin.py:188} INFO - [2025-10-07T22:13:58.467+0000] {dagbag.py:545} INFO - Filling up the DagBag from /home/airflow/.local/lib/python3.12/site-packages/airflow/example_dags/example_datasets.py
[2025-10-07T22:13:58.475+0000] {processor.py:840} INFO - DAG(s) 'dataset_produces_2', 'consume_1_and_2_with_dataset_expressions', 'dataset_consumes_1_and_2', 'conditional_dataset_and_time_based_timetable', 'dataset_consumes_unknown_never_scheduled', 'consume_1_or_2_with_dataset_expressions', 'dataset_produces_1', 'dataset_consumes_1', 'dataset_consumes_1_never_scheduled', 'consume_1_or_both_2_and_3_with_dataset_expressions' retrieved from /home/airflow/.local/lib/python3.12/site-packages/airflow/example_dags/example_datasets.py
[2025-10-07T22:13:58.499+0000] {logging_mixin.py:188} INFO - [2025-10-07T22:13:58.499+0000] {dag.py:3096} INFO - Sync 10 DAGs
[2025-10-07T22:13:58.511+0000] {logging_mixin.py:188} INFO - [2025-10-07T22:13:58.511+0000] {dag.py:3954} INFO - Setting next_dagrun for conditional_dataset_and_time_based_timetable to 2025-10-01 01:00:00+00:00, run_after=2025-10-01 01:00:00+00:00
[2025-10-07T22:13:58.516+0000] {logging_mixin.py:188} INFO - [2025-10-07T22:13:58.516+0000] {dag.py:3954} INFO - Setting next_dagrun for consume_1_and_2_with_dataset_expressions to None, run_after=None
[2025-10-07T22:13:58.516+0000] {logging_mixin.py:188} INFO - [2025-10-07T22:13:58.516+0000] {dag.py:3954} INFO - Setting next_dagrun for consume_1_or_2_with_dataset_expressions to None, run_after=None
[2025-10-07T22:13:58.517+0000] {logging_mixin.py:188} INFO - [2025-10-07T22:13:58.517+0000] {dag.py:3954} INFO - Setting next_dagrun for consume_1_or_both_2_and_3_with_dataset_expressions to None, run_after=None
[2025-10-07T22:13:58.517+0000] {logging_mixin.py:188} INFO - [2025-10-07T22:13:58.517+0000] {dag.py:3954} INFO - Setting next_dagrun for dataset_consumes_1 to None, run_after=None
[2025-10-07T22:13:58.518+0000] {logging_mixin.py:188} INFO - [2025-10-07T22:13:58.518+0000] {dag.py:3954} INFO - Setting next_dagrun for dataset_consumes_1_and_2 to None, run_after=None
[2025-10-07T22:13:58.518+0000] {logging_mixin.py:188} INFO - [2025-10-07T22:13:58.518+0000] {dag.py:3954} INFO - Setting next_dagrun for dataset_consumes_1_never_scheduled to None, run_after=None
[2025-10-07T22:13:58.519+0000] {logging_mixin.py:188} INFO - [2025-10-07T22:13:58.519+0000] {dag.py:3954} INFO - Setting next_dagrun for dataset_consumes_unknown_never_scheduled to None, run_after=None
[2025-10-07T22:13:58.520+0000] {logging_mixin.py:188} INFO - [2025-10-07T22:13:58.520+0000] {dag.py:3954} INFO - Setting next_dagrun for dataset_produces_1 to 2025-10-06 00:00:00+00:00, run_after=2025-10-07 00:00:00+00:00
[2025-10-07T22:13:58.521+0000] {logging_mixin.py:188} INFO - [2025-10-07T22:13:58.521+0000] {dag.py:3954} INFO - Setting next_dagrun for dataset_produces_2 to None, run_after=None
[2025-10-07T22:13:58.539+0000] {processor.py:183} INFO - Processing /home/airflow/.local/lib/python3.12/site-packages/airflow/example_dags/example_datasets.py took 0.077 seconds
[2025-10-07T22:14:28.840+0000] {processor.py:161} INFO - Started process (PID=1774) to work on /home/airflow/.local/lib/python3.12/site-packages/airflow/example_dags/example_datasets.py
[2025-10-07T22:14:28.841+0000] {processor.py:830} INFO - Processing file /home/airflow/.local/lib/python3.12/site-packages/airflow/example_dags/example_datasets.py for tasks to queue
[2025-10-07T22:14:28.842+0000] {logging_mixin.py:188} INFO - [2025-10-07T22:14:28.842+0000] {dagbag.py:545} INFO - Filling up the DagBag from /home/airflow/.local/lib/python3.12/site-packages/airflow/example_dags/example_datasets.py
[2025-10-07T22:14:28.851+0000] {processor.py:840} INFO - DAG(s) 'consume_1_or_2_with_dataset_expressions', 'dataset_consumes_1', 'consume_1_or_both_2_and_3_with_dataset_expressions', 'dataset_consumes_1_and_2', 'dataset_consumes_unknown_never_scheduled', 'dataset_produces_1', 'conditional_dataset_and_time_based_timetable', 'dataset_consumes_1_never_scheduled', 'consume_1_and_2_with_dataset_expressions', 'dataset_produces_2' retrieved from /home/airflow/.local/lib/python3.12/site-packages/airflow/example_dags/example_datasets.py
[2025-10-07T22:14:28.874+0000] {logging_mixin.py:188} INFO - [2025-10-07T22:14:28.873+0000] {dag.py:3096} INFO - Sync 10 DAGs
[2025-10-07T22:14:28.887+0000] {logging_mixin.py:188} INFO - [2025-10-07T22:14:28.887+0000] {dag.py:3954} INFO - Setting next_dagrun for conditional_dataset_and_time_based_timetable to 2025-10-01 01:00:00+00:00, run_after=2025-10-01 01:00:00+00:00
[2025-10-07T22:14:28.889+0000] {logging_mixin.py:188} INFO - [2025-10-07T22:14:28.889+0000] {dag.py:3954} INFO - Setting next_dagrun for consume_1_and_2_with_dataset_expressions to None, run_after=None
[2025-10-07T22:14:28.890+0000] {logging_mixin.py:188} INFO - [2025-10-07T22:14:28.890+0000] {dag.py:3954} INFO - Setting next_dagrun for consume_1_or_2_with_dataset_expressions to None, run_after=None
[2025-10-07T22:14:28.890+0000] {logging_mixin.py:188} INFO - [2025-10-07T22:14:28.890+0000] {dag.py:3954} INFO - Setting next_dagrun for consume_1_or_both_2_and_3_with_dataset_expressions to None, run_after=None
[2025-10-07T22:14:28.891+0000] {logging_mixin.py:188} INFO - [2025-10-07T22:14:28.891+0000] {dag.py:3954} INFO - Setting next_dagrun for dataset_consumes_1 to None, run_after=None
[2025-10-07T22:14:28.891+0000] {logging_mixin.py:188} INFO - [2025-10-07T22:14:28.891+0000] {dag.py:3954} INFO - Setting next_dagrun for dataset_consumes_1_and_2 to None, run_after=None
[2025-10-07T22:14:28.892+0000] {logging_mixin.py:188} INFO - [2025-10-07T22:14:28.892+0000] {dag.py:3954} INFO - Setting next_dagrun for dataset_consumes_1_never_scheduled to None, run_after=None
[2025-10-07T22:14:28.892+0000] {logging_mixin.py:188} INFO - [2025-10-07T22:14:28.892+0000] {dag.py:3954} INFO - Setting next_dagrun for dataset_consumes_unknown_never_scheduled to None, run_after=None
[2025-10-07T22:14:28.893+0000] {logging_mixin.py:188} INFO - [2025-10-07T22:14:28.893+0000] {dag.py:3954} INFO - Setting next_dagrun for dataset_produces_1 to 2025-10-06 00:00:00+00:00, run_after=2025-10-07 00:00:00+00:00
[2025-10-07T22:14:28.894+0000] {logging_mixin.py:188} INFO - [2025-10-07T22:14:28.894+0000] {dag.py:3954} INFO - Setting next_dagrun for dataset_produces_2 to None, run_after=None
[2025-10-07T22:14:28.910+0000] {processor.py:183} INFO - Processing /home/airflow/.local/lib/python3.12/site-packages/airflow/example_dags/example_datasets.py took 0.073 seconds
[2025-10-07T22:14:58.987+0000] {processor.py:161} INFO - Started process (PID=1833) to work on /home/airflow/.local/lib/python3.12/site-packages/airflow/example_dags/example_datasets.py
[2025-10-07T22:14:58.988+0000] {processor.py:830} INFO - Processing file /home/airflow/.local/lib/python3.12/site-packages/airflow/example_dags/example_datasets.py for tasks to queue
[2025-10-07T22:14:58.989+0000] {logging_mixin.py:188} INFO - [2025-10-07T22:14:58.989+0000] {dagbag.py:545} INFO - Filling up the DagBag from /home/airflow/.local/lib/python3.12/site-packages/airflow/example_dags/example_datasets.py
[2025-10-07T22:14:58.997+0000] {processor.py:840} INFO - DAG(s) 'dataset_consumes_1', 'consume_1_and_2_with_dataset_expressions', 'dataset_consumes_1_and_2', 'dataset_consumes_1_never_scheduled', 'dataset_produces_1', 'consume_1_or_2_with_dataset_expressions', 'consume_1_or_both_2_and_3_with_dataset_expressions', 'dataset_consumes_unknown_never_scheduled', 'dataset_produces_2', 'conditional_dataset_and_time_based_timetable' retrieved from /home/airflow/.local/lib/python3.12/site-packages/airflow/example_dags/example_datasets.py
[2025-10-07T22:14:59.031+0000] {logging_mixin.py:188} INFO - [2025-10-07T22:14:59.031+0000] {dag.py:3096} INFO - Sync 10 DAGs
[2025-10-07T22:14:59.168+0000] {logging_mixin.py:188} INFO - [2025-10-07T22:14:59.167+0000] {dag.py:3954} INFO - Setting next_dagrun for conditional_dataset_and_time_based_timetable to 2025-10-01 01:00:00+00:00, run_after=2025-10-01 01:00:00+00:00
[2025-10-07T22:14:59.171+0000] {logging_mixin.py:188} INFO - [2025-10-07T22:14:59.171+0000] {dag.py:3954} INFO - Setting next_dagrun for consume_1_and_2_with_dataset_expressions to None, run_after=None
[2025-10-07T22:14:59.172+0000] {logging_mixin.py:188} INFO - [2025-10-07T22:14:59.172+0000] {dag.py:3954} INFO - Setting next_dagrun for consume_1_or_2_with_dataset_expressions to None, run_after=None
[2025-10-07T22:14:59.173+0000] {logging_mixin.py:188} INFO - [2025-10-07T22:14:59.173+0000] {dag.py:3954} INFO - Setting next_dagrun for consume_1_or_both_2_and_3_with_dataset_expressions to None, run_after=None
[2025-10-07T22:14:59.174+0000] {logging_mixin.py:188} INFO - [2025-10-07T22:14:59.174+0000] {dag.py:3954} INFO - Setting next_dagrun for dataset_consumes_1 to None, run_after=None
[2025-10-07T22:14:59.175+0000] {logging_mixin.py:188} INFO - [2025-10-07T22:14:59.175+0000] {dag.py:3954} INFO - Setting next_dagrun for dataset_consumes_1_and_2 to None, run_after=None
[2025-10-07T22:14:59.176+0000] {logging_mixin.py:188} INFO - [2025-10-07T22:14:59.176+0000] {dag.py:3954} INFO - Setting next_dagrun for dataset_consumes_1_never_scheduled to None, run_after=None
[2025-10-07T22:14:59.177+0000] {logging_mixin.py:188} INFO - [2025-10-07T22:14:59.177+0000] {dag.py:3954} INFO - Setting next_dagrun for dataset_consumes_unknown_never_scheduled to None, run_after=None
[2025-10-07T22:14:59.179+0000] {logging_mixin.py:188} INFO - [2025-10-07T22:14:59.179+0000] {dag.py:3954} INFO - Setting next_dagrun for dataset_produces_1 to 2025-10-06 00:00:00+00:00, run_after=2025-10-07 00:00:00+00:00
[2025-10-07T22:14:59.180+0000] {logging_mixin.py:188} INFO - [2025-10-07T22:14:59.180+0000] {dag.py:3954} INFO - Setting next_dagrun for dataset_produces_2 to None, run_after=None
[2025-10-07T22:14:59.226+0000] {processor.py:183} INFO - Processing /home/airflow/.local/lib/python3.12/site-packages/airflow/example_dags/example_datasets.py took 0.243 seconds
[2025-10-07T22:15:30.112+0000] {processor.py:161} INFO - Started process (PID=1893) to work on /home/airflow/.local/lib/python3.12/site-packages/airflow/example_dags/example_datasets.py
[2025-10-07T22:15:30.112+0000] {processor.py:830} INFO - Processing file /home/airflow/.local/lib/python3.12/site-packages/airflow/example_dags/example_datasets.py for tasks to queue
[2025-10-07T22:15:30.114+0000] {logging_mixin.py:188} INFO - [2025-10-07T22:15:30.113+0000] {dagbag.py:545} INFO - Filling up the DagBag from /home/airflow/.local/lib/python3.12/site-packages/airflow/example_dags/example_datasets.py
[2025-10-07T22:15:30.122+0000] {processor.py:840} INFO - DAG(s) 'consume_1_or_both_2_and_3_with_dataset_expressions', 'consume_1_and_2_with_dataset_expressions', 'dataset_produces_1', 'consume_1_or_2_with_dataset_expressions', 'dataset_consumes_1_never_scheduled', 'dataset_consumes_1_and_2', 'conditional_dataset_and_time_based_timetable', 'dataset_produces_2', 'dataset_consumes_1', 'dataset_consumes_unknown_never_scheduled' retrieved from /home/airflow/.local/lib/python3.12/site-packages/airflow/example_dags/example_datasets.py
[2025-10-07T22:15:30.149+0000] {logging_mixin.py:188} INFO - [2025-10-07T22:15:30.149+0000] {dag.py:3096} INFO - Sync 10 DAGs
[2025-10-07T22:15:30.283+0000] {logging_mixin.py:188} INFO - [2025-10-07T22:15:30.283+0000] {dag.py:3954} INFO - Setting next_dagrun for conditional_dataset_and_time_based_timetable to 2025-10-01 01:00:00+00:00, run_after=2025-10-01 01:00:00+00:00
[2025-10-07T22:15:30.285+0000] {logging_mixin.py:188} INFO - [2025-10-07T22:15:30.285+0000] {dag.py:3954} INFO - Setting next_dagrun for consume_1_and_2_with_dataset_expressions to None, run_after=None
[2025-10-07T22:15:30.286+0000] {logging_mixin.py:188} INFO - [2025-10-07T22:15:30.286+0000] {dag.py:3954} INFO - Setting next_dagrun for consume_1_or_2_with_dataset_expressions to None, run_after=None
[2025-10-07T22:15:30.287+0000] {logging_mixin.py:188} INFO - [2025-10-07T22:15:30.287+0000] {dag.py:3954} INFO - Setting next_dagrun for consume_1_or_both_2_and_3_with_dataset_expressions to None, run_after=None
[2025-10-07T22:15:30.287+0000] {logging_mixin.py:188} INFO - [2025-10-07T22:15:30.287+0000] {dag.py:3954} INFO - Setting next_dagrun for dataset_consumes_1 to None, run_after=None
[2025-10-07T22:15:30.288+0000] {logging_mixin.py:188} INFO - [2025-10-07T22:15:30.288+0000] {dag.py:3954} INFO - Setting next_dagrun for dataset_consumes_1_and_2 to None, run_after=None
[2025-10-07T22:15:30.289+0000] {logging_mixin.py:188} INFO - [2025-10-07T22:15:30.289+0000] {dag.py:3954} INFO - Setting next_dagrun for dataset_consumes_1_never_scheduled to None, run_after=None
[2025-10-07T22:15:30.289+0000] {logging_mixin.py:188} INFO - [2025-10-07T22:15:30.289+0000] {dag.py:3954} INFO - Setting next_dagrun for dataset_consumes_unknown_never_scheduled to None, run_after=None
[2025-10-07T22:15:30.291+0000] {logging_mixin.py:188} INFO - [2025-10-07T22:15:30.290+0000] {dag.py:3954} INFO - Setting next_dagrun for dataset_produces_1 to 2025-10-06 00:00:00+00:00, run_after=2025-10-07 00:00:00+00:00
[2025-10-07T22:15:30.291+0000] {logging_mixin.py:188} INFO - [2025-10-07T22:15:30.291+0000] {dag.py:3954} INFO - Setting next_dagrun for dataset_produces_2 to None, run_after=None
[2025-10-07T22:15:30.312+0000] {processor.py:183} INFO - Processing /home/airflow/.local/lib/python3.12/site-packages/airflow/example_dags/example_datasets.py took 0.204 seconds
[2025-10-07T22:16:00.895+0000] {processor.py:161} INFO - Started process (PID=1952) to work on /home/airflow/.local/lib/python3.12/site-packages/airflow/example_dags/example_datasets.py
[2025-10-07T22:16:00.895+0000] {processor.py:830} INFO - Processing file /home/airflow/.local/lib/python3.12/site-packages/airflow/example_dags/example_datasets.py for tasks to queue
[2025-10-07T22:16:00.897+0000] {logging_mixin.py:188} INFO - [2025-10-07T22:16:00.896+0000] {dagbag.py:545} INFO - Filling up the DagBag from /home/airflow/.local/lib/python3.12/site-packages/airflow/example_dags/example_datasets.py
[2025-10-07T22:16:00.906+0000] {processor.py:840} INFO - DAG(s) 'dataset_consumes_unknown_never_scheduled', 'dataset_consumes_1_and_2', 'consume_1_or_both_2_and_3_with_dataset_expressions', 'dataset_produces_2', 'conditional_dataset_and_time_based_timetable', 'consume_1_and_2_with_dataset_expressions', 'dataset_consumes_1_never_scheduled', 'dataset_produces_1', 'consume_1_or_2_with_dataset_expressions', 'dataset_consumes_1' retrieved from /home/airflow/.local/lib/python3.12/site-packages/airflow/example_dags/example_datasets.py
[2025-10-07T22:16:00.934+0000] {logging_mixin.py:188} INFO - [2025-10-07T22:16:00.934+0000] {dag.py:3096} INFO - Sync 10 DAGs
[2025-10-07T22:16:00.949+0000] {logging_mixin.py:188} INFO - [2025-10-07T22:16:00.949+0000] {dag.py:3954} INFO - Setting next_dagrun for conditional_dataset_and_time_based_timetable to 2025-10-01 01:00:00+00:00, run_after=2025-10-01 01:00:00+00:00
[2025-10-07T22:16:01.070+0000] {logging_mixin.py:188} INFO - [2025-10-07T22:16:01.069+0000] {dag.py:3954} INFO - Setting next_dagrun for consume_1_and_2_with_dataset_expressions to None, run_after=None
[2025-10-07T22:16:01.071+0000] {logging_mixin.py:188} INFO - [2025-10-07T22:16:01.070+0000] {dag.py:3954} INFO - Setting next_dagrun for consume_1_or_2_with_dataset_expressions to None, run_after=None
[2025-10-07T22:16:01.071+0000] {logging_mixin.py:188} INFO - [2025-10-07T22:16:01.071+0000] {dag.py:3954} INFO - Setting next_dagrun for consume_1_or_both_2_and_3_with_dataset_expressions to None, run_after=None
[2025-10-07T22:16:01.072+0000] {logging_mixin.py:188} INFO - [2025-10-07T22:16:01.072+0000] {dag.py:3954} INFO - Setting next_dagrun for dataset_consumes_1 to None, run_after=None
[2025-10-07T22:16:01.073+0000] {logging_mixin.py:188} INFO - [2025-10-07T22:16:01.073+0000] {dag.py:3954} INFO - Setting next_dagrun for dataset_consumes_1_and_2 to None, run_after=None
[2025-10-07T22:16:01.073+0000] {logging_mixin.py:188} INFO - [2025-10-07T22:16:01.073+0000] {dag.py:3954} INFO - Setting next_dagrun for dataset_consumes_1_never_scheduled to None, run_after=None
[2025-10-07T22:16:01.074+0000] {logging_mixin.py:188} INFO - [2025-10-07T22:16:01.074+0000] {dag.py:3954} INFO - Setting next_dagrun for dataset_consumes_unknown_never_scheduled to None, run_after=None
[2025-10-07T22:16:01.075+0000] {logging_mixin.py:188} INFO - [2025-10-07T22:16:01.075+0000] {dag.py:3954} INFO - Setting next_dagrun for dataset_produces_1 to 2025-10-06 00:00:00+00:00, run_after=2025-10-07 00:00:00+00:00
[2025-10-07T22:16:01.076+0000] {logging_mixin.py:188} INFO - [2025-10-07T22:16:01.076+0000] {dag.py:3954} INFO - Setting next_dagrun for dataset_produces_2 to None, run_after=None
[2025-10-07T22:16:01.093+0000] {processor.py:183} INFO - Processing /home/airflow/.local/lib/python3.12/site-packages/airflow/example_dags/example_datasets.py took 0.204 seconds
[2025-10-07T22:16:32.034+0000] {processor.py:161} INFO - Started process (PID=2012) to work on /home/airflow/.local/lib/python3.12/site-packages/airflow/example_dags/example_datasets.py
[2025-10-07T22:16:32.037+0000] {processor.py:830} INFO - Processing file /home/airflow/.local/lib/python3.12/site-packages/airflow/example_dags/example_datasets.py for tasks to queue
[2025-10-07T22:16:32.040+0000] {logging_mixin.py:188} INFO - [2025-10-07T22:16:32.040+0000] {dagbag.py:545} INFO - Filling up the DagBag from /home/airflow/.local/lib/python3.12/site-packages/airflow/example_dags/example_datasets.py
[2025-10-07T22:16:32.049+0000] {processor.py:840} INFO - DAG(s) 'dataset_produces_2', 'conditional_dataset_and_time_based_timetable', 'consume_1_and_2_with_dataset_expressions', 'consume_1_or_2_with_dataset_expressions', 'dataset_consumes_1', 'dataset_consumes_1_and_2', 'dataset_consumes_unknown_never_scheduled', 'dataset_consumes_1_never_scheduled', 'consume_1_or_both_2_and_3_with_dataset_expressions', 'dataset_produces_1' retrieved from /home/airflow/.local/lib/python3.12/site-packages/airflow/example_dags/example_datasets.py
[2025-10-07T22:16:32.074+0000] {logging_mixin.py:188} INFO - [2025-10-07T22:16:32.074+0000] {dag.py:3096} INFO - Sync 10 DAGs
[2025-10-07T22:16:32.087+0000] {logging_mixin.py:188} INFO - [2025-10-07T22:16:32.087+0000] {dag.py:3954} INFO - Setting next_dagrun for conditional_dataset_and_time_based_timetable to 2025-10-01 01:00:00+00:00, run_after=2025-10-01 01:00:00+00:00
[2025-10-07T22:16:32.090+0000] {logging_mixin.py:188} INFO - [2025-10-07T22:16:32.090+0000] {dag.py:3954} INFO - Setting next_dagrun for consume_1_and_2_with_dataset_expressions to None, run_after=None
[2025-10-07T22:16:32.092+0000] {logging_mixin.py:188} INFO - [2025-10-07T22:16:32.092+0000] {dag.py:3954} INFO - Setting next_dagrun for consume_1_or_2_with_dataset_expressions to None, run_after=None
[2025-10-07T22:16:32.092+0000] {logging_mixin.py:188} INFO - [2025-10-07T22:16:32.092+0000] {dag.py:3954} INFO - Setting next_dagrun for consume_1_or_both_2_and_3_with_dataset_expressions to None, run_after=None
[2025-10-07T22:16:32.093+0000] {logging_mixin.py:188} INFO - [2025-10-07T22:16:32.093+0000] {dag.py:3954} INFO - Setting next_dagrun for dataset_consumes_1 to None, run_after=None
[2025-10-07T22:16:32.093+0000] {logging_mixin.py:188} INFO - [2025-10-07T22:16:32.093+0000] {dag.py:3954} INFO - Setting next_dagrun for dataset_consumes_1_and_2 to None, run_after=None
[2025-10-07T22:16:32.094+0000] {logging_mixin.py:188} INFO - [2025-10-07T22:16:32.094+0000] {dag.py:3954} INFO - Setting next_dagrun for dataset_consumes_1_never_scheduled to None, run_after=None
[2025-10-07T22:16:32.095+0000] {logging_mixin.py:188} INFO - [2025-10-07T22:16:32.095+0000] {dag.py:3954} INFO - Setting next_dagrun for dataset_consumes_unknown_never_scheduled to None, run_after=None
[2025-10-07T22:16:32.096+0000] {logging_mixin.py:188} INFO - [2025-10-07T22:16:32.096+0000] {dag.py:3954} INFO - Setting next_dagrun for dataset_produces_1 to 2025-10-06 00:00:00+00:00, run_after=2025-10-07 00:00:00+00:00
[2025-10-07T22:16:32.096+0000] {logging_mixin.py:188} INFO - [2025-10-07T22:16:32.096+0000] {dag.py:3954} INFO - Setting next_dagrun for dataset_produces_2 to None, run_after=None
[2025-10-07T22:16:32.207+0000] {processor.py:183} INFO - Processing /home/airflow/.local/lib/python3.12/site-packages/airflow/example_dags/example_datasets.py took 0.180 seconds
[2025-10-07T22:17:02.745+0000] {processor.py:161} INFO - Started process (PID=2071) to work on /home/airflow/.local/lib/python3.12/site-packages/airflow/example_dags/example_datasets.py
[2025-10-07T22:17:02.746+0000] {processor.py:830} INFO - Processing file /home/airflow/.local/lib/python3.12/site-packages/airflow/example_dags/example_datasets.py for tasks to queue
[2025-10-07T22:17:02.747+0000] {logging_mixin.py:188} INFO - [2025-10-07T22:17:02.747+0000] {dagbag.py:545} INFO - Filling up the DagBag from /home/airflow/.local/lib/python3.12/site-packages/airflow/example_dags/example_datasets.py
[2025-10-07T22:17:02.756+0000] {processor.py:840} INFO - DAG(s) 'dataset_produces_2', 'dataset_consumes_1', 'dataset_produces_1', 'consume_1_or_both_2_and_3_with_dataset_expressions', 'conditional_dataset_and_time_based_timetable', 'dataset_consumes_unknown_never_scheduled', 'dataset_consumes_1_never_scheduled', 'dataset_consumes_1_and_2', 'consume_1_and_2_with_dataset_expressions', 'consume_1_or_2_with_dataset_expressions' retrieved from /home/airflow/.local/lib/python3.12/site-packages/airflow/example_dags/example_datasets.py
[2025-10-07T22:17:02.785+0000] {logging_mixin.py:188} INFO - [2025-10-07T22:17:02.785+0000] {dag.py:3096} INFO - Sync 10 DAGs
[2025-10-07T22:17:02.797+0000] {logging_mixin.py:188} INFO - [2025-10-07T22:17:02.797+0000] {dag.py:3954} INFO - Setting next_dagrun for conditional_dataset_and_time_based_timetable to 2025-10-01 01:00:00+00:00, run_after=2025-10-01 01:00:00+00:00
[2025-10-07T22:17:02.799+0000] {logging_mixin.py:188} INFO - [2025-10-07T22:17:02.799+0000] {dag.py:3954} INFO - Setting next_dagrun for consume_1_and_2_with_dataset_expressions to None, run_after=None
[2025-10-07T22:17:02.800+0000] {logging_mixin.py:188} INFO - [2025-10-07T22:17:02.799+0000] {dag.py:3954} INFO - Setting next_dagrun for consume_1_or_2_with_dataset_expressions to None, run_after=None
[2025-10-07T22:17:02.800+0000] {logging_mixin.py:188} INFO - [2025-10-07T22:17:02.800+0000] {dag.py:3954} INFO - Setting next_dagrun for consume_1_or_both_2_and_3_with_dataset_expressions to None, run_after=None
[2025-10-07T22:17:02.801+0000] {logging_mixin.py:188} INFO - [2025-10-07T22:17:02.801+0000] {dag.py:3954} INFO - Setting next_dagrun for dataset_consumes_1 to None, run_after=None
[2025-10-07T22:17:02.801+0000] {logging_mixin.py:188} INFO - [2025-10-07T22:17:02.801+0000] {dag.py:3954} INFO - Setting next_dagrun for dataset_consumes_1_and_2 to None, run_after=None
[2025-10-07T22:17:02.802+0000] {logging_mixin.py:188} INFO - [2025-10-07T22:17:02.802+0000] {dag.py:3954} INFO - Setting next_dagrun for dataset_consumes_1_never_scheduled to None, run_after=None
[2025-10-07T22:17:02.803+0000] {logging_mixin.py:188} INFO - [2025-10-07T22:17:02.803+0000] {dag.py:3954} INFO - Setting next_dagrun for dataset_consumes_unknown_never_scheduled to None, run_after=None
[2025-10-07T22:17:02.804+0000] {logging_mixin.py:188} INFO - [2025-10-07T22:17:02.804+0000] {dag.py:3954} INFO - Setting next_dagrun for dataset_produces_1 to 2025-10-06 00:00:00+00:00, run_after=2025-10-07 00:00:00+00:00
[2025-10-07T22:17:02.805+0000] {logging_mixin.py:188} INFO - [2025-10-07T22:17:02.805+0000] {dag.py:3954} INFO - Setting next_dagrun for dataset_produces_2 to None, run_after=None
[2025-10-07T22:17:02.915+0000] {processor.py:183} INFO - Processing /home/airflow/.local/lib/python3.12/site-packages/airflow/example_dags/example_datasets.py took 0.173 seconds
[2025-10-07T22:17:32.941+0000] {processor.py:161} INFO - Started process (PID=2132) to work on /home/airflow/.local/lib/python3.12/site-packages/airflow/example_dags/example_datasets.py
[2025-10-07T22:17:32.941+0000] {processor.py:830} INFO - Processing file /home/airflow/.local/lib/python3.12/site-packages/airflow/example_dags/example_datasets.py for tasks to queue
[2025-10-07T22:17:32.942+0000] {logging_mixin.py:188} INFO - [2025-10-07T22:17:32.942+0000] {dagbag.py:545} INFO - Filling up the DagBag from /home/airflow/.local/lib/python3.12/site-packages/airflow/example_dags/example_datasets.py
[2025-10-07T22:17:32.949+0000] {processor.py:840} INFO - DAG(s) 'consume_1_or_both_2_and_3_with_dataset_expressions', 'dataset_produces_1', 'conditional_dataset_and_time_based_timetable', 'dataset_consumes_unknown_never_scheduled', 'consume_1_and_2_with_dataset_expressions', 'dataset_consumes_1_never_scheduled', 'dataset_produces_2', 'dataset_consumes_1_and_2', 'consume_1_or_2_with_dataset_expressions', 'dataset_consumes_1' retrieved from /home/airflow/.local/lib/python3.12/site-packages/airflow/example_dags/example_datasets.py
[2025-10-07T22:17:32.971+0000] {logging_mixin.py:188} INFO - [2025-10-07T22:17:32.971+0000] {dag.py:3096} INFO - Sync 10 DAGs
[2025-10-07T22:17:32.983+0000] {logging_mixin.py:188} INFO - [2025-10-07T22:17:32.983+0000] {dag.py:3954} INFO - Setting next_dagrun for conditional_dataset_and_time_based_timetable to 2025-10-01 01:00:00+00:00, run_after=2025-10-01 01:00:00+00:00
[2025-10-07T22:17:32.985+0000] {logging_mixin.py:188} INFO - [2025-10-07T22:17:32.985+0000] {dag.py:3954} INFO - Setting next_dagrun for consume_1_and_2_with_dataset_expressions to None, run_after=None
[2025-10-07T22:17:32.986+0000] {logging_mixin.py:188} INFO - [2025-10-07T22:17:32.986+0000] {dag.py:3954} INFO - Setting next_dagrun for consume_1_or_2_with_dataset_expressions to None, run_after=None
[2025-10-07T22:17:32.987+0000] {logging_mixin.py:188} INFO - [2025-10-07T22:17:32.987+0000] {dag.py:3954} INFO - Setting next_dagrun for consume_1_or_both_2_and_3_with_dataset_expressions to None, run_after=None
[2025-10-07T22:17:32.987+0000] {logging_mixin.py:188} INFO - [2025-10-07T22:17:32.987+0000] {dag.py:3954} INFO - Setting next_dagrun for dataset_consumes_1 to None, run_after=None
[2025-10-07T22:17:32.987+0000] {logging_mixin.py:188} INFO - [2025-10-07T22:17:32.987+0000] {dag.py:3954} INFO - Setting next_dagrun for dataset_consumes_1_and_2 to None, run_after=None
[2025-10-07T22:17:32.988+0000] {logging_mixin.py:188} INFO - [2025-10-07T22:17:32.988+0000] {dag.py:3954} INFO - Setting next_dagrun for dataset_consumes_1_never_scheduled to None, run_after=None
[2025-10-07T22:17:32.988+0000] {logging_mixin.py:188} INFO - [2025-10-07T22:17:32.988+0000] {dag.py:3954} INFO - Setting next_dagrun for dataset_consumes_unknown_never_scheduled to None, run_after=None
[2025-10-07T22:17:32.989+0000] {logging_mixin.py:188} INFO - [2025-10-07T22:17:32.989+0000] {dag.py:3954} INFO - Setting next_dagrun for dataset_produces_1 to 2025-10-06 00:00:00+00:00, run_after=2025-10-07 00:00:00+00:00
[2025-10-07T22:17:32.990+0000] {logging_mixin.py:188} INFO - [2025-10-07T22:17:32.990+0000] {dag.py:3954} INFO - Setting next_dagrun for dataset_produces_2 to None, run_after=None
[2025-10-07T22:17:33.007+0000] {processor.py:183} INFO - Processing /home/airflow/.local/lib/python3.12/site-packages/airflow/example_dags/example_datasets.py took 0.069 seconds
[2025-10-07T22:18:03.027+0000] {processor.py:161} INFO - Started process (PID=2191) to work on /home/airflow/.local/lib/python3.12/site-packages/airflow/example_dags/example_datasets.py
[2025-10-07T22:18:03.027+0000] {processor.py:830} INFO - Processing file /home/airflow/.local/lib/python3.12/site-packages/airflow/example_dags/example_datasets.py for tasks to queue
[2025-10-07T22:18:03.028+0000] {logging_mixin.py:188} INFO - [2025-10-07T22:18:03.028+0000] {dagbag.py:545} INFO - Filling up the DagBag from /home/airflow/.local/lib/python3.12/site-packages/airflow/example_dags/example_datasets.py
[2025-10-07T22:18:03.036+0000] {processor.py:840} INFO - DAG(s) 'consume_1_or_both_2_and_3_with_dataset_expressions', 'dataset_consumes_1_and_2', 'dataset_produces_2', 'dataset_consumes_unknown_never_scheduled', 'dataset_produces_1', 'consume_1_and_2_with_dataset_expressions', 'dataset_consumes_1_never_scheduled', 'conditional_dataset_and_time_based_timetable', 'dataset_consumes_1', 'consume_1_or_2_with_dataset_expressions' retrieved from /home/airflow/.local/lib/python3.12/site-packages/airflow/example_dags/example_datasets.py
[2025-10-07T22:18:03.071+0000] {logging_mixin.py:188} INFO - [2025-10-07T22:18:03.071+0000] {dag.py:3096} INFO - Sync 10 DAGs
[2025-10-07T22:18:03.083+0000] {logging_mixin.py:188} INFO - [2025-10-07T22:18:03.083+0000] {dag.py:3954} INFO - Setting next_dagrun for conditional_dataset_and_time_based_timetable to 2025-10-01 01:00:00+00:00, run_after=2025-10-01 01:00:00+00:00
[2025-10-07T22:18:03.085+0000] {logging_mixin.py:188} INFO - [2025-10-07T22:18:03.085+0000] {dag.py:3954} INFO - Setting next_dagrun for consume_1_and_2_with_dataset_expressions to None, run_after=None
[2025-10-07T22:18:03.087+0000] {logging_mixin.py:188} INFO - [2025-10-07T22:18:03.087+0000] {dag.py:3954} INFO - Setting next_dagrun for consume_1_or_2_with_dataset_expressions to None, run_after=None
[2025-10-07T22:18:03.088+0000] {logging_mixin.py:188} INFO - [2025-10-07T22:18:03.088+0000] {dag.py:3954} INFO - Setting next_dagrun for consume_1_or_both_2_and_3_with_dataset_expressions to None, run_after=None
[2025-10-07T22:18:03.090+0000] {logging_mixin.py:188} INFO - [2025-10-07T22:18:03.090+0000] {dag.py:3954} INFO - Setting next_dagrun for dataset_consumes_1 to None, run_after=None
[2025-10-07T22:18:03.091+0000] {logging_mixin.py:188} INFO - [2025-10-07T22:18:03.091+0000] {dag.py:3954} INFO - Setting next_dagrun for dataset_consumes_1_and_2 to None, run_after=None
[2025-10-07T22:18:03.092+0000] {logging_mixin.py:188} INFO - [2025-10-07T22:18:03.092+0000] {dag.py:3954} INFO - Setting next_dagrun for dataset_consumes_1_never_scheduled to None, run_after=None
[2025-10-07T22:18:03.093+0000] {logging_mixin.py:188} INFO - [2025-10-07T22:18:03.093+0000] {dag.py:3954} INFO - Setting next_dagrun for dataset_consumes_unknown_never_scheduled to None, run_after=None
[2025-10-07T22:18:03.094+0000] {logging_mixin.py:188} INFO - [2025-10-07T22:18:03.094+0000] {dag.py:3954} INFO - Setting next_dagrun for dataset_produces_1 to 2025-10-06 00:00:00+00:00, run_after=2025-10-07 00:00:00+00:00
[2025-10-07T22:18:03.095+0000] {logging_mixin.py:188} INFO - [2025-10-07T22:18:03.094+0000] {dag.py:3954} INFO - Setting next_dagrun for dataset_produces_2 to None, run_after=None
[2025-10-07T22:18:03.112+0000] {processor.py:183} INFO - Processing /home/airflow/.local/lib/python3.12/site-packages/airflow/example_dags/example_datasets.py took 0.089 seconds
[2025-10-07T22:18:33.206+0000] {processor.py:161} INFO - Started process (PID=2251) to work on /home/airflow/.local/lib/python3.12/site-packages/airflow/example_dags/example_datasets.py
[2025-10-07T22:18:33.207+0000] {processor.py:830} INFO - Processing file /home/airflow/.local/lib/python3.12/site-packages/airflow/example_dags/example_datasets.py for tasks to queue
[2025-10-07T22:18:33.208+0000] {logging_mixin.py:188} INFO - [2025-10-07T22:18:33.208+0000] {dagbag.py:545} INFO - Filling up the DagBag from /home/airflow/.local/lib/python3.12/site-packages/airflow/example_dags/example_datasets.py
[2025-10-07T22:18:33.217+0000] {processor.py:840} INFO - DAG(s) 'consume_1_and_2_with_dataset_expressions', 'dataset_consumes_1_never_scheduled', 'dataset_produces_2', 'consume_1_or_2_with_dataset_expressions', 'dataset_consumes_1_and_2', 'conditional_dataset_and_time_based_timetable', 'dataset_consumes_unknown_never_scheduled', 'dataset_consumes_1', 'consume_1_or_both_2_and_3_with_dataset_expressions', 'dataset_produces_1' retrieved from /home/airflow/.local/lib/python3.12/site-packages/airflow/example_dags/example_datasets.py
[2025-10-07T22:18:33.242+0000] {logging_mixin.py:188} INFO - [2025-10-07T22:18:33.242+0000] {dag.py:3096} INFO - Sync 10 DAGs
[2025-10-07T22:18:33.254+0000] {logging_mixin.py:188} INFO - [2025-10-07T22:18:33.254+0000] {dag.py:3954} INFO - Setting next_dagrun for conditional_dataset_and_time_based_timetable to 2025-10-01 01:00:00+00:00, run_after=2025-10-01 01:00:00+00:00
[2025-10-07T22:18:33.256+0000] {logging_mixin.py:188} INFO - [2025-10-07T22:18:33.256+0000] {dag.py:3954} INFO - Setting next_dagrun for consume_1_and_2_with_dataset_expressions to None, run_after=None
[2025-10-07T22:18:33.258+0000] {logging_mixin.py:188} INFO - [2025-10-07T22:18:33.257+0000] {dag.py:3954} INFO - Setting next_dagrun for consume_1_or_2_with_dataset_expressions to None, run_after=None
[2025-10-07T22:18:33.258+0000] {logging_mixin.py:188} INFO - [2025-10-07T22:18:33.258+0000] {dag.py:3954} INFO - Setting next_dagrun for consume_1_or_both_2_and_3_with_dataset_expressions to None, run_after=None
[2025-10-07T22:18:33.259+0000] {logging_mixin.py:188} INFO - [2025-10-07T22:18:33.259+0000] {dag.py:3954} INFO - Setting next_dagrun for dataset_consumes_1 to None, run_after=None
[2025-10-07T22:18:33.259+0000] {logging_mixin.py:188} INFO - [2025-10-07T22:18:33.259+0000] {dag.py:3954} INFO - Setting next_dagrun for dataset_consumes_1_and_2 to None, run_after=None
[2025-10-07T22:18:33.260+0000] {logging_mixin.py:188} INFO - [2025-10-07T22:18:33.260+0000] {dag.py:3954} INFO - Setting next_dagrun for dataset_consumes_1_never_scheduled to None, run_after=None
[2025-10-07T22:18:33.260+0000] {logging_mixin.py:188} INFO - [2025-10-07T22:18:33.260+0000] {dag.py:3954} INFO - Setting next_dagrun for dataset_consumes_unknown_never_scheduled to None, run_after=None
[2025-10-07T22:18:33.261+0000] {logging_mixin.py:188} INFO - [2025-10-07T22:18:33.261+0000] {dag.py:3954} INFO - Setting next_dagrun for dataset_produces_1 to 2025-10-06 00:00:00+00:00, run_after=2025-10-07 00:00:00+00:00
[2025-10-07T22:18:33.262+0000] {logging_mixin.py:188} INFO - [2025-10-07T22:18:33.262+0000] {dag.py:3954} INFO - Setting next_dagrun for dataset_produces_2 to None, run_after=None
[2025-10-07T22:18:33.281+0000] {processor.py:183} INFO - Processing /home/airflow/.local/lib/python3.12/site-packages/airflow/example_dags/example_datasets.py took 0.078 seconds
[2025-10-07T22:19:16.290+0000] {processor.py:161} INFO - Started process (PID=56) to work on /home/airflow/.local/lib/python3.12/site-packages/airflow/example_dags/example_datasets.py
[2025-10-07T22:19:16.291+0000] {processor.py:830} INFO - Processing file /home/airflow/.local/lib/python3.12/site-packages/airflow/example_dags/example_datasets.py for tasks to queue
[2025-10-07T22:19:16.293+0000] {logging_mixin.py:188} INFO - [2025-10-07T22:19:16.292+0000] {dagbag.py:545} INFO - Filling up the DagBag from /home/airflow/.local/lib/python3.12/site-packages/airflow/example_dags/example_datasets.py
[2025-10-07T22:19:16.303+0000] {processor.py:840} INFO - DAG(s) 'dataset_produces_1', 'dataset_consumes_unknown_never_scheduled', 'consume_1_or_2_with_dataset_expressions', 'dataset_consumes_1_and_2', 'consume_1_and_2_with_dataset_expressions', 'conditional_dataset_and_time_based_timetable', 'dataset_consumes_1', 'dataset_produces_2', 'consume_1_or_both_2_and_3_with_dataset_expressions', 'dataset_consumes_1_never_scheduled' retrieved from /home/airflow/.local/lib/python3.12/site-packages/airflow/example_dags/example_datasets.py
[2025-10-07T22:19:16.328+0000] {logging_mixin.py:188} INFO - [2025-10-07T22:19:16.328+0000] {dag.py:3096} INFO - Sync 10 DAGs
[2025-10-07T22:19:16.348+0000] {logging_mixin.py:188} INFO - [2025-10-07T22:19:16.347+0000] {dag.py:3954} INFO - Setting next_dagrun for conditional_dataset_and_time_based_timetable to 2025-10-01 01:00:00+00:00, run_after=2025-10-01 01:00:00+00:00
[2025-10-07T22:19:16.355+0000] {logging_mixin.py:188} INFO - [2025-10-07T22:19:16.355+0000] {dag.py:3954} INFO - Setting next_dagrun for consume_1_and_2_with_dataset_expressions to None, run_after=None
[2025-10-07T22:19:16.358+0000] {logging_mixin.py:188} INFO - [2025-10-07T22:19:16.357+0000] {dag.py:3954} INFO - Setting next_dagrun for consume_1_or_2_with_dataset_expressions to None, run_after=None
[2025-10-07T22:19:16.359+0000] {logging_mixin.py:188} INFO - [2025-10-07T22:19:16.359+0000] {dag.py:3954} INFO - Setting next_dagrun for consume_1_or_both_2_and_3_with_dataset_expressions to None, run_after=None
[2025-10-07T22:19:16.361+0000] {logging_mixin.py:188} INFO - [2025-10-07T22:19:16.361+0000] {dag.py:3954} INFO - Setting next_dagrun for dataset_consumes_1 to None, run_after=None
[2025-10-07T22:19:16.365+0000] {logging_mixin.py:188} INFO - [2025-10-07T22:19:16.364+0000] {dag.py:3954} INFO - Setting next_dagrun for dataset_consumes_1_and_2 to None, run_after=None
[2025-10-07T22:19:16.367+0000] {logging_mixin.py:188} INFO - [2025-10-07T22:19:16.367+0000] {dag.py:3954} INFO - Setting next_dagrun for dataset_consumes_1_never_scheduled to None, run_after=None
[2025-10-07T22:19:16.369+0000] {logging_mixin.py:188} INFO - [2025-10-07T22:19:16.369+0000] {dag.py:3954} INFO - Setting next_dagrun for dataset_consumes_unknown_never_scheduled to None, run_after=None
[2025-10-07T22:19:16.371+0000] {logging_mixin.py:188} INFO - [2025-10-07T22:19:16.371+0000] {dag.py:3954} INFO - Setting next_dagrun for dataset_produces_1 to 2025-10-06 00:00:00+00:00, run_after=2025-10-07 00:00:00+00:00
[2025-10-07T22:19:16.372+0000] {logging_mixin.py:188} INFO - [2025-10-07T22:19:16.372+0000] {dag.py:3954} INFO - Setting next_dagrun for dataset_produces_2 to None, run_after=None
[2025-10-07T22:19:16.454+0000] {processor.py:183} INFO - Processing /home/airflow/.local/lib/python3.12/site-packages/airflow/example_dags/example_datasets.py took 0.167 seconds
[2025-10-07T22:19:47.232+0000] {processor.py:161} INFO - Started process (PID=115) to work on /home/airflow/.local/lib/python3.12/site-packages/airflow/example_dags/example_datasets.py
[2025-10-07T22:19:47.234+0000] {processor.py:830} INFO - Processing file /home/airflow/.local/lib/python3.12/site-packages/airflow/example_dags/example_datasets.py for tasks to queue
[2025-10-07T22:19:47.236+0000] {logging_mixin.py:188} INFO - [2025-10-07T22:19:47.235+0000] {dagbag.py:545} INFO - Filling up the DagBag from /home/airflow/.local/lib/python3.12/site-packages/airflow/example_dags/example_datasets.py
[2025-10-07T22:19:47.245+0000] {processor.py:840} INFO - DAG(s) 'dataset_consumes_1_and_2', 'dataset_consumes_1', 'dataset_produces_1', 'conditional_dataset_and_time_based_timetable', 'dataset_consumes_unknown_never_scheduled', 'dataset_consumes_1_never_scheduled', 'dataset_produces_2', 'consume_1_or_2_with_dataset_expressions', 'consume_1_or_both_2_and_3_with_dataset_expressions', 'consume_1_and_2_with_dataset_expressions' retrieved from /home/airflow/.local/lib/python3.12/site-packages/airflow/example_dags/example_datasets.py
[2025-10-07T22:19:47.329+0000] {logging_mixin.py:188} INFO - [2025-10-07T22:19:47.329+0000] {dag.py:3096} INFO - Sync 10 DAGs
[2025-10-07T22:19:47.345+0000] {logging_mixin.py:188} INFO - [2025-10-07T22:19:47.345+0000] {dag.py:3954} INFO - Setting next_dagrun for conditional_dataset_and_time_based_timetable to 2025-10-01 01:00:00+00:00, run_after=2025-10-01 01:00:00+00:00
[2025-10-07T22:19:47.347+0000] {logging_mixin.py:188} INFO - [2025-10-07T22:19:47.347+0000] {dag.py:3954} INFO - Setting next_dagrun for consume_1_and_2_with_dataset_expressions to None, run_after=None
[2025-10-07T22:19:47.347+0000] {logging_mixin.py:188} INFO - [2025-10-07T22:19:47.347+0000] {dag.py:3954} INFO - Setting next_dagrun for consume_1_or_2_with_dataset_expressions to None, run_after=None
[2025-10-07T22:19:47.348+0000] {logging_mixin.py:188} INFO - [2025-10-07T22:19:47.348+0000] {dag.py:3954} INFO - Setting next_dagrun for consume_1_or_both_2_and_3_with_dataset_expressions to None, run_after=None
[2025-10-07T22:19:47.349+0000] {logging_mixin.py:188} INFO - [2025-10-07T22:19:47.349+0000] {dag.py:3954} INFO - Setting next_dagrun for dataset_consumes_1 to None, run_after=None
[2025-10-07T22:19:47.350+0000] {logging_mixin.py:188} INFO - [2025-10-07T22:19:47.350+0000] {dag.py:3954} INFO - Setting next_dagrun for dataset_consumes_1_and_2 to None, run_after=None
[2025-10-07T22:19:47.351+0000] {logging_mixin.py:188} INFO - [2025-10-07T22:19:47.351+0000] {dag.py:3954} INFO - Setting next_dagrun for dataset_consumes_1_never_scheduled to None, run_after=None
[2025-10-07T22:19:47.352+0000] {logging_mixin.py:188} INFO - [2025-10-07T22:19:47.352+0000] {dag.py:3954} INFO - Setting next_dagrun for dataset_consumes_unknown_never_scheduled to None, run_after=None
[2025-10-07T22:19:47.353+0000] {logging_mixin.py:188} INFO - [2025-10-07T22:19:47.353+0000] {dag.py:3954} INFO - Setting next_dagrun for dataset_produces_1 to 2025-10-06 00:00:00+00:00, run_after=2025-10-07 00:00:00+00:00
[2025-10-07T22:19:47.354+0000] {logging_mixin.py:188} INFO - [2025-10-07T22:19:47.354+0000] {dag.py:3954} INFO - Setting next_dagrun for dataset_produces_2 to None, run_after=None
[2025-10-07T22:19:47.379+0000] {processor.py:183} INFO - Processing /home/airflow/.local/lib/python3.12/site-packages/airflow/example_dags/example_datasets.py took 0.150 seconds
[2025-10-07T22:20:18.109+0000] {processor.py:161} INFO - Started process (PID=174) to work on /home/airflow/.local/lib/python3.12/site-packages/airflow/example_dags/example_datasets.py
[2025-10-07T22:20:18.110+0000] {processor.py:830} INFO - Processing file /home/airflow/.local/lib/python3.12/site-packages/airflow/example_dags/example_datasets.py for tasks to queue
[2025-10-07T22:20:18.111+0000] {logging_mixin.py:188} INFO - [2025-10-07T22:20:18.111+0000] {dagbag.py:545} INFO - Filling up the DagBag from /home/airflow/.local/lib/python3.12/site-packages/airflow/example_dags/example_datasets.py
[2025-10-07T22:20:18.119+0000] {processor.py:840} INFO - DAG(s) 'consume_1_or_both_2_and_3_with_dataset_expressions', 'dataset_consumes_1', 'consume_1_or_2_with_dataset_expressions', 'dataset_consumes_1_and_2', 'dataset_consumes_1_never_scheduled', 'dataset_produces_2', 'dataset_produces_1', 'dataset_consumes_unknown_never_scheduled', 'conditional_dataset_and_time_based_timetable', 'consume_1_and_2_with_dataset_expressions' retrieved from /home/airflow/.local/lib/python3.12/site-packages/airflow/example_dags/example_datasets.py
[2025-10-07T22:20:18.151+0000] {logging_mixin.py:188} INFO - [2025-10-07T22:20:18.151+0000] {dag.py:3096} INFO - Sync 10 DAGs
[2025-10-07T22:20:18.169+0000] {logging_mixin.py:188} INFO - [2025-10-07T22:20:18.169+0000] {dag.py:3954} INFO - Setting next_dagrun for conditional_dataset_and_time_based_timetable to 2025-10-01 01:00:00+00:00, run_after=2025-10-01 01:00:00+00:00
[2025-10-07T22:20:18.173+0000] {logging_mixin.py:188} INFO - [2025-10-07T22:20:18.173+0000] {dag.py:3954} INFO - Setting next_dagrun for consume_1_and_2_with_dataset_expressions to None, run_after=None
[2025-10-07T22:20:18.174+0000] {logging_mixin.py:188} INFO - [2025-10-07T22:20:18.174+0000] {dag.py:3954} INFO - Setting next_dagrun for consume_1_or_2_with_dataset_expressions to None, run_after=None
[2025-10-07T22:20:18.175+0000] {logging_mixin.py:188} INFO - [2025-10-07T22:20:18.175+0000] {dag.py:3954} INFO - Setting next_dagrun for consume_1_or_both_2_and_3_with_dataset_expressions to None, run_after=None
[2025-10-07T22:20:18.176+0000] {logging_mixin.py:188} INFO - [2025-10-07T22:20:18.176+0000] {dag.py:3954} INFO - Setting next_dagrun for dataset_consumes_1 to None, run_after=None
[2025-10-07T22:20:18.176+0000] {logging_mixin.py:188} INFO - [2025-10-07T22:20:18.176+0000] {dag.py:3954} INFO - Setting next_dagrun for dataset_consumes_1_and_2 to None, run_after=None
[2025-10-07T22:20:18.177+0000] {logging_mixin.py:188} INFO - [2025-10-07T22:20:18.177+0000] {dag.py:3954} INFO - Setting next_dagrun for dataset_consumes_1_never_scheduled to None, run_after=None
[2025-10-07T22:20:18.177+0000] {logging_mixin.py:188} INFO - [2025-10-07T22:20:18.177+0000] {dag.py:3954} INFO - Setting next_dagrun for dataset_consumes_unknown_never_scheduled to None, run_after=None
[2025-10-07T22:20:18.179+0000] {logging_mixin.py:188} INFO - [2025-10-07T22:20:18.178+0000] {dag.py:3954} INFO - Setting next_dagrun for dataset_produces_1 to 2025-10-06 00:00:00+00:00, run_after=2025-10-07 00:00:00+00:00
[2025-10-07T22:20:18.179+0000] {logging_mixin.py:188} INFO - [2025-10-07T22:20:18.179+0000] {dag.py:3954} INFO - Setting next_dagrun for dataset_produces_2 to None, run_after=None
[2025-10-07T22:20:18.198+0000] {processor.py:183} INFO - Processing /home/airflow/.local/lib/python3.12/site-packages/airflow/example_dags/example_datasets.py took 0.092 seconds
[2025-10-07T22:20:48.508+0000] {processor.py:161} INFO - Started process (PID=239) to work on /home/airflow/.local/lib/python3.12/site-packages/airflow/example_dags/example_datasets.py
[2025-10-07T22:20:48.510+0000] {processor.py:830} INFO - Processing file /home/airflow/.local/lib/python3.12/site-packages/airflow/example_dags/example_datasets.py for tasks to queue
[2025-10-07T22:20:48.511+0000] {logging_mixin.py:188} INFO - [2025-10-07T22:20:48.511+0000] {dagbag.py:545} INFO - Filling up the DagBag from /home/airflow/.local/lib/python3.12/site-packages/airflow/example_dags/example_datasets.py
[2025-10-07T22:20:48.523+0000] {processor.py:840} INFO - DAG(s) 'dataset_produces_2', 'conditional_dataset_and_time_based_timetable', 'consume_1_or_both_2_and_3_with_dataset_expressions', 'consume_1_or_2_with_dataset_expressions', 'dataset_consumes_unknown_never_scheduled', 'consume_1_and_2_with_dataset_expressions', 'dataset_produces_1', 'dataset_consumes_1_and_2', 'dataset_consumes_1_never_scheduled', 'dataset_consumes_1' retrieved from /home/airflow/.local/lib/python3.12/site-packages/airflow/example_dags/example_datasets.py
[2025-10-07T22:20:48.570+0000] {logging_mixin.py:188} INFO - [2025-10-07T22:20:48.570+0000] {dag.py:3096} INFO - Sync 10 DAGs
[2025-10-07T22:20:48.590+0000] {logging_mixin.py:188} INFO - [2025-10-07T22:20:48.590+0000] {dag.py:3954} INFO - Setting next_dagrun for conditional_dataset_and_time_based_timetable to 2025-10-01 01:00:00+00:00, run_after=2025-10-01 01:00:00+00:00
[2025-10-07T22:20:48.592+0000] {logging_mixin.py:188} INFO - [2025-10-07T22:20:48.592+0000] {dag.py:3954} INFO - Setting next_dagrun for consume_1_and_2_with_dataset_expressions to None, run_after=None
[2025-10-07T22:20:48.593+0000] {logging_mixin.py:188} INFO - [2025-10-07T22:20:48.593+0000] {dag.py:3954} INFO - Setting next_dagrun for consume_1_or_2_with_dataset_expressions to None, run_after=None
[2025-10-07T22:20:48.594+0000] {logging_mixin.py:188} INFO - [2025-10-07T22:20:48.594+0000] {dag.py:3954} INFO - Setting next_dagrun for consume_1_or_both_2_and_3_with_dataset_expressions to None, run_after=None
[2025-10-07T22:20:48.594+0000] {logging_mixin.py:188} INFO - [2025-10-07T22:20:48.594+0000] {dag.py:3954} INFO - Setting next_dagrun for dataset_consumes_1 to None, run_after=None
[2025-10-07T22:20:48.595+0000] {logging_mixin.py:188} INFO - [2025-10-07T22:20:48.595+0000] {dag.py:3954} INFO - Setting next_dagrun for dataset_consumes_1_and_2 to None, run_after=None
[2025-10-07T22:20:48.595+0000] {logging_mixin.py:188} INFO - [2025-10-07T22:20:48.595+0000] {dag.py:3954} INFO - Setting next_dagrun for dataset_consumes_1_never_scheduled to None, run_after=None
[2025-10-07T22:20:48.596+0000] {logging_mixin.py:188} INFO - [2025-10-07T22:20:48.596+0000] {dag.py:3954} INFO - Setting next_dagrun for dataset_consumes_unknown_never_scheduled to None, run_after=None
[2025-10-07T22:20:48.597+0000] {logging_mixin.py:188} INFO - [2025-10-07T22:20:48.597+0000] {dag.py:3954} INFO - Setting next_dagrun for dataset_produces_1 to 2025-10-06 00:00:00+00:00, run_after=2025-10-07 00:00:00+00:00
[2025-10-07T22:20:48.597+0000] {logging_mixin.py:188} INFO - [2025-10-07T22:20:48.597+0000] {dag.py:3954} INFO - Setting next_dagrun for dataset_produces_2 to None, run_after=None
[2025-10-07T22:20:48.615+0000] {processor.py:183} INFO - Processing /home/airflow/.local/lib/python3.12/site-packages/airflow/example_dags/example_datasets.py took 0.111 seconds
[2025-10-07T22:21:18.647+0000] {processor.py:161} INFO - Started process (PID=298) to work on /home/airflow/.local/lib/python3.12/site-packages/airflow/example_dags/example_datasets.py
[2025-10-07T22:21:18.648+0000] {processor.py:830} INFO - Processing file /home/airflow/.local/lib/python3.12/site-packages/airflow/example_dags/example_datasets.py for tasks to queue
[2025-10-07T22:21:18.649+0000] {logging_mixin.py:188} INFO - [2025-10-07T22:21:18.649+0000] {dagbag.py:545} INFO - Filling up the DagBag from /home/airflow/.local/lib/python3.12/site-packages/airflow/example_dags/example_datasets.py
[2025-10-07T22:21:18.656+0000] {processor.py:840} INFO - DAG(s) 'consume_1_or_2_with_dataset_expressions', 'dataset_produces_1', 'dataset_consumes_1_never_scheduled', 'consume_1_and_2_with_dataset_expressions', 'dataset_consumes_unknown_never_scheduled', 'consume_1_or_both_2_and_3_with_dataset_expressions', 'dataset_consumes_1', 'dataset_consumes_1_and_2', 'dataset_produces_2', 'conditional_dataset_and_time_based_timetable' retrieved from /home/airflow/.local/lib/python3.12/site-packages/airflow/example_dags/example_datasets.py
[2025-10-07T22:21:18.676+0000] {logging_mixin.py:188} INFO - [2025-10-07T22:21:18.676+0000] {dag.py:3096} INFO - Sync 10 DAGs
[2025-10-07T22:21:18.687+0000] {logging_mixin.py:188} INFO - [2025-10-07T22:21:18.687+0000] {dag.py:3954} INFO - Setting next_dagrun for conditional_dataset_and_time_based_timetable to 2025-10-01 01:00:00+00:00, run_after=2025-10-01 01:00:00+00:00
[2025-10-07T22:21:18.688+0000] {logging_mixin.py:188} INFO - [2025-10-07T22:21:18.688+0000] {dag.py:3954} INFO - Setting next_dagrun for consume_1_and_2_with_dataset_expressions to None, run_after=None
[2025-10-07T22:21:18.689+0000] {logging_mixin.py:188} INFO - [2025-10-07T22:21:18.689+0000] {dag.py:3954} INFO - Setting next_dagrun for consume_1_or_2_with_dataset_expressions to None, run_after=None
[2025-10-07T22:21:18.690+0000] {logging_mixin.py:188} INFO - [2025-10-07T22:21:18.689+0000] {dag.py:3954} INFO - Setting next_dagrun for consume_1_or_both_2_and_3_with_dataset_expressions to None, run_after=None
[2025-10-07T22:21:18.690+0000] {logging_mixin.py:188} INFO - [2025-10-07T22:21:18.690+0000] {dag.py:3954} INFO - Setting next_dagrun for dataset_consumes_1 to None, run_after=None
[2025-10-07T22:21:18.690+0000] {logging_mixin.py:188} INFO - [2025-10-07T22:21:18.690+0000] {dag.py:3954} INFO - Setting next_dagrun for dataset_consumes_1_and_2 to None, run_after=None
[2025-10-07T22:21:18.691+0000] {logging_mixin.py:188} INFO - [2025-10-07T22:21:18.691+0000] {dag.py:3954} INFO - Setting next_dagrun for dataset_consumes_1_never_scheduled to None, run_after=None
[2025-10-07T22:21:18.691+0000] {logging_mixin.py:188} INFO - [2025-10-07T22:21:18.691+0000] {dag.py:3954} INFO - Setting next_dagrun for dataset_consumes_unknown_never_scheduled to None, run_after=None
[2025-10-07T22:21:18.692+0000] {logging_mixin.py:188} INFO - [2025-10-07T22:21:18.692+0000] {dag.py:3954} INFO - Setting next_dagrun for dataset_produces_1 to 2025-10-06 00:00:00+00:00, run_after=2025-10-07 00:00:00+00:00
[2025-10-07T22:21:18.693+0000] {logging_mixin.py:188} INFO - [2025-10-07T22:21:18.693+0000] {dag.py:3954} INFO - Setting next_dagrun for dataset_produces_2 to None, run_after=None
[2025-10-07T22:21:18.706+0000] {processor.py:183} INFO - Processing /home/airflow/.local/lib/python3.12/site-packages/airflow/example_dags/example_datasets.py took 0.062 seconds
[2025-10-07T22:21:49.074+0000] {processor.py:161} INFO - Started process (PID=357) to work on /home/airflow/.local/lib/python3.12/site-packages/airflow/example_dags/example_datasets.py
[2025-10-07T22:21:49.075+0000] {processor.py:830} INFO - Processing file /home/airflow/.local/lib/python3.12/site-packages/airflow/example_dags/example_datasets.py for tasks to queue
[2025-10-07T22:21:49.076+0000] {logging_mixin.py:188} INFO - [2025-10-07T22:21:49.076+0000] {dagbag.py:545} INFO - Filling up the DagBag from /home/airflow/.local/lib/python3.12/site-packages/airflow/example_dags/example_datasets.py
[2025-10-07T22:21:49.085+0000] {processor.py:840} INFO - DAG(s) 'consume_1_and_2_with_dataset_expressions', 'dataset_produces_2', 'consume_1_or_both_2_and_3_with_dataset_expressions', 'dataset_consumes_unknown_never_scheduled', 'dataset_consumes_1', 'conditional_dataset_and_time_based_timetable', 'dataset_consumes_1_never_scheduled', 'dataset_consumes_1_and_2', 'consume_1_or_2_with_dataset_expressions', 'dataset_produces_1' retrieved from /home/airflow/.local/lib/python3.12/site-packages/airflow/example_dags/example_datasets.py
[2025-10-07T22:21:49.109+0000] {logging_mixin.py:188} INFO - [2025-10-07T22:21:49.109+0000] {dag.py:3096} INFO - Sync 10 DAGs
[2025-10-07T22:21:49.130+0000] {logging_mixin.py:188} INFO - [2025-10-07T22:21:49.130+0000] {dag.py:3954} INFO - Setting next_dagrun for conditional_dataset_and_time_based_timetable to 2025-10-01 01:00:00+00:00, run_after=2025-10-01 01:00:00+00:00
[2025-10-07T22:21:49.135+0000] {logging_mixin.py:188} INFO - [2025-10-07T22:21:49.135+0000] {dag.py:3954} INFO - Setting next_dagrun for consume_1_and_2_with_dataset_expressions to None, run_after=None
[2025-10-07T22:21:49.135+0000] {logging_mixin.py:188} INFO - [2025-10-07T22:21:49.135+0000] {dag.py:3954} INFO - Setting next_dagrun for consume_1_or_2_with_dataset_expressions to None, run_after=None
[2025-10-07T22:21:49.139+0000] {logging_mixin.py:188} INFO - [2025-10-07T22:21:49.139+0000] {dag.py:3954} INFO - Setting next_dagrun for consume_1_or_both_2_and_3_with_dataset_expressions to None, run_after=None
[2025-10-07T22:21:49.140+0000] {logging_mixin.py:188} INFO - [2025-10-07T22:21:49.140+0000] {dag.py:3954} INFO - Setting next_dagrun for dataset_consumes_1 to None, run_after=None
[2025-10-07T22:21:49.140+0000] {logging_mixin.py:188} INFO - [2025-10-07T22:21:49.140+0000] {dag.py:3954} INFO - Setting next_dagrun for dataset_consumes_1_and_2 to None, run_after=None
[2025-10-07T22:21:49.141+0000] {logging_mixin.py:188} INFO - [2025-10-07T22:21:49.141+0000] {dag.py:3954} INFO - Setting next_dagrun for dataset_consumes_1_never_scheduled to None, run_after=None
[2025-10-07T22:21:49.142+0000] {logging_mixin.py:188} INFO - [2025-10-07T22:21:49.142+0000] {dag.py:3954} INFO - Setting next_dagrun for dataset_consumes_unknown_never_scheduled to None, run_after=None
[2025-10-07T22:21:49.144+0000] {logging_mixin.py:188} INFO - [2025-10-07T22:21:49.144+0000] {dag.py:3954} INFO - Setting next_dagrun for dataset_produces_1 to 2025-10-06 00:00:00+00:00, run_after=2025-10-07 00:00:00+00:00
[2025-10-07T22:21:49.148+0000] {logging_mixin.py:188} INFO - [2025-10-07T22:21:49.148+0000] {dag.py:3954} INFO - Setting next_dagrun for dataset_produces_2 to None, run_after=None
[2025-10-07T22:21:49.164+0000] {processor.py:183} INFO - Processing /home/airflow/.local/lib/python3.12/site-packages/airflow/example_dags/example_datasets.py took 0.094 seconds
