[2025-10-07T21:54:26.070+0000] {processor.py:161} INFO - Started process (PID=83) to work on /home/airflow/.local/lib/python3.12/site-packages/airflow/example_dags/example_subdag_operator.py
[2025-10-07T21:54:26.071+0000] {processor.py:830} INFO - Processing file /home/airflow/.local/lib/python3.12/site-packages/airflow/example_dags/example_subdag_operator.py for tasks to queue
[2025-10-07T21:54:26.072+0000] {logging_mixin.py:188} INFO - [2025-10-07T21:54:26.072+0000] {dagbag.py:545} INFO - Filling up the DagBag from /home/airflow/.local/lib/python3.12/site-packages/airflow/example_dags/example_subdag_operator.py
[2025-10-07T21:54:26.094+0000] {processor.py:840} INFO - DAG(s) 'example_subdag_operator.section-1', 'example_subdag_operator.section-2', 'example_subdag_operator' retrieved from /home/airflow/.local/lib/python3.12/site-packages/airflow/example_dags/example_subdag_operator.py
[2025-10-07T21:54:26.099+0000] {logging_mixin.py:188} INFO - [2025-10-07T21:54:26.098+0000] {dag.py:3096} INFO - Sync 3 DAGs
[2025-10-07T21:54:26.117+0000] {logging_mixin.py:188} INFO - [2025-10-07T21:54:26.116+0000] {dag.py:3954} INFO - Setting next_dagrun for example_subdag_operator to 2022-01-01 00:00:00+00:00, run_after=2022-01-01 00:00:00+00:00
[2025-10-07T21:54:26.119+0000] {logging_mixin.py:188} INFO - [2025-10-07T21:54:26.119+0000] {dag.py:3954} INFO - Setting next_dagrun for example_subdag_operator.section-1 to None, run_after=None
[2025-10-07T21:54:26.120+0000] {logging_mixin.py:188} INFO - [2025-10-07T21:54:26.120+0000] {dag.py:3954} INFO - Setting next_dagrun for example_subdag_operator.section-2 to None, run_after=None
[2025-10-07T21:54:26.126+0000] {logging_mixin.py:188} INFO - [2025-10-07T21:54:26.126+0000] {dag.py:3096} INFO - Sync 2 DAGs
[2025-10-07T21:54:26.129+0000] {logging_mixin.py:188} INFO - [2025-10-07T21:54:26.129+0000] {dag.py:3954} INFO - Setting next_dagrun for example_subdag_operator.section-1 to None, run_after=None
[2025-10-07T21:54:26.129+0000] {logging_mixin.py:188} INFO - [2025-10-07T21:54:26.129+0000] {dag.py:3954} INFO - Setting next_dagrun for example_subdag_operator.section-2 to None, run_after=None
[2025-10-07T21:54:26.135+0000] {processor.py:183} INFO - Processing /home/airflow/.local/lib/python3.12/site-packages/airflow/example_dags/example_subdag_operator.py took 0.073 seconds
[2025-10-07T21:54:57.026+0000] {processor.py:161} INFO - Started process (PID=142) to work on /home/airflow/.local/lib/python3.12/site-packages/airflow/example_dags/example_subdag_operator.py
[2025-10-07T21:54:57.026+0000] {processor.py:830} INFO - Processing file /home/airflow/.local/lib/python3.12/site-packages/airflow/example_dags/example_subdag_operator.py for tasks to queue
[2025-10-07T21:54:57.028+0000] {logging_mixin.py:188} INFO - [2025-10-07T21:54:57.028+0000] {dagbag.py:545} INFO - Filling up the DagBag from /home/airflow/.local/lib/python3.12/site-packages/airflow/example_dags/example_subdag_operator.py
[2025-10-07T21:54:57.043+0000] {processor.py:840} INFO - DAG(s) 'example_subdag_operator.section-1', 'example_subdag_operator.section-2', 'example_subdag_operator' retrieved from /home/airflow/.local/lib/python3.12/site-packages/airflow/example_dags/example_subdag_operator.py
[2025-10-07T21:54:57.089+0000] {logging_mixin.py:188} INFO - [2025-10-07T21:54:57.089+0000] {dag.py:3096} INFO - Sync 3 DAGs
[2025-10-07T21:54:57.101+0000] {logging_mixin.py:188} INFO - [2025-10-07T21:54:57.101+0000] {dag.py:3954} INFO - Setting next_dagrun for example_subdag_operator to 2022-01-01 00:00:00+00:00, run_after=2022-01-01 00:00:00+00:00
[2025-10-07T21:54:57.103+0000] {logging_mixin.py:188} INFO - [2025-10-07T21:54:57.103+0000] {dag.py:3954} INFO - Setting next_dagrun for example_subdag_operator.section-1 to None, run_after=None
[2025-10-07T21:54:57.104+0000] {logging_mixin.py:188} INFO - [2025-10-07T21:54:57.104+0000] {dag.py:3954} INFO - Setting next_dagrun for example_subdag_operator.section-2 to None, run_after=None
[2025-10-07T21:54:57.109+0000] {logging_mixin.py:188} INFO - [2025-10-07T21:54:57.109+0000] {dag.py:3096} INFO - Sync 2 DAGs
[2025-10-07T21:54:57.113+0000] {logging_mixin.py:188} INFO - [2025-10-07T21:54:57.113+0000] {dag.py:3954} INFO - Setting next_dagrun for example_subdag_operator.section-1 to None, run_after=None
[2025-10-07T21:54:57.113+0000] {logging_mixin.py:188} INFO - [2025-10-07T21:54:57.113+0000] {dag.py:3954} INFO - Setting next_dagrun for example_subdag_operator.section-2 to None, run_after=None
[2025-10-07T21:54:57.120+0000] {processor.py:183} INFO - Processing /home/airflow/.local/lib/python3.12/site-packages/airflow/example_dags/example_subdag_operator.py took 0.097 seconds
[2025-10-07T21:55:27.158+0000] {processor.py:161} INFO - Started process (PID=201) to work on /home/airflow/.local/lib/python3.12/site-packages/airflow/example_dags/example_subdag_operator.py
[2025-10-07T21:55:27.158+0000] {processor.py:830} INFO - Processing file /home/airflow/.local/lib/python3.12/site-packages/airflow/example_dags/example_subdag_operator.py for tasks to queue
[2025-10-07T21:55:27.159+0000] {logging_mixin.py:188} INFO - [2025-10-07T21:55:27.159+0000] {dagbag.py:545} INFO - Filling up the DagBag from /home/airflow/.local/lib/python3.12/site-packages/airflow/example_dags/example_subdag_operator.py
[2025-10-07T21:55:27.170+0000] {processor.py:840} INFO - DAG(s) 'example_subdag_operator.section-1', 'example_subdag_operator.section-2', 'example_subdag_operator' retrieved from /home/airflow/.local/lib/python3.12/site-packages/airflow/example_dags/example_subdag_operator.py
[2025-10-07T21:55:27.177+0000] {logging_mixin.py:188} INFO - [2025-10-07T21:55:27.177+0000] {dag.py:3096} INFO - Sync 3 DAGs
[2025-10-07T21:55:27.186+0000] {logging_mixin.py:188} INFO - [2025-10-07T21:55:27.186+0000] {dag.py:3954} INFO - Setting next_dagrun for example_subdag_operator to 2022-01-01 00:00:00+00:00, run_after=2022-01-01 00:00:00+00:00
[2025-10-07T21:55:27.187+0000] {logging_mixin.py:188} INFO - [2025-10-07T21:55:27.187+0000] {dag.py:3954} INFO - Setting next_dagrun for example_subdag_operator.section-1 to None, run_after=None
[2025-10-07T21:55:27.188+0000] {logging_mixin.py:188} INFO - [2025-10-07T21:55:27.188+0000] {dag.py:3954} INFO - Setting next_dagrun for example_subdag_operator.section-2 to None, run_after=None
[2025-10-07T21:55:27.191+0000] {logging_mixin.py:188} INFO - [2025-10-07T21:55:27.191+0000] {dag.py:3096} INFO - Sync 2 DAGs
[2025-10-07T21:55:27.193+0000] {logging_mixin.py:188} INFO - [2025-10-07T21:55:27.193+0000] {dag.py:3954} INFO - Setting next_dagrun for example_subdag_operator.section-1 to None, run_after=None
[2025-10-07T21:55:27.193+0000] {logging_mixin.py:188} INFO - [2025-10-07T21:55:27.193+0000] {dag.py:3954} INFO - Setting next_dagrun for example_subdag_operator.section-2 to None, run_after=None
[2025-10-07T21:55:27.197+0000] {processor.py:183} INFO - Processing /home/airflow/.local/lib/python3.12/site-packages/airflow/example_dags/example_subdag_operator.py took 0.043 seconds
[2025-10-07T21:55:57.330+0000] {processor.py:161} INFO - Started process (PID=260) to work on /home/airflow/.local/lib/python3.12/site-packages/airflow/example_dags/example_subdag_operator.py
[2025-10-07T21:55:57.332+0000] {processor.py:830} INFO - Processing file /home/airflow/.local/lib/python3.12/site-packages/airflow/example_dags/example_subdag_operator.py for tasks to queue
[2025-10-07T21:55:57.334+0000] {logging_mixin.py:188} INFO - [2025-10-07T21:55:57.333+0000] {dagbag.py:545} INFO - Filling up the DagBag from /home/airflow/.local/lib/python3.12/site-packages/airflow/example_dags/example_subdag_operator.py
[2025-10-07T21:55:57.345+0000] {processor.py:840} INFO - DAG(s) 'example_subdag_operator.section-1', 'example_subdag_operator.section-2', 'example_subdag_operator' retrieved from /home/airflow/.local/lib/python3.12/site-packages/airflow/example_dags/example_subdag_operator.py
[2025-10-07T21:55:57.352+0000] {logging_mixin.py:188} INFO - [2025-10-07T21:55:57.352+0000] {dag.py:3096} INFO - Sync 3 DAGs
[2025-10-07T21:55:57.362+0000] {logging_mixin.py:188} INFO - [2025-10-07T21:55:57.362+0000] {dag.py:3954} INFO - Setting next_dagrun for example_subdag_operator to 2022-01-01 00:00:00+00:00, run_after=2022-01-01 00:00:00+00:00
[2025-10-07T21:55:57.364+0000] {logging_mixin.py:188} INFO - [2025-10-07T21:55:57.364+0000] {dag.py:3954} INFO - Setting next_dagrun for example_subdag_operator.section-1 to None, run_after=None
[2025-10-07T21:55:57.365+0000] {logging_mixin.py:188} INFO - [2025-10-07T21:55:57.365+0000] {dag.py:3954} INFO - Setting next_dagrun for example_subdag_operator.section-2 to None, run_after=None
[2025-10-07T21:55:57.369+0000] {logging_mixin.py:188} INFO - [2025-10-07T21:55:57.369+0000] {dag.py:3096} INFO - Sync 2 DAGs
[2025-10-07T21:55:57.372+0000] {logging_mixin.py:188} INFO - [2025-10-07T21:55:57.372+0000] {dag.py:3954} INFO - Setting next_dagrun for example_subdag_operator.section-1 to None, run_after=None
[2025-10-07T21:55:57.372+0000] {logging_mixin.py:188} INFO - [2025-10-07T21:55:57.372+0000] {dag.py:3954} INFO - Setting next_dagrun for example_subdag_operator.section-2 to None, run_after=None
[2025-10-07T21:55:57.377+0000] {processor.py:183} INFO - Processing /home/airflow/.local/lib/python3.12/site-packages/airflow/example_dags/example_subdag_operator.py took 0.050 seconds
[2025-10-07T21:56:27.466+0000] {processor.py:161} INFO - Started process (PID=319) to work on /home/airflow/.local/lib/python3.12/site-packages/airflow/example_dags/example_subdag_operator.py
[2025-10-07T21:56:27.466+0000] {processor.py:830} INFO - Processing file /home/airflow/.local/lib/python3.12/site-packages/airflow/example_dags/example_subdag_operator.py for tasks to queue
[2025-10-07T21:56:27.467+0000] {logging_mixin.py:188} INFO - [2025-10-07T21:56:27.467+0000] {dagbag.py:545} INFO - Filling up the DagBag from /home/airflow/.local/lib/python3.12/site-packages/airflow/example_dags/example_subdag_operator.py
[2025-10-07T21:56:27.481+0000] {processor.py:840} INFO - DAG(s) 'example_subdag_operator.section-1', 'example_subdag_operator.section-2', 'example_subdag_operator' retrieved from /home/airflow/.local/lib/python3.12/site-packages/airflow/example_dags/example_subdag_operator.py
[2025-10-07T21:56:27.488+0000] {logging_mixin.py:188} INFO - [2025-10-07T21:56:27.488+0000] {dag.py:3096} INFO - Sync 3 DAGs
[2025-10-07T21:56:27.497+0000] {logging_mixin.py:188} INFO - [2025-10-07T21:56:27.497+0000] {dag.py:3954} INFO - Setting next_dagrun for example_subdag_operator to 2022-01-01 00:00:00+00:00, run_after=2022-01-01 00:00:00+00:00
[2025-10-07T21:56:27.499+0000] {logging_mixin.py:188} INFO - [2025-10-07T21:56:27.499+0000] {dag.py:3954} INFO - Setting next_dagrun for example_subdag_operator.section-1 to None, run_after=None
[2025-10-07T21:56:27.499+0000] {logging_mixin.py:188} INFO - [2025-10-07T21:56:27.499+0000] {dag.py:3954} INFO - Setting next_dagrun for example_subdag_operator.section-2 to None, run_after=None
[2025-10-07T21:56:27.502+0000] {logging_mixin.py:188} INFO - [2025-10-07T21:56:27.502+0000] {dag.py:3096} INFO - Sync 2 DAGs
[2025-10-07T21:56:27.505+0000] {logging_mixin.py:188} INFO - [2025-10-07T21:56:27.505+0000] {dag.py:3954} INFO - Setting next_dagrun for example_subdag_operator.section-1 to None, run_after=None
[2025-10-07T21:56:27.505+0000] {logging_mixin.py:188} INFO - [2025-10-07T21:56:27.505+0000] {dag.py:3954} INFO - Setting next_dagrun for example_subdag_operator.section-2 to None, run_after=None
[2025-10-07T21:56:27.509+0000] {processor.py:183} INFO - Processing /home/airflow/.local/lib/python3.12/site-packages/airflow/example_dags/example_subdag_operator.py took 0.046 seconds
[2025-10-07T21:56:58.400+0000] {processor.py:161} INFO - Started process (PID=378) to work on /home/airflow/.local/lib/python3.12/site-packages/airflow/example_dags/example_subdag_operator.py
[2025-10-07T21:56:58.405+0000] {processor.py:830} INFO - Processing file /home/airflow/.local/lib/python3.12/site-packages/airflow/example_dags/example_subdag_operator.py for tasks to queue
[2025-10-07T21:56:58.406+0000] {logging_mixin.py:188} INFO - [2025-10-07T21:56:58.405+0000] {dagbag.py:545} INFO - Filling up the DagBag from /home/airflow/.local/lib/python3.12/site-packages/airflow/example_dags/example_subdag_operator.py
[2025-10-07T21:56:58.420+0000] {processor.py:840} INFO - DAG(s) 'example_subdag_operator.section-1', 'example_subdag_operator.section-2', 'example_subdag_operator' retrieved from /home/airflow/.local/lib/python3.12/site-packages/airflow/example_dags/example_subdag_operator.py
[2025-10-07T21:56:58.428+0000] {logging_mixin.py:188} INFO - [2025-10-07T21:56:58.428+0000] {dag.py:3096} INFO - Sync 3 DAGs
[2025-10-07T21:56:58.438+0000] {logging_mixin.py:188} INFO - [2025-10-07T21:56:58.438+0000] {dag.py:3954} INFO - Setting next_dagrun for example_subdag_operator to 2022-01-01 00:00:00+00:00, run_after=2022-01-01 00:00:00+00:00
[2025-10-07T21:56:58.440+0000] {logging_mixin.py:188} INFO - [2025-10-07T21:56:58.440+0000] {dag.py:3954} INFO - Setting next_dagrun for example_subdag_operator.section-1 to None, run_after=None
[2025-10-07T21:56:58.440+0000] {logging_mixin.py:188} INFO - [2025-10-07T21:56:58.440+0000] {dag.py:3954} INFO - Setting next_dagrun for example_subdag_operator.section-2 to None, run_after=None
[2025-10-07T21:56:58.443+0000] {logging_mixin.py:188} INFO - [2025-10-07T21:56:58.443+0000] {dag.py:3096} INFO - Sync 2 DAGs
[2025-10-07T21:56:58.446+0000] {logging_mixin.py:188} INFO - [2025-10-07T21:56:58.446+0000] {dag.py:3954} INFO - Setting next_dagrun for example_subdag_operator.section-1 to None, run_after=None
[2025-10-07T21:56:58.446+0000] {logging_mixin.py:188} INFO - [2025-10-07T21:56:58.446+0000] {dag.py:3954} INFO - Setting next_dagrun for example_subdag_operator.section-2 to None, run_after=None
[2025-10-07T21:56:58.451+0000] {processor.py:183} INFO - Processing /home/airflow/.local/lib/python3.12/site-packages/airflow/example_dags/example_subdag_operator.py took 0.054 seconds
[2025-10-07T21:57:30.366+0000] {processor.py:161} INFO - Started process (PID=443) to work on /home/airflow/.local/lib/python3.12/site-packages/airflow/example_dags/example_subdag_operator.py
[2025-10-07T21:57:30.368+0000] {processor.py:830} INFO - Processing file /home/airflow/.local/lib/python3.12/site-packages/airflow/example_dags/example_subdag_operator.py for tasks to queue
[2025-10-07T21:57:30.371+0000] {logging_mixin.py:188} INFO - [2025-10-07T21:57:30.370+0000] {dagbag.py:545} INFO - Filling up the DagBag from /home/airflow/.local/lib/python3.12/site-packages/airflow/example_dags/example_subdag_operator.py
[2025-10-07T21:57:30.403+0000] {processor.py:840} INFO - DAG(s) 'example_subdag_operator.section-1', 'example_subdag_operator.section-2', 'example_subdag_operator' retrieved from /home/airflow/.local/lib/python3.12/site-packages/airflow/example_dags/example_subdag_operator.py
[2025-10-07T21:57:30.427+0000] {logging_mixin.py:188} INFO - [2025-10-07T21:57:30.427+0000] {dag.py:3096} INFO - Sync 3 DAGs
[2025-10-07T21:57:30.455+0000] {logging_mixin.py:188} INFO - [2025-10-07T21:57:30.455+0000] {dag.py:3954} INFO - Setting next_dagrun for example_subdag_operator to 2022-01-01 00:00:00+00:00, run_after=2022-01-01 00:00:00+00:00
[2025-10-07T21:57:30.471+0000] {logging_mixin.py:188} INFO - [2025-10-07T21:57:30.470+0000] {dag.py:3954} INFO - Setting next_dagrun for example_subdag_operator.section-1 to None, run_after=None
[2025-10-07T21:57:30.473+0000] {logging_mixin.py:188} INFO - [2025-10-07T21:57:30.473+0000] {dag.py:3954} INFO - Setting next_dagrun for example_subdag_operator.section-2 to None, run_after=None
[2025-10-07T21:57:30.482+0000] {logging_mixin.py:188} INFO - [2025-10-07T21:57:30.482+0000] {dag.py:3096} INFO - Sync 2 DAGs
[2025-10-07T21:57:30.494+0000] {logging_mixin.py:188} INFO - [2025-10-07T21:57:30.494+0000] {dag.py:3954} INFO - Setting next_dagrun for example_subdag_operator.section-1 to None, run_after=None
[2025-10-07T21:57:30.496+0000] {logging_mixin.py:188} INFO - [2025-10-07T21:57:30.496+0000] {dag.py:3954} INFO - Setting next_dagrun for example_subdag_operator.section-2 to None, run_after=None
[2025-10-07T21:57:30.522+0000] {processor.py:183} INFO - Processing /home/airflow/.local/lib/python3.12/site-packages/airflow/example_dags/example_subdag_operator.py took 0.164 seconds
[2025-10-07T21:58:27.496+0000] {processor.py:161} INFO - Started process (PID=496) to work on /home/airflow/.local/lib/python3.12/site-packages/airflow/example_dags/example_subdag_operator.py
[2025-10-07T21:58:27.496+0000] {processor.py:830} INFO - Processing file /home/airflow/.local/lib/python3.12/site-packages/airflow/example_dags/example_subdag_operator.py for tasks to queue
[2025-10-07T21:58:27.497+0000] {logging_mixin.py:188} INFO - [2025-10-07T21:58:27.497+0000] {dagbag.py:545} INFO - Filling up the DagBag from /home/airflow/.local/lib/python3.12/site-packages/airflow/example_dags/example_subdag_operator.py
[2025-10-07T21:58:27.520+0000] {processor.py:840} INFO - DAG(s) 'example_subdag_operator.section-1', 'example_subdag_operator.section-2', 'example_subdag_operator' retrieved from /home/airflow/.local/lib/python3.12/site-packages/airflow/example_dags/example_subdag_operator.py
[2025-10-07T21:58:27.532+0000] {logging_mixin.py:188} INFO - [2025-10-07T21:58:27.532+0000] {dag.py:3096} INFO - Sync 3 DAGs
[2025-10-07T21:58:27.549+0000] {logging_mixin.py:188} INFO - [2025-10-07T21:58:27.549+0000] {dag.py:3954} INFO - Setting next_dagrun for example_subdag_operator to 2022-01-01 00:00:00+00:00, run_after=2022-01-01 00:00:00+00:00
[2025-10-07T21:58:27.553+0000] {logging_mixin.py:188} INFO - [2025-10-07T21:58:27.553+0000] {dag.py:3954} INFO - Setting next_dagrun for example_subdag_operator.section-1 to None, run_after=None
[2025-10-07T21:58:27.555+0000] {logging_mixin.py:188} INFO - [2025-10-07T21:58:27.555+0000] {dag.py:3954} INFO - Setting next_dagrun for example_subdag_operator.section-2 to None, run_after=None
[2025-10-07T21:58:27.560+0000] {logging_mixin.py:188} INFO - [2025-10-07T21:58:27.560+0000] {dag.py:3096} INFO - Sync 2 DAGs
[2025-10-07T21:58:27.565+0000] {logging_mixin.py:188} INFO - [2025-10-07T21:58:27.565+0000] {dag.py:3954} INFO - Setting next_dagrun for example_subdag_operator.section-1 to None, run_after=None
[2025-10-07T21:58:27.566+0000] {logging_mixin.py:188} INFO - [2025-10-07T21:58:27.566+0000] {dag.py:3954} INFO - Setting next_dagrun for example_subdag_operator.section-2 to None, run_after=None
[2025-10-07T21:58:27.579+0000] {processor.py:183} INFO - Processing /home/airflow/.local/lib/python3.12/site-packages/airflow/example_dags/example_subdag_operator.py took 0.087 seconds
[2025-10-07T21:59:34.847+0000] {processor.py:161} INFO - Started process (PID=555) to work on /home/airflow/.local/lib/python3.12/site-packages/airflow/example_dags/example_subdag_operator.py
[2025-10-07T21:59:34.850+0000] {processor.py:830} INFO - Processing file /home/airflow/.local/lib/python3.12/site-packages/airflow/example_dags/example_subdag_operator.py for tasks to queue
[2025-10-07T21:59:34.858+0000] {logging_mixin.py:188} INFO - [2025-10-07T21:59:34.857+0000] {dagbag.py:545} INFO - Filling up the DagBag from /home/airflow/.local/lib/python3.12/site-packages/airflow/example_dags/example_subdag_operator.py
[2025-10-07T21:59:34.908+0000] {processor.py:840} INFO - DAG(s) 'example_subdag_operator.section-1', 'example_subdag_operator.section-2', 'example_subdag_operator' retrieved from /home/airflow/.local/lib/python3.12/site-packages/airflow/example_dags/example_subdag_operator.py
[2025-10-07T21:59:34.934+0000] {logging_mixin.py:188} INFO - [2025-10-07T21:59:34.934+0000] {dag.py:3096} INFO - Sync 3 DAGs
[2025-10-07T21:59:34.980+0000] {logging_mixin.py:188} INFO - [2025-10-07T21:59:34.979+0000] {dag.py:3954} INFO - Setting next_dagrun for example_subdag_operator to 2022-01-01 00:00:00+00:00, run_after=2022-01-01 00:00:00+00:00
[2025-10-07T21:59:34.986+0000] {logging_mixin.py:188} INFO - [2025-10-07T21:59:34.986+0000] {dag.py:3954} INFO - Setting next_dagrun for example_subdag_operator.section-1 to None, run_after=None
[2025-10-07T21:59:34.988+0000] {logging_mixin.py:188} INFO - [2025-10-07T21:59:34.988+0000] {dag.py:3954} INFO - Setting next_dagrun for example_subdag_operator.section-2 to None, run_after=None
[2025-10-07T21:59:35.000+0000] {logging_mixin.py:188} INFO - [2025-10-07T21:59:35.000+0000] {dag.py:3096} INFO - Sync 2 DAGs
[2025-10-07T21:59:35.009+0000] {logging_mixin.py:188} INFO - [2025-10-07T21:59:35.008+0000] {dag.py:3954} INFO - Setting next_dagrun for example_subdag_operator.section-1 to None, run_after=None
[2025-10-07T21:59:35.010+0000] {logging_mixin.py:188} INFO - [2025-10-07T21:59:35.010+0000] {dag.py:3954} INFO - Setting next_dagrun for example_subdag_operator.section-2 to None, run_after=None
[2025-10-07T21:59:35.038+0000] {processor.py:183} INFO - Processing /home/airflow/.local/lib/python3.12/site-packages/airflow/example_dags/example_subdag_operator.py took 0.200 seconds
[2025-10-07T22:01:53.046+0000] {processor.py:161} INFO - Started process (PID=614) to work on /home/airflow/.local/lib/python3.12/site-packages/airflow/example_dags/example_subdag_operator.py
[2025-10-07T22:01:53.048+0000] {processor.py:830} INFO - Processing file /home/airflow/.local/lib/python3.12/site-packages/airflow/example_dags/example_subdag_operator.py for tasks to queue
[2025-10-07T22:01:53.049+0000] {logging_mixin.py:188} INFO - [2025-10-07T22:01:53.049+0000] {dagbag.py:545} INFO - Filling up the DagBag from /home/airflow/.local/lib/python3.12/site-packages/airflow/example_dags/example_subdag_operator.py
[2025-10-07T22:01:53.072+0000] {processor.py:840} INFO - DAG(s) 'example_subdag_operator.section-1', 'example_subdag_operator.section-2', 'example_subdag_operator' retrieved from /home/airflow/.local/lib/python3.12/site-packages/airflow/example_dags/example_subdag_operator.py
[2025-10-07T22:01:53.080+0000] {logging_mixin.py:188} INFO - [2025-10-07T22:01:53.080+0000] {dag.py:3096} INFO - Sync 3 DAGs
[2025-10-07T22:01:53.091+0000] {logging_mixin.py:188} INFO - [2025-10-07T22:01:53.091+0000] {dag.py:3954} INFO - Setting next_dagrun for example_subdag_operator to 2022-01-01 00:00:00+00:00, run_after=2022-01-01 00:00:00+00:00
[2025-10-07T22:01:53.097+0000] {logging_mixin.py:188} INFO - [2025-10-07T22:01:53.097+0000] {dag.py:3954} INFO - Setting next_dagrun for example_subdag_operator.section-1 to None, run_after=None
[2025-10-07T22:01:53.098+0000] {logging_mixin.py:188} INFO - [2025-10-07T22:01:53.098+0000] {dag.py:3954} INFO - Setting next_dagrun for example_subdag_operator.section-2 to None, run_after=None
[2025-10-07T22:01:53.102+0000] {logging_mixin.py:188} INFO - [2025-10-07T22:01:53.101+0000] {dag.py:3096} INFO - Sync 2 DAGs
[2025-10-07T22:01:53.106+0000] {logging_mixin.py:188} INFO - [2025-10-07T22:01:53.106+0000] {dag.py:3954} INFO - Setting next_dagrun for example_subdag_operator.section-1 to None, run_after=None
[2025-10-07T22:01:53.107+0000] {logging_mixin.py:188} INFO - [2025-10-07T22:01:53.107+0000] {dag.py:3954} INFO - Setting next_dagrun for example_subdag_operator.section-2 to None, run_after=None
[2025-10-07T22:01:53.113+0000] {processor.py:183} INFO - Processing /home/airflow/.local/lib/python3.12/site-packages/airflow/example_dags/example_subdag_operator.py took 0.075 seconds
[2025-10-07T22:04:56.338+0000] {processor.py:161} INFO - Started process (PID=673) to work on /home/airflow/.local/lib/python3.12/site-packages/airflow/example_dags/example_subdag_operator.py
[2025-10-07T22:04:56.338+0000] {processor.py:830} INFO - Processing file /home/airflow/.local/lib/python3.12/site-packages/airflow/example_dags/example_subdag_operator.py for tasks to queue
[2025-10-07T22:04:56.339+0000] {logging_mixin.py:188} INFO - [2025-10-07T22:04:56.339+0000] {dagbag.py:545} INFO - Filling up the DagBag from /home/airflow/.local/lib/python3.12/site-packages/airflow/example_dags/example_subdag_operator.py
[2025-10-07T22:04:56.351+0000] {processor.py:840} INFO - DAG(s) 'example_subdag_operator.section-1', 'example_subdag_operator.section-2', 'example_subdag_operator' retrieved from /home/airflow/.local/lib/python3.12/site-packages/airflow/example_dags/example_subdag_operator.py
[2025-10-07T22:04:56.358+0000] {logging_mixin.py:188} INFO - [2025-10-07T22:04:56.358+0000] {dag.py:3096} INFO - Sync 3 DAGs
[2025-10-07T22:04:56.367+0000] {logging_mixin.py:188} INFO - [2025-10-07T22:04:56.367+0000] {dag.py:3954} INFO - Setting next_dagrun for example_subdag_operator to 2022-01-01 00:00:00+00:00, run_after=2022-01-01 00:00:00+00:00
[2025-10-07T22:04:56.369+0000] {logging_mixin.py:188} INFO - [2025-10-07T22:04:56.369+0000] {dag.py:3954} INFO - Setting next_dagrun for example_subdag_operator.section-1 to None, run_after=None
[2025-10-07T22:04:56.369+0000] {logging_mixin.py:188} INFO - [2025-10-07T22:04:56.369+0000] {dag.py:3954} INFO - Setting next_dagrun for example_subdag_operator.section-2 to None, run_after=None
[2025-10-07T22:04:56.372+0000] {logging_mixin.py:188} INFO - [2025-10-07T22:04:56.372+0000] {dag.py:3096} INFO - Sync 2 DAGs
[2025-10-07T22:04:56.374+0000] {logging_mixin.py:188} INFO - [2025-10-07T22:04:56.374+0000] {dag.py:3954} INFO - Setting next_dagrun for example_subdag_operator.section-1 to None, run_after=None
[2025-10-07T22:04:56.374+0000] {logging_mixin.py:188} INFO - [2025-10-07T22:04:56.374+0000] {dag.py:3954} INFO - Setting next_dagrun for example_subdag_operator.section-2 to None, run_after=None
[2025-10-07T22:04:56.379+0000] {processor.py:183} INFO - Processing /home/airflow/.local/lib/python3.12/site-packages/airflow/example_dags/example_subdag_operator.py took 0.044 seconds
[2025-10-07T22:05:26.451+0000] {processor.py:161} INFO - Started process (PID=732) to work on /home/airflow/.local/lib/python3.12/site-packages/airflow/example_dags/example_subdag_operator.py
[2025-10-07T22:05:26.453+0000] {processor.py:830} INFO - Processing file /home/airflow/.local/lib/python3.12/site-packages/airflow/example_dags/example_subdag_operator.py for tasks to queue
[2025-10-07T22:05:26.455+0000] {logging_mixin.py:188} INFO - [2025-10-07T22:05:26.455+0000] {dagbag.py:545} INFO - Filling up the DagBag from /home/airflow/.local/lib/python3.12/site-packages/airflow/example_dags/example_subdag_operator.py
[2025-10-07T22:05:26.468+0000] {processor.py:840} INFO - DAG(s) 'example_subdag_operator.section-1', 'example_subdag_operator.section-2', 'example_subdag_operator' retrieved from /home/airflow/.local/lib/python3.12/site-packages/airflow/example_dags/example_subdag_operator.py
[2025-10-07T22:05:26.478+0000] {logging_mixin.py:188} INFO - [2025-10-07T22:05:26.478+0000] {dag.py:3096} INFO - Sync 3 DAGs
[2025-10-07T22:05:26.489+0000] {logging_mixin.py:188} INFO - [2025-10-07T22:05:26.489+0000] {dag.py:3954} INFO - Setting next_dagrun for example_subdag_operator to 2022-01-01 00:00:00+00:00, run_after=2022-01-01 00:00:00+00:00
[2025-10-07T22:05:26.491+0000] {logging_mixin.py:188} INFO - [2025-10-07T22:05:26.491+0000] {dag.py:3954} INFO - Setting next_dagrun for example_subdag_operator.section-1 to None, run_after=None
[2025-10-07T22:05:26.492+0000] {logging_mixin.py:188} INFO - [2025-10-07T22:05:26.492+0000] {dag.py:3954} INFO - Setting next_dagrun for example_subdag_operator.section-2 to None, run_after=None
[2025-10-07T22:05:26.500+0000] {logging_mixin.py:188} INFO - [2025-10-07T22:05:26.500+0000] {dag.py:3096} INFO - Sync 2 DAGs
[2025-10-07T22:05:26.503+0000] {logging_mixin.py:188} INFO - [2025-10-07T22:05:26.503+0000] {dag.py:3954} INFO - Setting next_dagrun for example_subdag_operator.section-1 to None, run_after=None
[2025-10-07T22:05:26.503+0000] {logging_mixin.py:188} INFO - [2025-10-07T22:05:26.503+0000] {dag.py:3954} INFO - Setting next_dagrun for example_subdag_operator.section-2 to None, run_after=None
[2025-10-07T22:05:26.513+0000] {processor.py:183} INFO - Processing /home/airflow/.local/lib/python3.12/site-packages/airflow/example_dags/example_subdag_operator.py took 0.065 seconds
[2025-10-07T22:05:56.594+0000] {processor.py:161} INFO - Started process (PID=791) to work on /home/airflow/.local/lib/python3.12/site-packages/airflow/example_dags/example_subdag_operator.py
[2025-10-07T22:05:56.599+0000] {processor.py:830} INFO - Processing file /home/airflow/.local/lib/python3.12/site-packages/airflow/example_dags/example_subdag_operator.py for tasks to queue
[2025-10-07T22:05:56.600+0000] {logging_mixin.py:188} INFO - [2025-10-07T22:05:56.599+0000] {dagbag.py:545} INFO - Filling up the DagBag from /home/airflow/.local/lib/python3.12/site-packages/airflow/example_dags/example_subdag_operator.py
[2025-10-07T22:05:56.620+0000] {processor.py:840} INFO - DAG(s) 'example_subdag_operator.section-1', 'example_subdag_operator.section-2', 'example_subdag_operator' retrieved from /home/airflow/.local/lib/python3.12/site-packages/airflow/example_dags/example_subdag_operator.py
[2025-10-07T22:05:56.631+0000] {logging_mixin.py:188} INFO - [2025-10-07T22:05:56.631+0000] {dag.py:3096} INFO - Sync 3 DAGs
[2025-10-07T22:05:56.642+0000] {logging_mixin.py:188} INFO - [2025-10-07T22:05:56.642+0000] {dag.py:3954} INFO - Setting next_dagrun for example_subdag_operator to 2022-01-01 00:00:00+00:00, run_after=2022-01-01 00:00:00+00:00
[2025-10-07T22:05:56.644+0000] {logging_mixin.py:188} INFO - [2025-10-07T22:05:56.644+0000] {dag.py:3954} INFO - Setting next_dagrun for example_subdag_operator.section-1 to None, run_after=None
[2025-10-07T22:05:56.645+0000] {logging_mixin.py:188} INFO - [2025-10-07T22:05:56.644+0000] {dag.py:3954} INFO - Setting next_dagrun for example_subdag_operator.section-2 to None, run_after=None
[2025-10-07T22:05:56.652+0000] {logging_mixin.py:188} INFO - [2025-10-07T22:05:56.652+0000] {dag.py:3096} INFO - Sync 2 DAGs
[2025-10-07T22:05:56.656+0000] {logging_mixin.py:188} INFO - [2025-10-07T22:05:56.655+0000] {dag.py:3954} INFO - Setting next_dagrun for example_subdag_operator.section-1 to None, run_after=None
[2025-10-07T22:05:56.656+0000] {logging_mixin.py:188} INFO - [2025-10-07T22:05:56.656+0000] {dag.py:3954} INFO - Setting next_dagrun for example_subdag_operator.section-2 to None, run_after=None
[2025-10-07T22:05:56.665+0000] {processor.py:183} INFO - Processing /home/airflow/.local/lib/python3.12/site-packages/airflow/example_dags/example_subdag_operator.py took 0.073 seconds
[2025-10-07T22:06:26.678+0000] {processor.py:161} INFO - Started process (PID=850) to work on /home/airflow/.local/lib/python3.12/site-packages/airflow/example_dags/example_subdag_operator.py
[2025-10-07T22:06:26.679+0000] {processor.py:830} INFO - Processing file /home/airflow/.local/lib/python3.12/site-packages/airflow/example_dags/example_subdag_operator.py for tasks to queue
[2025-10-07T22:06:26.680+0000] {logging_mixin.py:188} INFO - [2025-10-07T22:06:26.680+0000] {dagbag.py:545} INFO - Filling up the DagBag from /home/airflow/.local/lib/python3.12/site-packages/airflow/example_dags/example_subdag_operator.py
[2025-10-07T22:06:26.700+0000] {processor.py:840} INFO - DAG(s) 'example_subdag_operator.section-1', 'example_subdag_operator.section-2', 'example_subdag_operator' retrieved from /home/airflow/.local/lib/python3.12/site-packages/airflow/example_dags/example_subdag_operator.py
[2025-10-07T22:06:26.708+0000] {logging_mixin.py:188} INFO - [2025-10-07T22:06:26.708+0000] {dag.py:3096} INFO - Sync 3 DAGs
[2025-10-07T22:06:26.720+0000] {logging_mixin.py:188} INFO - [2025-10-07T22:06:26.720+0000] {dag.py:3954} INFO - Setting next_dagrun for example_subdag_operator to 2022-01-01 00:00:00+00:00, run_after=2022-01-01 00:00:00+00:00
[2025-10-07T22:06:26.723+0000] {logging_mixin.py:188} INFO - [2025-10-07T22:06:26.723+0000] {dag.py:3954} INFO - Setting next_dagrun for example_subdag_operator.section-1 to None, run_after=None
[2025-10-07T22:06:26.726+0000] {logging_mixin.py:188} INFO - [2025-10-07T22:06:26.726+0000] {dag.py:3954} INFO - Setting next_dagrun for example_subdag_operator.section-2 to None, run_after=None
[2025-10-07T22:06:26.730+0000] {logging_mixin.py:188} INFO - [2025-10-07T22:06:26.730+0000] {dag.py:3096} INFO - Sync 2 DAGs
[2025-10-07T22:06:26.733+0000] {logging_mixin.py:188} INFO - [2025-10-07T22:06:26.733+0000] {dag.py:3954} INFO - Setting next_dagrun for example_subdag_operator.section-1 to None, run_after=None
[2025-10-07T22:06:26.733+0000] {logging_mixin.py:188} INFO - [2025-10-07T22:06:26.733+0000] {dag.py:3954} INFO - Setting next_dagrun for example_subdag_operator.section-2 to None, run_after=None
[2025-10-07T22:06:26.738+0000] {processor.py:183} INFO - Processing /home/airflow/.local/lib/python3.12/site-packages/airflow/example_dags/example_subdag_operator.py took 0.063 seconds
[2025-10-07T22:06:56.777+0000] {processor.py:161} INFO - Started process (PID=909) to work on /home/airflow/.local/lib/python3.12/site-packages/airflow/example_dags/example_subdag_operator.py
[2025-10-07T22:06:56.778+0000] {processor.py:830} INFO - Processing file /home/airflow/.local/lib/python3.12/site-packages/airflow/example_dags/example_subdag_operator.py for tasks to queue
[2025-10-07T22:06:56.780+0000] {logging_mixin.py:188} INFO - [2025-10-07T22:06:56.780+0000] {dagbag.py:545} INFO - Filling up the DagBag from /home/airflow/.local/lib/python3.12/site-packages/airflow/example_dags/example_subdag_operator.py
[2025-10-07T22:06:56.795+0000] {processor.py:840} INFO - DAG(s) 'example_subdag_operator.section-1', 'example_subdag_operator.section-2', 'example_subdag_operator' retrieved from /home/airflow/.local/lib/python3.12/site-packages/airflow/example_dags/example_subdag_operator.py
[2025-10-07T22:06:56.806+0000] {logging_mixin.py:188} INFO - [2025-10-07T22:06:56.806+0000] {dag.py:3096} INFO - Sync 3 DAGs
[2025-10-07T22:06:56.818+0000] {logging_mixin.py:188} INFO - [2025-10-07T22:06:56.818+0000] {dag.py:3954} INFO - Setting next_dagrun for example_subdag_operator to 2022-01-01 00:00:00+00:00, run_after=2022-01-01 00:00:00+00:00
[2025-10-07T22:06:56.820+0000] {logging_mixin.py:188} INFO - [2025-10-07T22:06:56.820+0000] {dag.py:3954} INFO - Setting next_dagrun for example_subdag_operator.section-1 to None, run_after=None
[2025-10-07T22:06:56.821+0000] {logging_mixin.py:188} INFO - [2025-10-07T22:06:56.821+0000] {dag.py:3954} INFO - Setting next_dagrun for example_subdag_operator.section-2 to None, run_after=None
[2025-10-07T22:06:56.826+0000] {logging_mixin.py:188} INFO - [2025-10-07T22:06:56.826+0000] {dag.py:3096} INFO - Sync 2 DAGs
[2025-10-07T22:06:56.829+0000] {logging_mixin.py:188} INFO - [2025-10-07T22:06:56.829+0000] {dag.py:3954} INFO - Setting next_dagrun for example_subdag_operator.section-1 to None, run_after=None
[2025-10-07T22:06:56.829+0000] {logging_mixin.py:188} INFO - [2025-10-07T22:06:56.829+0000] {dag.py:3954} INFO - Setting next_dagrun for example_subdag_operator.section-2 to None, run_after=None
[2025-10-07T22:06:56.834+0000] {processor.py:183} INFO - Processing /home/airflow/.local/lib/python3.12/site-packages/airflow/example_dags/example_subdag_operator.py took 0.059 seconds
[2025-10-07T22:07:26.913+0000] {processor.py:161} INFO - Started process (PID=968) to work on /home/airflow/.local/lib/python3.12/site-packages/airflow/example_dags/example_subdag_operator.py
[2025-10-07T22:07:26.914+0000] {processor.py:830} INFO - Processing file /home/airflow/.local/lib/python3.12/site-packages/airflow/example_dags/example_subdag_operator.py for tasks to queue
[2025-10-07T22:07:26.915+0000] {logging_mixin.py:188} INFO - [2025-10-07T22:07:26.915+0000] {dagbag.py:545} INFO - Filling up the DagBag from /home/airflow/.local/lib/python3.12/site-packages/airflow/example_dags/example_subdag_operator.py
[2025-10-07T22:07:26.928+0000] {processor.py:840} INFO - DAG(s) 'example_subdag_operator.section-1', 'example_subdag_operator.section-2', 'example_subdag_operator' retrieved from /home/airflow/.local/lib/python3.12/site-packages/airflow/example_dags/example_subdag_operator.py
[2025-10-07T22:07:26.940+0000] {logging_mixin.py:188} INFO - [2025-10-07T22:07:26.940+0000] {dag.py:3096} INFO - Sync 3 DAGs
[2025-10-07T22:07:26.950+0000] {logging_mixin.py:188} INFO - [2025-10-07T22:07:26.950+0000] {dag.py:3954} INFO - Setting next_dagrun for example_subdag_operator to 2022-01-01 00:00:00+00:00, run_after=2022-01-01 00:00:00+00:00
[2025-10-07T22:07:26.952+0000] {logging_mixin.py:188} INFO - [2025-10-07T22:07:26.952+0000] {dag.py:3954} INFO - Setting next_dagrun for example_subdag_operator.section-1 to None, run_after=None
[2025-10-07T22:07:26.954+0000] {logging_mixin.py:188} INFO - [2025-10-07T22:07:26.954+0000] {dag.py:3954} INFO - Setting next_dagrun for example_subdag_operator.section-2 to None, run_after=None
[2025-10-07T22:07:26.957+0000] {logging_mixin.py:188} INFO - [2025-10-07T22:07:26.957+0000] {dag.py:3096} INFO - Sync 2 DAGs
[2025-10-07T22:07:26.961+0000] {logging_mixin.py:188} INFO - [2025-10-07T22:07:26.960+0000] {dag.py:3954} INFO - Setting next_dagrun for example_subdag_operator.section-1 to None, run_after=None
[2025-10-07T22:07:26.961+0000] {logging_mixin.py:188} INFO - [2025-10-07T22:07:26.961+0000] {dag.py:3954} INFO - Setting next_dagrun for example_subdag_operator.section-2 to None, run_after=None
[2025-10-07T22:07:26.969+0000] {processor.py:183} INFO - Processing /home/airflow/.local/lib/python3.12/site-packages/airflow/example_dags/example_subdag_operator.py took 0.059 seconds
[2025-10-07T22:07:57.108+0000] {processor.py:161} INFO - Started process (PID=1027) to work on /home/airflow/.local/lib/python3.12/site-packages/airflow/example_dags/example_subdag_operator.py
[2025-10-07T22:07:57.108+0000] {processor.py:830} INFO - Processing file /home/airflow/.local/lib/python3.12/site-packages/airflow/example_dags/example_subdag_operator.py for tasks to queue
[2025-10-07T22:07:57.110+0000] {logging_mixin.py:188} INFO - [2025-10-07T22:07:57.109+0000] {dagbag.py:545} INFO - Filling up the DagBag from /home/airflow/.local/lib/python3.12/site-packages/airflow/example_dags/example_subdag_operator.py
[2025-10-07T22:07:57.122+0000] {processor.py:840} INFO - DAG(s) 'example_subdag_operator.section-1', 'example_subdag_operator.section-2', 'example_subdag_operator' retrieved from /home/airflow/.local/lib/python3.12/site-packages/airflow/example_dags/example_subdag_operator.py
[2025-10-07T22:07:57.132+0000] {logging_mixin.py:188} INFO - [2025-10-07T22:07:57.131+0000] {dag.py:3096} INFO - Sync 3 DAGs
[2025-10-07T22:07:57.144+0000] {logging_mixin.py:188} INFO - [2025-10-07T22:07:57.144+0000] {dag.py:3954} INFO - Setting next_dagrun for example_subdag_operator to 2022-01-01 00:00:00+00:00, run_after=2022-01-01 00:00:00+00:00
[2025-10-07T22:07:57.148+0000] {logging_mixin.py:188} INFO - [2025-10-07T22:07:57.148+0000] {dag.py:3954} INFO - Setting next_dagrun for example_subdag_operator.section-1 to None, run_after=None
[2025-10-07T22:07:57.149+0000] {logging_mixin.py:188} INFO - [2025-10-07T22:07:57.149+0000] {dag.py:3954} INFO - Setting next_dagrun for example_subdag_operator.section-2 to None, run_after=None
[2025-10-07T22:07:57.154+0000] {logging_mixin.py:188} INFO - [2025-10-07T22:07:57.154+0000] {dag.py:3096} INFO - Sync 2 DAGs
[2025-10-07T22:07:57.159+0000] {logging_mixin.py:188} INFO - [2025-10-07T22:07:57.159+0000] {dag.py:3954} INFO - Setting next_dagrun for example_subdag_operator.section-1 to None, run_after=None
[2025-10-07T22:07:57.160+0000] {logging_mixin.py:188} INFO - [2025-10-07T22:07:57.160+0000] {dag.py:3954} INFO - Setting next_dagrun for example_subdag_operator.section-2 to None, run_after=None
[2025-10-07T22:07:57.167+0000] {processor.py:183} INFO - Processing /home/airflow/.local/lib/python3.12/site-packages/airflow/example_dags/example_subdag_operator.py took 0.063 seconds
[2025-10-07T22:08:27.217+0000] {processor.py:161} INFO - Started process (PID=1086) to work on /home/airflow/.local/lib/python3.12/site-packages/airflow/example_dags/example_subdag_operator.py
[2025-10-07T22:08:27.220+0000] {processor.py:830} INFO - Processing file /home/airflow/.local/lib/python3.12/site-packages/airflow/example_dags/example_subdag_operator.py for tasks to queue
[2025-10-07T22:08:27.221+0000] {logging_mixin.py:188} INFO - [2025-10-07T22:08:27.221+0000] {dagbag.py:545} INFO - Filling up the DagBag from /home/airflow/.local/lib/python3.12/site-packages/airflow/example_dags/example_subdag_operator.py
[2025-10-07T22:08:27.235+0000] {processor.py:840} INFO - DAG(s) 'example_subdag_operator.section-1', 'example_subdag_operator.section-2', 'example_subdag_operator' retrieved from /home/airflow/.local/lib/python3.12/site-packages/airflow/example_dags/example_subdag_operator.py
[2025-10-07T22:08:27.244+0000] {logging_mixin.py:188} INFO - [2025-10-07T22:08:27.244+0000] {dag.py:3096} INFO - Sync 3 DAGs
[2025-10-07T22:08:27.257+0000] {logging_mixin.py:188} INFO - [2025-10-07T22:08:27.257+0000] {dag.py:3954} INFO - Setting next_dagrun for example_subdag_operator to 2022-01-01 00:00:00+00:00, run_after=2022-01-01 00:00:00+00:00
[2025-10-07T22:08:27.259+0000] {logging_mixin.py:188} INFO - [2025-10-07T22:08:27.259+0000] {dag.py:3954} INFO - Setting next_dagrun for example_subdag_operator.section-1 to None, run_after=None
[2025-10-07T22:08:27.260+0000] {logging_mixin.py:188} INFO - [2025-10-07T22:08:27.260+0000] {dag.py:3954} INFO - Setting next_dagrun for example_subdag_operator.section-2 to None, run_after=None
[2025-10-07T22:08:27.263+0000] {logging_mixin.py:188} INFO - [2025-10-07T22:08:27.263+0000] {dag.py:3096} INFO - Sync 2 DAGs
[2025-10-07T22:08:27.265+0000] {logging_mixin.py:188} INFO - [2025-10-07T22:08:27.265+0000] {dag.py:3954} INFO - Setting next_dagrun for example_subdag_operator.section-1 to None, run_after=None
[2025-10-07T22:08:27.266+0000] {logging_mixin.py:188} INFO - [2025-10-07T22:08:27.266+0000] {dag.py:3954} INFO - Setting next_dagrun for example_subdag_operator.section-2 to None, run_after=None
[2025-10-07T22:08:27.276+0000] {processor.py:183} INFO - Processing /home/airflow/.local/lib/python3.12/site-packages/airflow/example_dags/example_subdag_operator.py took 0.062 seconds
[2025-10-07T22:08:57.485+0000] {processor.py:161} INFO - Started process (PID=1145) to work on /home/airflow/.local/lib/python3.12/site-packages/airflow/example_dags/example_subdag_operator.py
[2025-10-07T22:08:57.486+0000] {processor.py:830} INFO - Processing file /home/airflow/.local/lib/python3.12/site-packages/airflow/example_dags/example_subdag_operator.py for tasks to queue
[2025-10-07T22:08:57.487+0000] {logging_mixin.py:188} INFO - [2025-10-07T22:08:57.487+0000] {dagbag.py:545} INFO - Filling up the DagBag from /home/airflow/.local/lib/python3.12/site-packages/airflow/example_dags/example_subdag_operator.py
[2025-10-07T22:08:57.499+0000] {processor.py:840} INFO - DAG(s) 'example_subdag_operator.section-1', 'example_subdag_operator.section-2', 'example_subdag_operator' retrieved from /home/airflow/.local/lib/python3.12/site-packages/airflow/example_dags/example_subdag_operator.py
[2025-10-07T22:08:57.506+0000] {logging_mixin.py:188} INFO - [2025-10-07T22:08:57.505+0000] {dag.py:3096} INFO - Sync 3 DAGs
[2025-10-07T22:08:57.515+0000] {logging_mixin.py:188} INFO - [2025-10-07T22:08:57.515+0000] {dag.py:3954} INFO - Setting next_dagrun for example_subdag_operator to 2022-01-01 00:00:00+00:00, run_after=2022-01-01 00:00:00+00:00
[2025-10-07T22:08:57.516+0000] {logging_mixin.py:188} INFO - [2025-10-07T22:08:57.516+0000] {dag.py:3954} INFO - Setting next_dagrun for example_subdag_operator.section-1 to None, run_after=None
[2025-10-07T22:08:57.517+0000] {logging_mixin.py:188} INFO - [2025-10-07T22:08:57.517+0000] {dag.py:3954} INFO - Setting next_dagrun for example_subdag_operator.section-2 to None, run_after=None
[2025-10-07T22:08:57.520+0000] {logging_mixin.py:188} INFO - [2025-10-07T22:08:57.520+0000] {dag.py:3096} INFO - Sync 2 DAGs
[2025-10-07T22:08:57.522+0000] {logging_mixin.py:188} INFO - [2025-10-07T22:08:57.522+0000] {dag.py:3954} INFO - Setting next_dagrun for example_subdag_operator.section-1 to None, run_after=None
[2025-10-07T22:08:57.523+0000] {logging_mixin.py:188} INFO - [2025-10-07T22:08:57.523+0000] {dag.py:3954} INFO - Setting next_dagrun for example_subdag_operator.section-2 to None, run_after=None
[2025-10-07T22:08:57.527+0000] {processor.py:183} INFO - Processing /home/airflow/.local/lib/python3.12/site-packages/airflow/example_dags/example_subdag_operator.py took 0.044 seconds
[2025-10-07T22:09:27.677+0000] {processor.py:161} INFO - Started process (PID=1204) to work on /home/airflow/.local/lib/python3.12/site-packages/airflow/example_dags/example_subdag_operator.py
[2025-10-07T22:09:27.677+0000] {processor.py:830} INFO - Processing file /home/airflow/.local/lib/python3.12/site-packages/airflow/example_dags/example_subdag_operator.py for tasks to queue
[2025-10-07T22:09:27.678+0000] {logging_mixin.py:188} INFO - [2025-10-07T22:09:27.678+0000] {dagbag.py:545} INFO - Filling up the DagBag from /home/airflow/.local/lib/python3.12/site-packages/airflow/example_dags/example_subdag_operator.py
[2025-10-07T22:09:27.690+0000] {processor.py:840} INFO - DAG(s) 'example_subdag_operator.section-1', 'example_subdag_operator.section-2', 'example_subdag_operator' retrieved from /home/airflow/.local/lib/python3.12/site-packages/airflow/example_dags/example_subdag_operator.py
[2025-10-07T22:09:27.697+0000] {logging_mixin.py:188} INFO - [2025-10-07T22:09:27.697+0000] {dag.py:3096} INFO - Sync 3 DAGs
[2025-10-07T22:09:27.706+0000] {logging_mixin.py:188} INFO - [2025-10-07T22:09:27.705+0000] {dag.py:3954} INFO - Setting next_dagrun for example_subdag_operator to 2022-01-01 00:00:00+00:00, run_after=2022-01-01 00:00:00+00:00
[2025-10-07T22:09:27.707+0000] {logging_mixin.py:188} INFO - [2025-10-07T22:09:27.707+0000] {dag.py:3954} INFO - Setting next_dagrun for example_subdag_operator.section-1 to None, run_after=None
[2025-10-07T22:09:27.708+0000] {logging_mixin.py:188} INFO - [2025-10-07T22:09:27.708+0000] {dag.py:3954} INFO - Setting next_dagrun for example_subdag_operator.section-2 to None, run_after=None
[2025-10-07T22:09:27.711+0000] {logging_mixin.py:188} INFO - [2025-10-07T22:09:27.711+0000] {dag.py:3096} INFO - Sync 2 DAGs
[2025-10-07T22:09:27.713+0000] {logging_mixin.py:188} INFO - [2025-10-07T22:09:27.713+0000] {dag.py:3954} INFO - Setting next_dagrun for example_subdag_operator.section-1 to None, run_after=None
[2025-10-07T22:09:27.713+0000] {logging_mixin.py:188} INFO - [2025-10-07T22:09:27.713+0000] {dag.py:3954} INFO - Setting next_dagrun for example_subdag_operator.section-2 to None, run_after=None
[2025-10-07T22:09:27.717+0000] {processor.py:183} INFO - Processing /home/airflow/.local/lib/python3.12/site-packages/airflow/example_dags/example_subdag_operator.py took 0.044 seconds
[2025-10-07T22:09:58.778+0000] {processor.py:161} INFO - Started process (PID=1263) to work on /home/airflow/.local/lib/python3.12/site-packages/airflow/example_dags/example_subdag_operator.py
[2025-10-07T22:09:58.778+0000] {processor.py:830} INFO - Processing file /home/airflow/.local/lib/python3.12/site-packages/airflow/example_dags/example_subdag_operator.py for tasks to queue
[2025-10-07T22:09:58.780+0000] {logging_mixin.py:188} INFO - [2025-10-07T22:09:58.779+0000] {dagbag.py:545} INFO - Filling up the DagBag from /home/airflow/.local/lib/python3.12/site-packages/airflow/example_dags/example_subdag_operator.py
[2025-10-07T22:09:58.795+0000] {processor.py:840} INFO - DAG(s) 'example_subdag_operator.section-1', 'example_subdag_operator.section-2', 'example_subdag_operator' retrieved from /home/airflow/.local/lib/python3.12/site-packages/airflow/example_dags/example_subdag_operator.py
[2025-10-07T22:09:58.803+0000] {logging_mixin.py:188} INFO - [2025-10-07T22:09:58.803+0000] {dag.py:3096} INFO - Sync 3 DAGs
[2025-10-07T22:09:58.814+0000] {logging_mixin.py:188} INFO - [2025-10-07T22:09:58.813+0000] {dag.py:3954} INFO - Setting next_dagrun for example_subdag_operator to 2022-01-01 00:00:00+00:00, run_after=2022-01-01 00:00:00+00:00
[2025-10-07T22:09:58.816+0000] {logging_mixin.py:188} INFO - [2025-10-07T22:09:58.816+0000] {dag.py:3954} INFO - Setting next_dagrun for example_subdag_operator.section-1 to None, run_after=None
[2025-10-07T22:09:58.818+0000] {logging_mixin.py:188} INFO - [2025-10-07T22:09:58.818+0000] {dag.py:3954} INFO - Setting next_dagrun for example_subdag_operator.section-2 to None, run_after=None
[2025-10-07T22:09:58.822+0000] {logging_mixin.py:188} INFO - [2025-10-07T22:09:58.822+0000] {dag.py:3096} INFO - Sync 2 DAGs
[2025-10-07T22:09:58.826+0000] {logging_mixin.py:188} INFO - [2025-10-07T22:09:58.826+0000] {dag.py:3954} INFO - Setting next_dagrun for example_subdag_operator.section-1 to None, run_after=None
[2025-10-07T22:09:58.827+0000] {logging_mixin.py:188} INFO - [2025-10-07T22:09:58.826+0000] {dag.py:3954} INFO - Setting next_dagrun for example_subdag_operator.section-2 to None, run_after=None
[2025-10-07T22:09:58.834+0000] {processor.py:183} INFO - Processing /home/airflow/.local/lib/python3.12/site-packages/airflow/example_dags/example_subdag_operator.py took 0.059 seconds
[2025-10-07T22:10:28.970+0000] {processor.py:161} INFO - Started process (PID=1322) to work on /home/airflow/.local/lib/python3.12/site-packages/airflow/example_dags/example_subdag_operator.py
[2025-10-07T22:10:28.971+0000] {processor.py:830} INFO - Processing file /home/airflow/.local/lib/python3.12/site-packages/airflow/example_dags/example_subdag_operator.py for tasks to queue
[2025-10-07T22:10:28.972+0000] {logging_mixin.py:188} INFO - [2025-10-07T22:10:28.972+0000] {dagbag.py:545} INFO - Filling up the DagBag from /home/airflow/.local/lib/python3.12/site-packages/airflow/example_dags/example_subdag_operator.py
[2025-10-07T22:10:28.984+0000] {processor.py:840} INFO - DAG(s) 'example_subdag_operator.section-1', 'example_subdag_operator.section-2', 'example_subdag_operator' retrieved from /home/airflow/.local/lib/python3.12/site-packages/airflow/example_dags/example_subdag_operator.py
[2025-10-07T22:10:28.990+0000] {logging_mixin.py:188} INFO - [2025-10-07T22:10:28.990+0000] {dag.py:3096} INFO - Sync 3 DAGs
[2025-10-07T22:10:28.999+0000] {logging_mixin.py:188} INFO - [2025-10-07T22:10:28.999+0000] {dag.py:3954} INFO - Setting next_dagrun for example_subdag_operator to 2022-01-01 00:00:00+00:00, run_after=2022-01-01 00:00:00+00:00
[2025-10-07T22:10:29.001+0000] {logging_mixin.py:188} INFO - [2025-10-07T22:10:29.001+0000] {dag.py:3954} INFO - Setting next_dagrun for example_subdag_operator.section-1 to None, run_after=None
[2025-10-07T22:10:29.001+0000] {logging_mixin.py:188} INFO - [2025-10-07T22:10:29.001+0000] {dag.py:3954} INFO - Setting next_dagrun for example_subdag_operator.section-2 to None, run_after=None
[2025-10-07T22:10:29.004+0000] {logging_mixin.py:188} INFO - [2025-10-07T22:10:29.004+0000] {dag.py:3096} INFO - Sync 2 DAGs
[2025-10-07T22:10:29.006+0000] {logging_mixin.py:188} INFO - [2025-10-07T22:10:29.006+0000] {dag.py:3954} INFO - Setting next_dagrun for example_subdag_operator.section-1 to None, run_after=None
[2025-10-07T22:10:29.006+0000] {logging_mixin.py:188} INFO - [2025-10-07T22:10:29.006+0000] {dag.py:3954} INFO - Setting next_dagrun for example_subdag_operator.section-2 to None, run_after=None
[2025-10-07T22:10:29.011+0000] {processor.py:183} INFO - Processing /home/airflow/.local/lib/python3.12/site-packages/airflow/example_dags/example_subdag_operator.py took 0.043 seconds
[2025-10-07T22:10:59.250+0000] {processor.py:161} INFO - Started process (PID=1381) to work on /home/airflow/.local/lib/python3.12/site-packages/airflow/example_dags/example_subdag_operator.py
[2025-10-07T22:10:59.252+0000] {processor.py:830} INFO - Processing file /home/airflow/.local/lib/python3.12/site-packages/airflow/example_dags/example_subdag_operator.py for tasks to queue
[2025-10-07T22:10:59.254+0000] {logging_mixin.py:188} INFO - [2025-10-07T22:10:59.254+0000] {dagbag.py:545} INFO - Filling up the DagBag from /home/airflow/.local/lib/python3.12/site-packages/airflow/example_dags/example_subdag_operator.py
[2025-10-07T22:10:59.270+0000] {processor.py:840} INFO - DAG(s) 'example_subdag_operator.section-1', 'example_subdag_operator.section-2', 'example_subdag_operator' retrieved from /home/airflow/.local/lib/python3.12/site-packages/airflow/example_dags/example_subdag_operator.py
[2025-10-07T22:10:59.284+0000] {logging_mixin.py:188} INFO - [2025-10-07T22:10:59.284+0000] {dag.py:3096} INFO - Sync 3 DAGs
[2025-10-07T22:10:59.295+0000] {logging_mixin.py:188} INFO - [2025-10-07T22:10:59.295+0000] {dag.py:3954} INFO - Setting next_dagrun for example_subdag_operator to 2022-01-01 00:00:00+00:00, run_after=2022-01-01 00:00:00+00:00
[2025-10-07T22:10:59.299+0000] {logging_mixin.py:188} INFO - [2025-10-07T22:10:59.298+0000] {dag.py:3954} INFO - Setting next_dagrun for example_subdag_operator.section-1 to None, run_after=None
[2025-10-07T22:10:59.299+0000] {logging_mixin.py:188} INFO - [2025-10-07T22:10:59.299+0000] {dag.py:3954} INFO - Setting next_dagrun for example_subdag_operator.section-2 to None, run_after=None
[2025-10-07T22:10:59.303+0000] {logging_mixin.py:188} INFO - [2025-10-07T22:10:59.302+0000] {dag.py:3096} INFO - Sync 2 DAGs
[2025-10-07T22:10:59.305+0000] {logging_mixin.py:188} INFO - [2025-10-07T22:10:59.305+0000] {dag.py:3954} INFO - Setting next_dagrun for example_subdag_operator.section-1 to None, run_after=None
[2025-10-07T22:10:59.305+0000] {logging_mixin.py:188} INFO - [2025-10-07T22:10:59.305+0000] {dag.py:3954} INFO - Setting next_dagrun for example_subdag_operator.section-2 to None, run_after=None
[2025-10-07T22:10:59.313+0000] {processor.py:183} INFO - Processing /home/airflow/.local/lib/python3.12/site-packages/airflow/example_dags/example_subdag_operator.py took 0.066 seconds
[2025-10-07T22:11:30.191+0000] {processor.py:161} INFO - Started process (PID=1440) to work on /home/airflow/.local/lib/python3.12/site-packages/airflow/example_dags/example_subdag_operator.py
[2025-10-07T22:11:30.192+0000] {processor.py:830} INFO - Processing file /home/airflow/.local/lib/python3.12/site-packages/airflow/example_dags/example_subdag_operator.py for tasks to queue
[2025-10-07T22:11:30.193+0000] {logging_mixin.py:188} INFO - [2025-10-07T22:11:30.192+0000] {dagbag.py:545} INFO - Filling up the DagBag from /home/airflow/.local/lib/python3.12/site-packages/airflow/example_dags/example_subdag_operator.py
[2025-10-07T22:11:30.206+0000] {processor.py:840} INFO - DAG(s) 'example_subdag_operator.section-1', 'example_subdag_operator.section-2', 'example_subdag_operator' retrieved from /home/airflow/.local/lib/python3.12/site-packages/airflow/example_dags/example_subdag_operator.py
[2025-10-07T22:11:30.214+0000] {logging_mixin.py:188} INFO - [2025-10-07T22:11:30.214+0000] {dag.py:3096} INFO - Sync 3 DAGs
[2025-10-07T22:11:30.226+0000] {logging_mixin.py:188} INFO - [2025-10-07T22:11:30.225+0000] {dag.py:3954} INFO - Setting next_dagrun for example_subdag_operator to 2022-01-01 00:00:00+00:00, run_after=2022-01-01 00:00:00+00:00
[2025-10-07T22:11:30.228+0000] {logging_mixin.py:188} INFO - [2025-10-07T22:11:30.228+0000] {dag.py:3954} INFO - Setting next_dagrun for example_subdag_operator.section-1 to None, run_after=None
[2025-10-07T22:11:30.229+0000] {logging_mixin.py:188} INFO - [2025-10-07T22:11:30.229+0000] {dag.py:3954} INFO - Setting next_dagrun for example_subdag_operator.section-2 to None, run_after=None
[2025-10-07T22:11:30.233+0000] {logging_mixin.py:188} INFO - [2025-10-07T22:11:30.233+0000] {dag.py:3096} INFO - Sync 2 DAGs
[2025-10-07T22:11:30.235+0000] {logging_mixin.py:188} INFO - [2025-10-07T22:11:30.235+0000] {dag.py:3954} INFO - Setting next_dagrun for example_subdag_operator.section-1 to None, run_after=None
[2025-10-07T22:11:30.236+0000] {logging_mixin.py:188} INFO - [2025-10-07T22:11:30.236+0000] {dag.py:3954} INFO - Setting next_dagrun for example_subdag_operator.section-2 to None, run_after=None
[2025-10-07T22:11:30.242+0000] {processor.py:183} INFO - Processing /home/airflow/.local/lib/python3.12/site-packages/airflow/example_dags/example_subdag_operator.py took 0.054 seconds
[2025-10-07T22:12:00.268+0000] {processor.py:161} INFO - Started process (PID=1498) to work on /home/airflow/.local/lib/python3.12/site-packages/airflow/example_dags/example_subdag_operator.py
[2025-10-07T22:12:00.269+0000] {processor.py:830} INFO - Processing file /home/airflow/.local/lib/python3.12/site-packages/airflow/example_dags/example_subdag_operator.py for tasks to queue
[2025-10-07T22:12:00.270+0000] {logging_mixin.py:188} INFO - [2025-10-07T22:12:00.270+0000] {dagbag.py:545} INFO - Filling up the DagBag from /home/airflow/.local/lib/python3.12/site-packages/airflow/example_dags/example_subdag_operator.py
[2025-10-07T22:12:00.282+0000] {processor.py:840} INFO - DAG(s) 'example_subdag_operator.section-1', 'example_subdag_operator.section-2', 'example_subdag_operator' retrieved from /home/airflow/.local/lib/python3.12/site-packages/airflow/example_dags/example_subdag_operator.py
[2025-10-07T22:12:00.289+0000] {logging_mixin.py:188} INFO - [2025-10-07T22:12:00.289+0000] {dag.py:3096} INFO - Sync 3 DAGs
[2025-10-07T22:12:00.298+0000] {logging_mixin.py:188} INFO - [2025-10-07T22:12:00.298+0000] {dag.py:3954} INFO - Setting next_dagrun for example_subdag_operator to 2022-01-01 00:00:00+00:00, run_after=2022-01-01 00:00:00+00:00
[2025-10-07T22:12:00.300+0000] {logging_mixin.py:188} INFO - [2025-10-07T22:12:00.300+0000] {dag.py:3954} INFO - Setting next_dagrun for example_subdag_operator.section-1 to None, run_after=None
[2025-10-07T22:12:00.300+0000] {logging_mixin.py:188} INFO - [2025-10-07T22:12:00.300+0000] {dag.py:3954} INFO - Setting next_dagrun for example_subdag_operator.section-2 to None, run_after=None
[2025-10-07T22:12:00.303+0000] {logging_mixin.py:188} INFO - [2025-10-07T22:12:00.303+0000] {dag.py:3096} INFO - Sync 2 DAGs
[2025-10-07T22:12:00.305+0000] {logging_mixin.py:188} INFO - [2025-10-07T22:12:00.305+0000] {dag.py:3954} INFO - Setting next_dagrun for example_subdag_operator.section-1 to None, run_after=None
[2025-10-07T22:12:00.305+0000] {logging_mixin.py:188} INFO - [2025-10-07T22:12:00.305+0000] {dag.py:3954} INFO - Setting next_dagrun for example_subdag_operator.section-2 to None, run_after=None
[2025-10-07T22:12:00.310+0000] {processor.py:183} INFO - Processing /home/airflow/.local/lib/python3.12/site-packages/airflow/example_dags/example_subdag_operator.py took 0.044 seconds
[2025-10-07T22:12:30.440+0000] {processor.py:161} INFO - Started process (PID=1557) to work on /home/airflow/.local/lib/python3.12/site-packages/airflow/example_dags/example_subdag_operator.py
[2025-10-07T22:12:30.441+0000] {processor.py:830} INFO - Processing file /home/airflow/.local/lib/python3.12/site-packages/airflow/example_dags/example_subdag_operator.py for tasks to queue
[2025-10-07T22:12:30.442+0000] {logging_mixin.py:188} INFO - [2025-10-07T22:12:30.442+0000] {dagbag.py:545} INFO - Filling up the DagBag from /home/airflow/.local/lib/python3.12/site-packages/airflow/example_dags/example_subdag_operator.py
[2025-10-07T22:12:30.459+0000] {processor.py:840} INFO - DAG(s) 'example_subdag_operator.section-1', 'example_subdag_operator.section-2', 'example_subdag_operator' retrieved from /home/airflow/.local/lib/python3.12/site-packages/airflow/example_dags/example_subdag_operator.py
[2025-10-07T22:12:30.470+0000] {logging_mixin.py:188} INFO - [2025-10-07T22:12:30.470+0000] {dag.py:3096} INFO - Sync 3 DAGs
[2025-10-07T22:12:30.481+0000] {logging_mixin.py:188} INFO - [2025-10-07T22:12:30.481+0000] {dag.py:3954} INFO - Setting next_dagrun for example_subdag_operator to 2022-01-01 00:00:00+00:00, run_after=2022-01-01 00:00:00+00:00
[2025-10-07T22:12:30.484+0000] {logging_mixin.py:188} INFO - [2025-10-07T22:12:30.483+0000] {dag.py:3954} INFO - Setting next_dagrun for example_subdag_operator.section-1 to None, run_after=None
[2025-10-07T22:12:30.486+0000] {logging_mixin.py:188} INFO - [2025-10-07T22:12:30.486+0000] {dag.py:3954} INFO - Setting next_dagrun for example_subdag_operator.section-2 to None, run_after=None
[2025-10-07T22:12:30.489+0000] {logging_mixin.py:188} INFO - [2025-10-07T22:12:30.489+0000] {dag.py:3096} INFO - Sync 2 DAGs
[2025-10-07T22:12:30.492+0000] {logging_mixin.py:188} INFO - [2025-10-07T22:12:30.492+0000] {dag.py:3954} INFO - Setting next_dagrun for example_subdag_operator.section-1 to None, run_after=None
[2025-10-07T22:12:30.492+0000] {logging_mixin.py:188} INFO - [2025-10-07T22:12:30.492+0000] {dag.py:3954} INFO - Setting next_dagrun for example_subdag_operator.section-2 to None, run_after=None
[2025-10-07T22:12:30.497+0000] {processor.py:183} INFO - Processing /home/airflow/.local/lib/python3.12/site-packages/airflow/example_dags/example_subdag_operator.py took 0.062 seconds
[2025-10-07T22:13:00.675+0000] {processor.py:161} INFO - Started process (PID=1616) to work on /home/airflow/.local/lib/python3.12/site-packages/airflow/example_dags/example_subdag_operator.py
[2025-10-07T22:13:00.677+0000] {processor.py:830} INFO - Processing file /home/airflow/.local/lib/python3.12/site-packages/airflow/example_dags/example_subdag_operator.py for tasks to queue
[2025-10-07T22:13:00.679+0000] {logging_mixin.py:188} INFO - [2025-10-07T22:13:00.678+0000] {dagbag.py:545} INFO - Filling up the DagBag from /home/airflow/.local/lib/python3.12/site-packages/airflow/example_dags/example_subdag_operator.py
[2025-10-07T22:13:00.696+0000] {processor.py:840} INFO - DAG(s) 'example_subdag_operator.section-1', 'example_subdag_operator.section-2', 'example_subdag_operator' retrieved from /home/airflow/.local/lib/python3.12/site-packages/airflow/example_dags/example_subdag_operator.py
[2025-10-07T22:13:00.704+0000] {logging_mixin.py:188} INFO - [2025-10-07T22:13:00.704+0000] {dag.py:3096} INFO - Sync 3 DAGs
[2025-10-07T22:13:00.715+0000] {logging_mixin.py:188} INFO - [2025-10-07T22:13:00.715+0000] {dag.py:3954} INFO - Setting next_dagrun for example_subdag_operator to 2022-01-01 00:00:00+00:00, run_after=2022-01-01 00:00:00+00:00
[2025-10-07T22:13:00.717+0000] {logging_mixin.py:188} INFO - [2025-10-07T22:13:00.717+0000] {dag.py:3954} INFO - Setting next_dagrun for example_subdag_operator.section-1 to None, run_after=None
[2025-10-07T22:13:00.718+0000] {logging_mixin.py:188} INFO - [2025-10-07T22:13:00.718+0000] {dag.py:3954} INFO - Setting next_dagrun for example_subdag_operator.section-2 to None, run_after=None
[2025-10-07T22:13:00.722+0000] {logging_mixin.py:188} INFO - [2025-10-07T22:13:00.722+0000] {dag.py:3096} INFO - Sync 2 DAGs
[2025-10-07T22:13:00.725+0000] {logging_mixin.py:188} INFO - [2025-10-07T22:13:00.725+0000] {dag.py:3954} INFO - Setting next_dagrun for example_subdag_operator.section-1 to None, run_after=None
[2025-10-07T22:13:00.725+0000] {logging_mixin.py:188} INFO - [2025-10-07T22:13:00.725+0000] {dag.py:3954} INFO - Setting next_dagrun for example_subdag_operator.section-2 to None, run_after=None
[2025-10-07T22:13:00.732+0000] {processor.py:183} INFO - Processing /home/airflow/.local/lib/python3.12/site-packages/airflow/example_dags/example_subdag_operator.py took 0.060 seconds
[2025-10-07T22:13:30.837+0000] {processor.py:161} INFO - Started process (PID=1675) to work on /home/airflow/.local/lib/python3.12/site-packages/airflow/example_dags/example_subdag_operator.py
[2025-10-07T22:13:30.840+0000] {processor.py:830} INFO - Processing file /home/airflow/.local/lib/python3.12/site-packages/airflow/example_dags/example_subdag_operator.py for tasks to queue
[2025-10-07T22:13:30.843+0000] {logging_mixin.py:188} INFO - [2025-10-07T22:13:30.842+0000] {dagbag.py:545} INFO - Filling up the DagBag from /home/airflow/.local/lib/python3.12/site-packages/airflow/example_dags/example_subdag_operator.py
[2025-10-07T22:13:30.860+0000] {processor.py:840} INFO - DAG(s) 'example_subdag_operator.section-1', 'example_subdag_operator.section-2', 'example_subdag_operator' retrieved from /home/airflow/.local/lib/python3.12/site-packages/airflow/example_dags/example_subdag_operator.py
[2025-10-07T22:13:30.870+0000] {logging_mixin.py:188} INFO - [2025-10-07T22:13:30.869+0000] {dag.py:3096} INFO - Sync 3 DAGs
[2025-10-07T22:13:30.885+0000] {logging_mixin.py:188} INFO - [2025-10-07T22:13:30.885+0000] {dag.py:3954} INFO - Setting next_dagrun for example_subdag_operator to 2022-01-01 00:00:00+00:00, run_after=2022-01-01 00:00:00+00:00
[2025-10-07T22:13:30.887+0000] {logging_mixin.py:188} INFO - [2025-10-07T22:13:30.887+0000] {dag.py:3954} INFO - Setting next_dagrun for example_subdag_operator.section-1 to None, run_after=None
[2025-10-07T22:13:30.888+0000] {logging_mixin.py:188} INFO - [2025-10-07T22:13:30.888+0000] {dag.py:3954} INFO - Setting next_dagrun for example_subdag_operator.section-2 to None, run_after=None
[2025-10-07T22:13:30.892+0000] {logging_mixin.py:188} INFO - [2025-10-07T22:13:30.892+0000] {dag.py:3096} INFO - Sync 2 DAGs
[2025-10-07T22:13:30.895+0000] {logging_mixin.py:188} INFO - [2025-10-07T22:13:30.895+0000] {dag.py:3954} INFO - Setting next_dagrun for example_subdag_operator.section-1 to None, run_after=None
[2025-10-07T22:13:30.895+0000] {logging_mixin.py:188} INFO - [2025-10-07T22:13:30.895+0000] {dag.py:3954} INFO - Setting next_dagrun for example_subdag_operator.section-2 to None, run_after=None
[2025-10-07T22:13:30.901+0000] {processor.py:183} INFO - Processing /home/airflow/.local/lib/python3.12/site-packages/airflow/example_dags/example_subdag_operator.py took 0.069 seconds
[2025-10-07T22:14:01.041+0000] {processor.py:161} INFO - Started process (PID=1734) to work on /home/airflow/.local/lib/python3.12/site-packages/airflow/example_dags/example_subdag_operator.py
[2025-10-07T22:14:01.045+0000] {processor.py:830} INFO - Processing file /home/airflow/.local/lib/python3.12/site-packages/airflow/example_dags/example_subdag_operator.py for tasks to queue
[2025-10-07T22:14:01.047+0000] {logging_mixin.py:188} INFO - [2025-10-07T22:14:01.047+0000] {dagbag.py:545} INFO - Filling up the DagBag from /home/airflow/.local/lib/python3.12/site-packages/airflow/example_dags/example_subdag_operator.py
[2025-10-07T22:14:01.063+0000] {processor.py:840} INFO - DAG(s) 'example_subdag_operator.section-1', 'example_subdag_operator.section-2', 'example_subdag_operator' retrieved from /home/airflow/.local/lib/python3.12/site-packages/airflow/example_dags/example_subdag_operator.py
[2025-10-07T22:14:01.074+0000] {logging_mixin.py:188} INFO - [2025-10-07T22:14:01.074+0000] {dag.py:3096} INFO - Sync 3 DAGs
[2025-10-07T22:14:01.086+0000] {logging_mixin.py:188} INFO - [2025-10-07T22:14:01.086+0000] {dag.py:3954} INFO - Setting next_dagrun for example_subdag_operator to 2022-01-01 00:00:00+00:00, run_after=2022-01-01 00:00:00+00:00
[2025-10-07T22:14:01.088+0000] {logging_mixin.py:188} INFO - [2025-10-07T22:14:01.088+0000] {dag.py:3954} INFO - Setting next_dagrun for example_subdag_operator.section-1 to None, run_after=None
[2025-10-07T22:14:01.089+0000] {logging_mixin.py:188} INFO - [2025-10-07T22:14:01.089+0000] {dag.py:3954} INFO - Setting next_dagrun for example_subdag_operator.section-2 to None, run_after=None
[2025-10-07T22:14:01.092+0000] {logging_mixin.py:188} INFO - [2025-10-07T22:14:01.092+0000] {dag.py:3096} INFO - Sync 2 DAGs
[2025-10-07T22:14:01.095+0000] {logging_mixin.py:188} INFO - [2025-10-07T22:14:01.095+0000] {dag.py:3954} INFO - Setting next_dagrun for example_subdag_operator.section-1 to None, run_after=None
[2025-10-07T22:14:01.095+0000] {logging_mixin.py:188} INFO - [2025-10-07T22:14:01.095+0000] {dag.py:3954} INFO - Setting next_dagrun for example_subdag_operator.section-2 to None, run_after=None
[2025-10-07T22:14:01.100+0000] {processor.py:183} INFO - Processing /home/airflow/.local/lib/python3.12/site-packages/airflow/example_dags/example_subdag_operator.py took 0.064 seconds
[2025-10-07T22:14:31.400+0000] {processor.py:161} INFO - Started process (PID=1793) to work on /home/airflow/.local/lib/python3.12/site-packages/airflow/example_dags/example_subdag_operator.py
[2025-10-07T22:14:31.401+0000] {processor.py:830} INFO - Processing file /home/airflow/.local/lib/python3.12/site-packages/airflow/example_dags/example_subdag_operator.py for tasks to queue
[2025-10-07T22:14:31.403+0000] {logging_mixin.py:188} INFO - [2025-10-07T22:14:31.403+0000] {dagbag.py:545} INFO - Filling up the DagBag from /home/airflow/.local/lib/python3.12/site-packages/airflow/example_dags/example_subdag_operator.py
[2025-10-07T22:14:31.424+0000] {processor.py:840} INFO - DAG(s) 'example_subdag_operator.section-1', 'example_subdag_operator.section-2', 'example_subdag_operator' retrieved from /home/airflow/.local/lib/python3.12/site-packages/airflow/example_dags/example_subdag_operator.py
[2025-10-07T22:14:31.436+0000] {logging_mixin.py:188} INFO - [2025-10-07T22:14:31.436+0000] {dag.py:3096} INFO - Sync 3 DAGs
[2025-10-07T22:14:31.446+0000] {logging_mixin.py:188} INFO - [2025-10-07T22:14:31.446+0000] {dag.py:3954} INFO - Setting next_dagrun for example_subdag_operator to 2022-01-01 00:00:00+00:00, run_after=2022-01-01 00:00:00+00:00
[2025-10-07T22:14:31.448+0000] {logging_mixin.py:188} INFO - [2025-10-07T22:14:31.448+0000] {dag.py:3954} INFO - Setting next_dagrun for example_subdag_operator.section-1 to None, run_after=None
[2025-10-07T22:14:31.449+0000] {logging_mixin.py:188} INFO - [2025-10-07T22:14:31.449+0000] {dag.py:3954} INFO - Setting next_dagrun for example_subdag_operator.section-2 to None, run_after=None
[2025-10-07T22:14:31.454+0000] {logging_mixin.py:188} INFO - [2025-10-07T22:14:31.454+0000] {dag.py:3096} INFO - Sync 2 DAGs
[2025-10-07T22:14:31.457+0000] {logging_mixin.py:188} INFO - [2025-10-07T22:14:31.457+0000] {dag.py:3954} INFO - Setting next_dagrun for example_subdag_operator.section-1 to None, run_after=None
[2025-10-07T22:14:31.457+0000] {logging_mixin.py:188} INFO - [2025-10-07T22:14:31.457+0000] {dag.py:3954} INFO - Setting next_dagrun for example_subdag_operator.section-2 to None, run_after=None
[2025-10-07T22:14:31.462+0000] {processor.py:183} INFO - Processing /home/airflow/.local/lib/python3.12/site-packages/airflow/example_dags/example_subdag_operator.py took 0.068 seconds
[2025-10-07T22:15:01.768+0000] {processor.py:161} INFO - Started process (PID=1852) to work on /home/airflow/.local/lib/python3.12/site-packages/airflow/example_dags/example_subdag_operator.py
[2025-10-07T22:15:01.770+0000] {processor.py:830} INFO - Processing file /home/airflow/.local/lib/python3.12/site-packages/airflow/example_dags/example_subdag_operator.py for tasks to queue
[2025-10-07T22:15:01.772+0000] {logging_mixin.py:188} INFO - [2025-10-07T22:15:01.771+0000] {dagbag.py:545} INFO - Filling up the DagBag from /home/airflow/.local/lib/python3.12/site-packages/airflow/example_dags/example_subdag_operator.py
[2025-10-07T22:15:01.792+0000] {processor.py:840} INFO - DAG(s) 'example_subdag_operator.section-1', 'example_subdag_operator.section-2', 'example_subdag_operator' retrieved from /home/airflow/.local/lib/python3.12/site-packages/airflow/example_dags/example_subdag_operator.py
[2025-10-07T22:15:01.802+0000] {logging_mixin.py:188} INFO - [2025-10-07T22:15:01.802+0000] {dag.py:3096} INFO - Sync 3 DAGs
[2025-10-07T22:15:01.814+0000] {logging_mixin.py:188} INFO - [2025-10-07T22:15:01.814+0000] {dag.py:3954} INFO - Setting next_dagrun for example_subdag_operator to 2022-01-01 00:00:00+00:00, run_after=2022-01-01 00:00:00+00:00
[2025-10-07T22:15:01.818+0000] {logging_mixin.py:188} INFO - [2025-10-07T22:15:01.818+0000] {dag.py:3954} INFO - Setting next_dagrun for example_subdag_operator.section-1 to None, run_after=None
[2025-10-07T22:15:01.820+0000] {logging_mixin.py:188} INFO - [2025-10-07T22:15:01.820+0000] {dag.py:3954} INFO - Setting next_dagrun for example_subdag_operator.section-2 to None, run_after=None
[2025-10-07T22:15:01.824+0000] {logging_mixin.py:188} INFO - [2025-10-07T22:15:01.824+0000] {dag.py:3096} INFO - Sync 2 DAGs
[2025-10-07T22:15:01.828+0000] {logging_mixin.py:188} INFO - [2025-10-07T22:15:01.828+0000] {dag.py:3954} INFO - Setting next_dagrun for example_subdag_operator.section-1 to None, run_after=None
[2025-10-07T22:15:01.828+0000] {logging_mixin.py:188} INFO - [2025-10-07T22:15:01.828+0000] {dag.py:3954} INFO - Setting next_dagrun for example_subdag_operator.section-2 to None, run_after=None
[2025-10-07T22:15:01.835+0000] {processor.py:183} INFO - Processing /home/airflow/.local/lib/python3.12/site-packages/airflow/example_dags/example_subdag_operator.py took 0.073 seconds
[2025-10-07T22:15:32.508+0000] {processor.py:161} INFO - Started process (PID=1911) to work on /home/airflow/.local/lib/python3.12/site-packages/airflow/example_dags/example_subdag_operator.py
[2025-10-07T22:15:32.509+0000] {processor.py:830} INFO - Processing file /home/airflow/.local/lib/python3.12/site-packages/airflow/example_dags/example_subdag_operator.py for tasks to queue
[2025-10-07T22:15:32.511+0000] {logging_mixin.py:188} INFO - [2025-10-07T22:15:32.511+0000] {dagbag.py:545} INFO - Filling up the DagBag from /home/airflow/.local/lib/python3.12/site-packages/airflow/example_dags/example_subdag_operator.py
[2025-10-07T22:15:32.532+0000] {processor.py:840} INFO - DAG(s) 'example_subdag_operator.section-1', 'example_subdag_operator.section-2', 'example_subdag_operator' retrieved from /home/airflow/.local/lib/python3.12/site-packages/airflow/example_dags/example_subdag_operator.py
[2025-10-07T22:15:32.542+0000] {logging_mixin.py:188} INFO - [2025-10-07T22:15:32.542+0000] {dag.py:3096} INFO - Sync 3 DAGs
[2025-10-07T22:15:32.553+0000] {logging_mixin.py:188} INFO - [2025-10-07T22:15:32.553+0000] {dag.py:3954} INFO - Setting next_dagrun for example_subdag_operator to 2022-01-01 00:00:00+00:00, run_after=2022-01-01 00:00:00+00:00
[2025-10-07T22:15:32.555+0000] {logging_mixin.py:188} INFO - [2025-10-07T22:15:32.555+0000] {dag.py:3954} INFO - Setting next_dagrun for example_subdag_operator.section-1 to None, run_after=None
[2025-10-07T22:15:32.556+0000] {logging_mixin.py:188} INFO - [2025-10-07T22:15:32.556+0000] {dag.py:3954} INFO - Setting next_dagrun for example_subdag_operator.section-2 to None, run_after=None
[2025-10-07T22:15:32.560+0000] {logging_mixin.py:188} INFO - [2025-10-07T22:15:32.560+0000] {dag.py:3096} INFO - Sync 2 DAGs
[2025-10-07T22:15:32.564+0000] {logging_mixin.py:188} INFO - [2025-10-07T22:15:32.564+0000] {dag.py:3954} INFO - Setting next_dagrun for example_subdag_operator.section-1 to None, run_after=None
[2025-10-07T22:15:32.564+0000] {logging_mixin.py:188} INFO - [2025-10-07T22:15:32.564+0000] {dag.py:3954} INFO - Setting next_dagrun for example_subdag_operator.section-2 to None, run_after=None
[2025-10-07T22:15:32.570+0000] {processor.py:183} INFO - Processing /home/airflow/.local/lib/python3.12/site-packages/airflow/example_dags/example_subdag_operator.py took 0.066 seconds
[2025-10-07T22:16:03.229+0000] {processor.py:161} INFO - Started process (PID=1970) to work on /home/airflow/.local/lib/python3.12/site-packages/airflow/example_dags/example_subdag_operator.py
[2025-10-07T22:16:03.229+0000] {processor.py:830} INFO - Processing file /home/airflow/.local/lib/python3.12/site-packages/airflow/example_dags/example_subdag_operator.py for tasks to queue
[2025-10-07T22:16:03.230+0000] {logging_mixin.py:188} INFO - [2025-10-07T22:16:03.230+0000] {dagbag.py:545} INFO - Filling up the DagBag from /home/airflow/.local/lib/python3.12/site-packages/airflow/example_dags/example_subdag_operator.py
[2025-10-07T22:16:03.246+0000] {processor.py:840} INFO - DAG(s) 'example_subdag_operator.section-1', 'example_subdag_operator.section-2', 'example_subdag_operator' retrieved from /home/airflow/.local/lib/python3.12/site-packages/airflow/example_dags/example_subdag_operator.py
[2025-10-07T22:16:03.255+0000] {logging_mixin.py:188} INFO - [2025-10-07T22:16:03.255+0000] {dag.py:3096} INFO - Sync 3 DAGs
[2025-10-07T22:16:03.356+0000] {logging_mixin.py:188} INFO - [2025-10-07T22:16:03.355+0000] {dag.py:3954} INFO - Setting next_dagrun for example_subdag_operator to 2022-01-01 00:00:00+00:00, run_after=2022-01-01 00:00:00+00:00
[2025-10-07T22:16:03.357+0000] {logging_mixin.py:188} INFO - [2025-10-07T22:16:03.357+0000] {dag.py:3954} INFO - Setting next_dagrun for example_subdag_operator.section-1 to None, run_after=None
[2025-10-07T22:16:03.358+0000] {logging_mixin.py:188} INFO - [2025-10-07T22:16:03.358+0000] {dag.py:3954} INFO - Setting next_dagrun for example_subdag_operator.section-2 to None, run_after=None
[2025-10-07T22:16:03.362+0000] {logging_mixin.py:188} INFO - [2025-10-07T22:16:03.362+0000] {dag.py:3096} INFO - Sync 2 DAGs
[2025-10-07T22:16:03.365+0000] {logging_mixin.py:188} INFO - [2025-10-07T22:16:03.365+0000] {dag.py:3954} INFO - Setting next_dagrun for example_subdag_operator.section-1 to None, run_after=None
[2025-10-07T22:16:03.365+0000] {logging_mixin.py:188} INFO - [2025-10-07T22:16:03.365+0000] {dag.py:3954} INFO - Setting next_dagrun for example_subdag_operator.section-2 to None, run_after=None
[2025-10-07T22:16:03.370+0000] {processor.py:183} INFO - Processing /home/airflow/.local/lib/python3.12/site-packages/airflow/example_dags/example_subdag_operator.py took 0.145 seconds
[2025-10-07T22:16:33.939+0000] {processor.py:161} INFO - Started process (PID=2029) to work on /home/airflow/.local/lib/python3.12/site-packages/airflow/example_dags/example_subdag_operator.py
[2025-10-07T22:16:33.942+0000] {processor.py:830} INFO - Processing file /home/airflow/.local/lib/python3.12/site-packages/airflow/example_dags/example_subdag_operator.py for tasks to queue
[2025-10-07T22:16:33.944+0000] {logging_mixin.py:188} INFO - [2025-10-07T22:16:33.944+0000] {dagbag.py:545} INFO - Filling up the DagBag from /home/airflow/.local/lib/python3.12/site-packages/airflow/example_dags/example_subdag_operator.py
[2025-10-07T22:16:33.959+0000] {processor.py:840} INFO - DAG(s) 'example_subdag_operator.section-1', 'example_subdag_operator.section-2', 'example_subdag_operator' retrieved from /home/airflow/.local/lib/python3.12/site-packages/airflow/example_dags/example_subdag_operator.py
[2025-10-07T22:16:33.973+0000] {logging_mixin.py:188} INFO - [2025-10-07T22:16:33.972+0000] {dag.py:3096} INFO - Sync 3 DAGs
[2025-10-07T22:16:34.084+0000] {logging_mixin.py:188} INFO - [2025-10-07T22:16:34.084+0000] {dag.py:3954} INFO - Setting next_dagrun for example_subdag_operator to 2022-01-01 00:00:00+00:00, run_after=2022-01-01 00:00:00+00:00
[2025-10-07T22:16:34.086+0000] {logging_mixin.py:188} INFO - [2025-10-07T22:16:34.086+0000] {dag.py:3954} INFO - Setting next_dagrun for example_subdag_operator.section-1 to None, run_after=None
[2025-10-07T22:16:34.088+0000] {logging_mixin.py:188} INFO - [2025-10-07T22:16:34.088+0000] {dag.py:3954} INFO - Setting next_dagrun for example_subdag_operator.section-2 to None, run_after=None
[2025-10-07T22:16:34.092+0000] {logging_mixin.py:188} INFO - [2025-10-07T22:16:34.091+0000] {dag.py:3096} INFO - Sync 2 DAGs
[2025-10-07T22:16:34.094+0000] {logging_mixin.py:188} INFO - [2025-10-07T22:16:34.094+0000] {dag.py:3954} INFO - Setting next_dagrun for example_subdag_operator.section-1 to None, run_after=None
[2025-10-07T22:16:34.095+0000] {logging_mixin.py:188} INFO - [2025-10-07T22:16:34.095+0000] {dag.py:3954} INFO - Setting next_dagrun for example_subdag_operator.section-2 to None, run_after=None
[2025-10-07T22:16:34.100+0000] {processor.py:183} INFO - Processing /home/airflow/.local/lib/python3.12/site-packages/airflow/example_dags/example_subdag_operator.py took 0.164 seconds
[2025-10-07T22:17:04.425+0000] {processor.py:161} INFO - Started process (PID=2088) to work on /home/airflow/.local/lib/python3.12/site-packages/airflow/example_dags/example_subdag_operator.py
[2025-10-07T22:17:04.425+0000] {processor.py:830} INFO - Processing file /home/airflow/.local/lib/python3.12/site-packages/airflow/example_dags/example_subdag_operator.py for tasks to queue
[2025-10-07T22:17:04.427+0000] {logging_mixin.py:188} INFO - [2025-10-07T22:17:04.426+0000] {dagbag.py:545} INFO - Filling up the DagBag from /home/airflow/.local/lib/python3.12/site-packages/airflow/example_dags/example_subdag_operator.py
[2025-10-07T22:17:04.442+0000] {processor.py:840} INFO - DAG(s) 'example_subdag_operator.section-1', 'example_subdag_operator.section-2', 'example_subdag_operator' retrieved from /home/airflow/.local/lib/python3.12/site-packages/airflow/example_dags/example_subdag_operator.py
[2025-10-07T22:17:04.450+0000] {logging_mixin.py:188} INFO - [2025-10-07T22:17:04.449+0000] {dag.py:3096} INFO - Sync 3 DAGs
[2025-10-07T22:17:04.462+0000] {logging_mixin.py:188} INFO - [2025-10-07T22:17:04.462+0000] {dag.py:3954} INFO - Setting next_dagrun for example_subdag_operator to 2022-01-01 00:00:00+00:00, run_after=2022-01-01 00:00:00+00:00
[2025-10-07T22:17:04.563+0000] {logging_mixin.py:188} INFO - [2025-10-07T22:17:04.562+0000] {dag.py:3954} INFO - Setting next_dagrun for example_subdag_operator.section-1 to None, run_after=None
[2025-10-07T22:17:04.564+0000] {logging_mixin.py:188} INFO - [2025-10-07T22:17:04.564+0000] {dag.py:3954} INFO - Setting next_dagrun for example_subdag_operator.section-2 to None, run_after=None
[2025-10-07T22:17:04.569+0000] {logging_mixin.py:188} INFO - [2025-10-07T22:17:04.569+0000] {dag.py:3096} INFO - Sync 2 DAGs
[2025-10-07T22:17:04.572+0000] {logging_mixin.py:188} INFO - [2025-10-07T22:17:04.572+0000] {dag.py:3954} INFO - Setting next_dagrun for example_subdag_operator.section-1 to None, run_after=None
[2025-10-07T22:17:04.572+0000] {logging_mixin.py:188} INFO - [2025-10-07T22:17:04.572+0000] {dag.py:3954} INFO - Setting next_dagrun for example_subdag_operator.section-2 to None, run_after=None
[2025-10-07T22:17:04.577+0000] {processor.py:183} INFO - Processing /home/airflow/.local/lib/python3.12/site-packages/airflow/example_dags/example_subdag_operator.py took 0.156 seconds
[2025-10-07T22:17:35.453+0000] {processor.py:161} INFO - Started process (PID=2147) to work on /home/airflow/.local/lib/python3.12/site-packages/airflow/example_dags/example_subdag_operator.py
[2025-10-07T22:17:35.457+0000] {processor.py:830} INFO - Processing file /home/airflow/.local/lib/python3.12/site-packages/airflow/example_dags/example_subdag_operator.py for tasks to queue
[2025-10-07T22:17:35.459+0000] {logging_mixin.py:188} INFO - [2025-10-07T22:17:35.459+0000] {dagbag.py:545} INFO - Filling up the DagBag from /home/airflow/.local/lib/python3.12/site-packages/airflow/example_dags/example_subdag_operator.py
[2025-10-07T22:17:35.474+0000] {processor.py:840} INFO - DAG(s) 'example_subdag_operator.section-1', 'example_subdag_operator.section-2', 'example_subdag_operator' retrieved from /home/airflow/.local/lib/python3.12/site-packages/airflow/example_dags/example_subdag_operator.py
[2025-10-07T22:17:35.482+0000] {logging_mixin.py:188} INFO - [2025-10-07T22:17:35.482+0000] {dag.py:3096} INFO - Sync 3 DAGs
[2025-10-07T22:17:35.493+0000] {logging_mixin.py:188} INFO - [2025-10-07T22:17:35.493+0000] {dag.py:3954} INFO - Setting next_dagrun for example_subdag_operator to 2022-01-01 00:00:00+00:00, run_after=2022-01-01 00:00:00+00:00
[2025-10-07T22:17:35.496+0000] {logging_mixin.py:188} INFO - [2025-10-07T22:17:35.496+0000] {dag.py:3954} INFO - Setting next_dagrun for example_subdag_operator.section-1 to None, run_after=None
[2025-10-07T22:17:35.497+0000] {logging_mixin.py:188} INFO - [2025-10-07T22:17:35.497+0000] {dag.py:3954} INFO - Setting next_dagrun for example_subdag_operator.section-2 to None, run_after=None
[2025-10-07T22:17:35.501+0000] {logging_mixin.py:188} INFO - [2025-10-07T22:17:35.501+0000] {dag.py:3096} INFO - Sync 2 DAGs
[2025-10-07T22:17:35.503+0000] {logging_mixin.py:188} INFO - [2025-10-07T22:17:35.503+0000] {dag.py:3954} INFO - Setting next_dagrun for example_subdag_operator.section-1 to None, run_after=None
[2025-10-07T22:17:35.504+0000] {logging_mixin.py:188} INFO - [2025-10-07T22:17:35.504+0000] {dag.py:3954} INFO - Setting next_dagrun for example_subdag_operator.section-2 to None, run_after=None
[2025-10-07T22:17:35.508+0000] {processor.py:183} INFO - Processing /home/airflow/.local/lib/python3.12/site-packages/airflow/example_dags/example_subdag_operator.py took 0.060 seconds
[2025-10-07T22:18:05.645+0000] {processor.py:161} INFO - Started process (PID=2206) to work on /home/airflow/.local/lib/python3.12/site-packages/airflow/example_dags/example_subdag_operator.py
[2025-10-07T22:18:05.646+0000] {processor.py:830} INFO - Processing file /home/airflow/.local/lib/python3.12/site-packages/airflow/example_dags/example_subdag_operator.py for tasks to queue
[2025-10-07T22:18:05.648+0000] {logging_mixin.py:188} INFO - [2025-10-07T22:18:05.647+0000] {dagbag.py:545} INFO - Filling up the DagBag from /home/airflow/.local/lib/python3.12/site-packages/airflow/example_dags/example_subdag_operator.py
[2025-10-07T22:18:05.665+0000] {processor.py:840} INFO - DAG(s) 'example_subdag_operator.section-1', 'example_subdag_operator.section-2', 'example_subdag_operator' retrieved from /home/airflow/.local/lib/python3.12/site-packages/airflow/example_dags/example_subdag_operator.py
[2025-10-07T22:18:05.676+0000] {logging_mixin.py:188} INFO - [2025-10-07T22:18:05.675+0000] {dag.py:3096} INFO - Sync 3 DAGs
[2025-10-07T22:18:05.688+0000] {logging_mixin.py:188} INFO - [2025-10-07T22:18:05.687+0000] {dag.py:3954} INFO - Setting next_dagrun for example_subdag_operator to 2022-01-01 00:00:00+00:00, run_after=2022-01-01 00:00:00+00:00
[2025-10-07T22:18:05.690+0000] {logging_mixin.py:188} INFO - [2025-10-07T22:18:05.690+0000] {dag.py:3954} INFO - Setting next_dagrun for example_subdag_operator.section-1 to None, run_after=None
[2025-10-07T22:18:05.691+0000] {logging_mixin.py:188} INFO - [2025-10-07T22:18:05.691+0000] {dag.py:3954} INFO - Setting next_dagrun for example_subdag_operator.section-2 to None, run_after=None
[2025-10-07T22:18:05.696+0000] {logging_mixin.py:188} INFO - [2025-10-07T22:18:05.696+0000] {dag.py:3096} INFO - Sync 2 DAGs
[2025-10-07T22:18:05.701+0000] {logging_mixin.py:188} INFO - [2025-10-07T22:18:05.701+0000] {dag.py:3954} INFO - Setting next_dagrun for example_subdag_operator.section-1 to None, run_after=None
[2025-10-07T22:18:05.701+0000] {logging_mixin.py:188} INFO - [2025-10-07T22:18:05.701+0000] {dag.py:3954} INFO - Setting next_dagrun for example_subdag_operator.section-2 to None, run_after=None
[2025-10-07T22:18:05.708+0000] {processor.py:183} INFO - Processing /home/airflow/.local/lib/python3.12/site-packages/airflow/example_dags/example_subdag_operator.py took 0.067 seconds
[2025-10-07T22:18:36.638+0000] {processor.py:161} INFO - Started process (PID=2265) to work on /home/airflow/.local/lib/python3.12/site-packages/airflow/example_dags/example_subdag_operator.py
[2025-10-07T22:18:36.639+0000] {processor.py:830} INFO - Processing file /home/airflow/.local/lib/python3.12/site-packages/airflow/example_dags/example_subdag_operator.py for tasks to queue
[2025-10-07T22:18:36.640+0000] {logging_mixin.py:188} INFO - [2025-10-07T22:18:36.640+0000] {dagbag.py:545} INFO - Filling up the DagBag from /home/airflow/.local/lib/python3.12/site-packages/airflow/example_dags/example_subdag_operator.py
[2025-10-07T22:18:36.658+0000] {processor.py:840} INFO - DAG(s) 'example_subdag_operator.section-1', 'example_subdag_operator.section-2', 'example_subdag_operator' retrieved from /home/airflow/.local/lib/python3.12/site-packages/airflow/example_dags/example_subdag_operator.py
[2025-10-07T22:18:36.667+0000] {logging_mixin.py:188} INFO - [2025-10-07T22:18:36.667+0000] {dag.py:3096} INFO - Sync 3 DAGs
[2025-10-07T22:18:36.680+0000] {logging_mixin.py:188} INFO - [2025-10-07T22:18:36.680+0000] {dag.py:3954} INFO - Setting next_dagrun for example_subdag_operator to 2022-01-01 00:00:00+00:00, run_after=2022-01-01 00:00:00+00:00
[2025-10-07T22:18:36.683+0000] {logging_mixin.py:188} INFO - [2025-10-07T22:18:36.683+0000] {dag.py:3954} INFO - Setting next_dagrun for example_subdag_operator.section-1 to None, run_after=None
[2025-10-07T22:18:36.686+0000] {logging_mixin.py:188} INFO - [2025-10-07T22:18:36.686+0000] {dag.py:3954} INFO - Setting next_dagrun for example_subdag_operator.section-2 to None, run_after=None
[2025-10-07T22:18:36.691+0000] {logging_mixin.py:188} INFO - [2025-10-07T22:18:36.691+0000] {dag.py:3096} INFO - Sync 2 DAGs
[2025-10-07T22:18:36.695+0000] {logging_mixin.py:188} INFO - [2025-10-07T22:18:36.695+0000] {dag.py:3954} INFO - Setting next_dagrun for example_subdag_operator.section-1 to None, run_after=None
[2025-10-07T22:18:36.695+0000] {logging_mixin.py:188} INFO - [2025-10-07T22:18:36.695+0000] {dag.py:3954} INFO - Setting next_dagrun for example_subdag_operator.section-2 to None, run_after=None
[2025-10-07T22:18:36.701+0000] {processor.py:183} INFO - Processing /home/airflow/.local/lib/python3.12/site-packages/airflow/example_dags/example_subdag_operator.py took 0.067 seconds
[2025-10-07T22:19:17.346+0000] {processor.py:161} INFO - Started process (PID=76) to work on /home/airflow/.local/lib/python3.12/site-packages/airflow/example_dags/example_subdag_operator.py
[2025-10-07T22:19:17.347+0000] {processor.py:830} INFO - Processing file /home/airflow/.local/lib/python3.12/site-packages/airflow/example_dags/example_subdag_operator.py for tasks to queue
[2025-10-07T22:19:17.348+0000] {logging_mixin.py:188} INFO - [2025-10-07T22:19:17.348+0000] {dagbag.py:545} INFO - Filling up the DagBag from /home/airflow/.local/lib/python3.12/site-packages/airflow/example_dags/example_subdag_operator.py
[2025-10-07T22:19:17.369+0000] {processor.py:840} INFO - DAG(s) 'example_subdag_operator.section-1', 'example_subdag_operator.section-2', 'example_subdag_operator' retrieved from /home/airflow/.local/lib/python3.12/site-packages/airflow/example_dags/example_subdag_operator.py
[2025-10-07T22:19:17.373+0000] {logging_mixin.py:188} INFO - [2025-10-07T22:19:17.373+0000] {dag.py:3096} INFO - Sync 3 DAGs
[2025-10-07T22:19:17.396+0000] {logging_mixin.py:188} INFO - [2025-10-07T22:19:17.396+0000] {dag.py:3954} INFO - Setting next_dagrun for example_subdag_operator to 2022-01-01 00:00:00+00:00, run_after=2022-01-01 00:00:00+00:00
[2025-10-07T22:19:17.405+0000] {logging_mixin.py:188} INFO - [2025-10-07T22:19:17.404+0000] {dag.py:3954} INFO - Setting next_dagrun for example_subdag_operator.section-1 to None, run_after=None
[2025-10-07T22:19:17.407+0000] {logging_mixin.py:188} INFO - [2025-10-07T22:19:17.406+0000] {dag.py:3954} INFO - Setting next_dagrun for example_subdag_operator.section-2 to None, run_after=None
[2025-10-07T22:19:17.415+0000] {logging_mixin.py:188} INFO - [2025-10-07T22:19:17.415+0000] {dag.py:3096} INFO - Sync 2 DAGs
[2025-10-07T22:19:17.423+0000] {logging_mixin.py:188} INFO - [2025-10-07T22:19:17.423+0000] {dag.py:3954} INFO - Setting next_dagrun for example_subdag_operator.section-1 to None, run_after=None
[2025-10-07T22:19:17.423+0000] {logging_mixin.py:188} INFO - [2025-10-07T22:19:17.423+0000] {dag.py:3954} INFO - Setting next_dagrun for example_subdag_operator.section-2 to None, run_after=None
[2025-10-07T22:19:17.434+0000] {processor.py:183} INFO - Processing /home/airflow/.local/lib/python3.12/site-packages/airflow/example_dags/example_subdag_operator.py took 0.106 seconds
[2025-10-07T22:19:48.335+0000] {processor.py:161} INFO - Started process (PID=135) to work on /home/airflow/.local/lib/python3.12/site-packages/airflow/example_dags/example_subdag_operator.py
[2025-10-07T22:19:48.336+0000] {processor.py:830} INFO - Processing file /home/airflow/.local/lib/python3.12/site-packages/airflow/example_dags/example_subdag_operator.py for tasks to queue
[2025-10-07T22:19:48.338+0000] {logging_mixin.py:188} INFO - [2025-10-07T22:19:48.337+0000] {dagbag.py:545} INFO - Filling up the DagBag from /home/airflow/.local/lib/python3.12/site-packages/airflow/example_dags/example_subdag_operator.py
[2025-10-07T22:19:48.358+0000] {processor.py:840} INFO - DAG(s) 'example_subdag_operator.section-1', 'example_subdag_operator.section-2', 'example_subdag_operator' retrieved from /home/airflow/.local/lib/python3.12/site-packages/airflow/example_dags/example_subdag_operator.py
[2025-10-07T22:19:48.417+0000] {logging_mixin.py:188} INFO - [2025-10-07T22:19:48.417+0000] {dag.py:3096} INFO - Sync 3 DAGs
[2025-10-07T22:19:48.430+0000] {logging_mixin.py:188} INFO - [2025-10-07T22:19:48.430+0000] {dag.py:3954} INFO - Setting next_dagrun for example_subdag_operator to 2022-01-01 00:00:00+00:00, run_after=2022-01-01 00:00:00+00:00
[2025-10-07T22:19:48.432+0000] {logging_mixin.py:188} INFO - [2025-10-07T22:19:48.432+0000] {dag.py:3954} INFO - Setting next_dagrun for example_subdag_operator.section-1 to None, run_after=None
[2025-10-07T22:19:48.433+0000] {logging_mixin.py:188} INFO - [2025-10-07T22:19:48.432+0000] {dag.py:3954} INFO - Setting next_dagrun for example_subdag_operator.section-2 to None, run_after=None
[2025-10-07T22:19:48.438+0000] {logging_mixin.py:188} INFO - [2025-10-07T22:19:48.437+0000] {dag.py:3096} INFO - Sync 2 DAGs
[2025-10-07T22:19:48.442+0000] {logging_mixin.py:188} INFO - [2025-10-07T22:19:48.442+0000] {dag.py:3954} INFO - Setting next_dagrun for example_subdag_operator.section-1 to None, run_after=None
[2025-10-07T22:19:48.444+0000] {logging_mixin.py:188} INFO - [2025-10-07T22:19:48.444+0000] {dag.py:3954} INFO - Setting next_dagrun for example_subdag_operator.section-2 to None, run_after=None
[2025-10-07T22:19:48.453+0000] {processor.py:183} INFO - Processing /home/airflow/.local/lib/python3.12/site-packages/airflow/example_dags/example_subdag_operator.py took 0.121 seconds
[2025-10-07T22:20:18.840+0000] {processor.py:161} INFO - Started process (PID=200) to work on /home/airflow/.local/lib/python3.12/site-packages/airflow/example_dags/example_subdag_operator.py
[2025-10-07T22:20:18.840+0000] {processor.py:830} INFO - Processing file /home/airflow/.local/lib/python3.12/site-packages/airflow/example_dags/example_subdag_operator.py for tasks to queue
[2025-10-07T22:20:18.841+0000] {logging_mixin.py:188} INFO - [2025-10-07T22:20:18.841+0000] {dagbag.py:545} INFO - Filling up the DagBag from /home/airflow/.local/lib/python3.12/site-packages/airflow/example_dags/example_subdag_operator.py
[2025-10-07T22:20:18.855+0000] {processor.py:840} INFO - DAG(s) 'example_subdag_operator.section-1', 'example_subdag_operator.section-2', 'example_subdag_operator' retrieved from /home/airflow/.local/lib/python3.12/site-packages/airflow/example_dags/example_subdag_operator.py
[2025-10-07T22:20:18.862+0000] {logging_mixin.py:188} INFO - [2025-10-07T22:20:18.862+0000] {dag.py:3096} INFO - Sync 3 DAGs
[2025-10-07T22:20:18.873+0000] {logging_mixin.py:188} INFO - [2025-10-07T22:20:18.872+0000] {dag.py:3954} INFO - Setting next_dagrun for example_subdag_operator to 2022-01-01 00:00:00+00:00, run_after=2022-01-01 00:00:00+00:00
[2025-10-07T22:20:18.876+0000] {logging_mixin.py:188} INFO - [2025-10-07T22:20:18.876+0000] {dag.py:3954} INFO - Setting next_dagrun for example_subdag_operator.section-1 to None, run_after=None
[2025-10-07T22:20:18.877+0000] {logging_mixin.py:188} INFO - [2025-10-07T22:20:18.877+0000] {dag.py:3954} INFO - Setting next_dagrun for example_subdag_operator.section-2 to None, run_after=None
[2025-10-07T22:20:18.882+0000] {logging_mixin.py:188} INFO - [2025-10-07T22:20:18.882+0000] {dag.py:3096} INFO - Sync 2 DAGs
[2025-10-07T22:20:18.885+0000] {logging_mixin.py:188} INFO - [2025-10-07T22:20:18.885+0000] {dag.py:3954} INFO - Setting next_dagrun for example_subdag_operator.section-1 to None, run_after=None
[2025-10-07T22:20:18.885+0000] {logging_mixin.py:188} INFO - [2025-10-07T22:20:18.885+0000] {dag.py:3954} INFO - Setting next_dagrun for example_subdag_operator.section-2 to None, run_after=None
[2025-10-07T22:20:18.893+0000] {processor.py:183} INFO - Processing /home/airflow/.local/lib/python3.12/site-packages/airflow/example_dags/example_subdag_operator.py took 0.057 seconds
[2025-10-07T22:20:49.302+0000] {processor.py:161} INFO - Started process (PID=259) to work on /home/airflow/.local/lib/python3.12/site-packages/airflow/example_dags/example_subdag_operator.py
[2025-10-07T22:20:49.303+0000] {processor.py:830} INFO - Processing file /home/airflow/.local/lib/python3.12/site-packages/airflow/example_dags/example_subdag_operator.py for tasks to queue
[2025-10-07T22:20:49.304+0000] {logging_mixin.py:188} INFO - [2025-10-07T22:20:49.304+0000] {dagbag.py:545} INFO - Filling up the DagBag from /home/airflow/.local/lib/python3.12/site-packages/airflow/example_dags/example_subdag_operator.py
[2025-10-07T22:20:49.319+0000] {processor.py:840} INFO - DAG(s) 'example_subdag_operator.section-1', 'example_subdag_operator.section-2', 'example_subdag_operator' retrieved from /home/airflow/.local/lib/python3.12/site-packages/airflow/example_dags/example_subdag_operator.py
[2025-10-07T22:20:49.328+0000] {logging_mixin.py:188} INFO - [2025-10-07T22:20:49.328+0000] {dag.py:3096} INFO - Sync 3 DAGs
[2025-10-07T22:20:49.340+0000] {logging_mixin.py:188} INFO - [2025-10-07T22:20:49.340+0000] {dag.py:3954} INFO - Setting next_dagrun for example_subdag_operator to 2022-01-01 00:00:00+00:00, run_after=2022-01-01 00:00:00+00:00
[2025-10-07T22:20:49.343+0000] {logging_mixin.py:188} INFO - [2025-10-07T22:20:49.343+0000] {dag.py:3954} INFO - Setting next_dagrun for example_subdag_operator.section-1 to None, run_after=None
[2025-10-07T22:20:49.344+0000] {logging_mixin.py:188} INFO - [2025-10-07T22:20:49.343+0000] {dag.py:3954} INFO - Setting next_dagrun for example_subdag_operator.section-2 to None, run_after=None
[2025-10-07T22:20:49.348+0000] {logging_mixin.py:188} INFO - [2025-10-07T22:20:49.347+0000] {dag.py:3096} INFO - Sync 2 DAGs
[2025-10-07T22:20:49.353+0000] {logging_mixin.py:188} INFO - [2025-10-07T22:20:49.353+0000] {dag.py:3954} INFO - Setting next_dagrun for example_subdag_operator.section-1 to None, run_after=None
[2025-10-07T22:20:49.353+0000] {logging_mixin.py:188} INFO - [2025-10-07T22:20:49.353+0000] {dag.py:3954} INFO - Setting next_dagrun for example_subdag_operator.section-2 to None, run_after=None
[2025-10-07T22:20:49.364+0000] {processor.py:183} INFO - Processing /home/airflow/.local/lib/python3.12/site-packages/airflow/example_dags/example_subdag_operator.py took 0.066 seconds
[2025-10-07T22:21:19.411+0000] {processor.py:161} INFO - Started process (PID=318) to work on /home/airflow/.local/lib/python3.12/site-packages/airflow/example_dags/example_subdag_operator.py
[2025-10-07T22:21:19.412+0000] {processor.py:830} INFO - Processing file /home/airflow/.local/lib/python3.12/site-packages/airflow/example_dags/example_subdag_operator.py for tasks to queue
[2025-10-07T22:21:19.412+0000] {logging_mixin.py:188} INFO - [2025-10-07T22:21:19.412+0000] {dagbag.py:545} INFO - Filling up the DagBag from /home/airflow/.local/lib/python3.12/site-packages/airflow/example_dags/example_subdag_operator.py
[2025-10-07T22:21:19.428+0000] {processor.py:840} INFO - DAG(s) 'example_subdag_operator.section-1', 'example_subdag_operator.section-2', 'example_subdag_operator' retrieved from /home/airflow/.local/lib/python3.12/site-packages/airflow/example_dags/example_subdag_operator.py
[2025-10-07T22:21:19.437+0000] {logging_mixin.py:188} INFO - [2025-10-07T22:21:19.437+0000] {dag.py:3096} INFO - Sync 3 DAGs
[2025-10-07T22:21:19.448+0000] {logging_mixin.py:188} INFO - [2025-10-07T22:21:19.448+0000] {dag.py:3954} INFO - Setting next_dagrun for example_subdag_operator to 2022-01-01 00:00:00+00:00, run_after=2022-01-01 00:00:00+00:00
[2025-10-07T22:21:19.450+0000] {logging_mixin.py:188} INFO - [2025-10-07T22:21:19.450+0000] {dag.py:3954} INFO - Setting next_dagrun for example_subdag_operator.section-1 to None, run_after=None
[2025-10-07T22:21:19.452+0000] {logging_mixin.py:188} INFO - [2025-10-07T22:21:19.452+0000] {dag.py:3954} INFO - Setting next_dagrun for example_subdag_operator.section-2 to None, run_after=None
[2025-10-07T22:21:19.456+0000] {logging_mixin.py:188} INFO - [2025-10-07T22:21:19.456+0000] {dag.py:3096} INFO - Sync 2 DAGs
[2025-10-07T22:21:19.459+0000] {logging_mixin.py:188} INFO - [2025-10-07T22:21:19.459+0000] {dag.py:3954} INFO - Setting next_dagrun for example_subdag_operator.section-1 to None, run_after=None
[2025-10-07T22:21:19.460+0000] {logging_mixin.py:188} INFO - [2025-10-07T22:21:19.460+0000] {dag.py:3954} INFO - Setting next_dagrun for example_subdag_operator.section-2 to None, run_after=None
[2025-10-07T22:21:19.466+0000] {processor.py:183} INFO - Processing /home/airflow/.local/lib/python3.12/site-packages/airflow/example_dags/example_subdag_operator.py took 0.058 seconds
[2025-10-07T22:21:49.934+0000] {processor.py:161} INFO - Started process (PID=377) to work on /home/airflow/.local/lib/python3.12/site-packages/airflow/example_dags/example_subdag_operator.py
[2025-10-07T22:21:49.935+0000] {processor.py:830} INFO - Processing file /home/airflow/.local/lib/python3.12/site-packages/airflow/example_dags/example_subdag_operator.py for tasks to queue
[2025-10-07T22:21:49.936+0000] {logging_mixin.py:188} INFO - [2025-10-07T22:21:49.936+0000] {dagbag.py:545} INFO - Filling up the DagBag from /home/airflow/.local/lib/python3.12/site-packages/airflow/example_dags/example_subdag_operator.py
[2025-10-07T22:21:49.950+0000] {processor.py:840} INFO - DAG(s) 'example_subdag_operator.section-1', 'example_subdag_operator.section-2', 'example_subdag_operator' retrieved from /home/airflow/.local/lib/python3.12/site-packages/airflow/example_dags/example_subdag_operator.py
[2025-10-07T22:21:49.959+0000] {logging_mixin.py:188} INFO - [2025-10-07T22:21:49.958+0000] {dag.py:3096} INFO - Sync 3 DAGs
[2025-10-07T22:21:49.971+0000] {logging_mixin.py:188} INFO - [2025-10-07T22:21:49.971+0000] {dag.py:3954} INFO - Setting next_dagrun for example_subdag_operator to 2022-01-01 00:00:00+00:00, run_after=2022-01-01 00:00:00+00:00
[2025-10-07T22:21:49.977+0000] {logging_mixin.py:188} INFO - [2025-10-07T22:21:49.977+0000] {dag.py:3954} INFO - Setting next_dagrun for example_subdag_operator.section-1 to None, run_after=None
[2025-10-07T22:21:49.978+0000] {logging_mixin.py:188} INFO - [2025-10-07T22:21:49.978+0000] {dag.py:3954} INFO - Setting next_dagrun for example_subdag_operator.section-2 to None, run_after=None
[2025-10-07T22:21:49.985+0000] {logging_mixin.py:188} INFO - [2025-10-07T22:21:49.985+0000] {dag.py:3096} INFO - Sync 2 DAGs
[2025-10-07T22:21:49.989+0000] {logging_mixin.py:188} INFO - [2025-10-07T22:21:49.989+0000] {dag.py:3954} INFO - Setting next_dagrun for example_subdag_operator.section-1 to None, run_after=None
[2025-10-07T22:21:49.989+0000] {logging_mixin.py:188} INFO - [2025-10-07T22:21:49.989+0000] {dag.py:3954} INFO - Setting next_dagrun for example_subdag_operator.section-2 to None, run_after=None
[2025-10-07T22:21:49.996+0000] {processor.py:183} INFO - Processing /home/airflow/.local/lib/python3.12/site-packages/airflow/example_dags/example_subdag_operator.py took 0.067 seconds
