[2025-10-18T20:03:50.348+0000] {processor.py:153} INFO - Started process (PID=44) to work on /opt/airflow/dags/airflow.py
[2025-10-18T20:03:50.350+0000] {processor.py:743} INFO - Processing file /opt/airflow/dags/airflow.py for tasks to queue
[2025-10-18T20:03:50.351+0000] {logging_mixin.py:137} INFO - [2025-10-18T20:03:50.351+0000] {dagbag.py:538} INFO - Filling up the DagBag from /opt/airflow/dags/airflow.py
[2025-10-18T20:03:50.858+0000] {processor.py:753} INFO - DAG(s) dict_keys(['iris_training_pipeline']) retrieved from /opt/airflow/dags/airflow.py
[2025-10-18T20:03:50.885+0000] {logging_mixin.py:137} INFO - [2025-10-18T20:03:50.885+0000] {dag.py:2690} INFO - Sync 1 DAGs
[2025-10-18T20:03:50.902+0000] {logging_mixin.py:137} INFO - [2025-10-18T20:03:50.902+0000] {dag.py:3441} INFO - Setting next_dagrun for iris_training_pipeline to None, run_after=None
[2025-10-18T20:03:50.915+0000] {processor.py:175} INFO - Processing /opt/airflow/dags/airflow.py took 0.570 seconds
[2025-10-18T20:04:21.086+0000] {processor.py:153} INFO - Started process (PID=99) to work on /opt/airflow/dags/airflow.py
[2025-10-18T20:04:21.086+0000] {processor.py:743} INFO - Processing file /opt/airflow/dags/airflow.py for tasks to queue
[2025-10-18T20:04:21.087+0000] {logging_mixin.py:137} INFO - [2025-10-18T20:04:21.087+0000] {dagbag.py:538} INFO - Filling up the DagBag from /opt/airflow/dags/airflow.py
[2025-10-18T20:04:21.298+0000] {processor.py:753} INFO - DAG(s) dict_keys(['iris_training_pipeline']) retrieved from /opt/airflow/dags/airflow.py
[2025-10-18T20:04:21.314+0000] {logging_mixin.py:137} INFO - [2025-10-18T20:04:21.314+0000] {dag.py:2690} INFO - Sync 1 DAGs
[2025-10-18T20:04:21.327+0000] {logging_mixin.py:137} INFO - [2025-10-18T20:04:21.327+0000] {dag.py:3441} INFO - Setting next_dagrun for iris_training_pipeline to None, run_after=None
[2025-10-18T20:04:21.337+0000] {processor.py:175} INFO - Processing /opt/airflow/dags/airflow.py took 0.254 seconds
[2025-10-18T20:04:51.539+0000] {processor.py:153} INFO - Started process (PID=153) to work on /opt/airflow/dags/airflow.py
[2025-10-18T20:04:51.541+0000] {processor.py:743} INFO - Processing file /opt/airflow/dags/airflow.py for tasks to queue
[2025-10-18T20:04:51.542+0000] {logging_mixin.py:137} INFO - [2025-10-18T20:04:51.542+0000] {dagbag.py:538} INFO - Filling up the DagBag from /opt/airflow/dags/airflow.py
[2025-10-18T20:04:51.838+0000] {processor.py:753} INFO - DAG(s) dict_keys(['iris_training_pipeline']) retrieved from /opt/airflow/dags/airflow.py
[2025-10-18T20:04:51.854+0000] {logging_mixin.py:137} INFO - [2025-10-18T20:04:51.854+0000] {dag.py:2690} INFO - Sync 1 DAGs
[2025-10-18T20:04:51.872+0000] {logging_mixin.py:137} INFO - [2025-10-18T20:04:51.872+0000] {dag.py:3441} INFO - Setting next_dagrun for iris_training_pipeline to None, run_after=None
[2025-10-18T20:04:51.881+0000] {processor.py:175} INFO - Processing /opt/airflow/dags/airflow.py took 0.348 seconds
[2025-10-18T20:05:22.063+0000] {processor.py:153} INFO - Started process (PID=190) to work on /opt/airflow/dags/airflow.py
[2025-10-18T20:05:22.065+0000] {processor.py:743} INFO - Processing file /opt/airflow/dags/airflow.py for tasks to queue
[2025-10-18T20:05:22.066+0000] {logging_mixin.py:137} INFO - [2025-10-18T20:05:22.066+0000] {dagbag.py:538} INFO - Filling up the DagBag from /opt/airflow/dags/airflow.py
[2025-10-18T20:05:22.653+0000] {processor.py:753} INFO - DAG(s) dict_keys(['iris_training_pipeline']) retrieved from /opt/airflow/dags/airflow.py
[2025-10-18T20:05:22.672+0000] {logging_mixin.py:137} INFO - [2025-10-18T20:05:22.671+0000] {dag.py:2690} INFO - Sync 1 DAGs
[2025-10-18T20:05:22.688+0000] {logging_mixin.py:137} INFO - [2025-10-18T20:05:22.688+0000] {dag.py:3441} INFO - Setting next_dagrun for iris_training_pipeline to None, run_after=None
[2025-10-18T20:05:22.701+0000] {processor.py:175} INFO - Processing /opt/airflow/dags/airflow.py took 0.644 seconds
[2025-10-18T20:05:52.883+0000] {processor.py:153} INFO - Started process (PID=245) to work on /opt/airflow/dags/airflow.py
[2025-10-18T20:05:52.884+0000] {processor.py:743} INFO - Processing file /opt/airflow/dags/airflow.py for tasks to queue
[2025-10-18T20:05:52.884+0000] {logging_mixin.py:137} INFO - [2025-10-18T20:05:52.884+0000] {dagbag.py:538} INFO - Filling up the DagBag from /opt/airflow/dags/airflow.py
[2025-10-18T20:05:53.158+0000] {processor.py:753} INFO - DAG(s) dict_keys(['iris_training_pipeline']) retrieved from /opt/airflow/dags/airflow.py
[2025-10-18T20:05:53.178+0000] {logging_mixin.py:137} INFO - [2025-10-18T20:05:53.178+0000] {dag.py:2690} INFO - Sync 1 DAGs
[2025-10-18T20:05:53.208+0000] {logging_mixin.py:137} INFO - [2025-10-18T20:05:53.208+0000] {dag.py:3441} INFO - Setting next_dagrun for iris_training_pipeline to None, run_after=None
[2025-10-18T20:05:53.226+0000] {processor.py:175} INFO - Processing /opt/airflow/dags/airflow.py took 0.345 seconds
[2025-10-18T20:06:23.474+0000] {processor.py:153} INFO - Started process (PID=282) to work on /opt/airflow/dags/airflow.py
[2025-10-18T20:06:23.477+0000] {processor.py:743} INFO - Processing file /opt/airflow/dags/airflow.py for tasks to queue
[2025-10-18T20:06:23.481+0000] {logging_mixin.py:137} INFO - [2025-10-18T20:06:23.481+0000] {dagbag.py:538} INFO - Filling up the DagBag from /opt/airflow/dags/airflow.py
[2025-10-18T20:06:25.568+0000] {logging_mixin.py:137} INFO - [2025-10-18T20:06:25.567+0000] {dagbag.py:343} ERROR - Failed to import: /opt/airflow/dags/airflow.py
Traceback (most recent call last):
  File "/home/airflow/.local/lib/python3.7/site-packages/numpy/core/_internal.py", line 595, in _dtype_from_pep3118
    def _dtype_from_pep3118(spec):
  File "/home/airflow/.local/lib/python3.7/site-packages/airflow/dag_processing/manager.py", line 466, in _exit_gracefully
    self.log.debug("Current Stacktrace is: %s", "\n".join(map(str, inspect.stack())))
  File "/usr/local/lib/python3.7/inspect.py", line 1513, in stack
    return getouterframes(sys._getframe(1), context)
  File "/usr/local/lib/python3.7/inspect.py", line 1490, in getouterframes
    frameinfo = (frame,) + getframeinfo(frame, context)
  File "/usr/local/lib/python3.7/inspect.py", line 1464, in getframeinfo
    lines, lnum = findsource(frame)
  File "/usr/local/lib/python3.7/inspect.py", line 780, in findsource
    module = getmodule(object, file)
  File "/usr/local/lib/python3.7/inspect.py", line 742, in getmodule
    os.path.realpath(f)] = module.__name__
  File "/usr/local/lib/python3.7/posixpath.py", line 395, in realpath
    path, ok = _joinrealpath(filename[:0], filename, {})
  File "/usr/local/lib/python3.7/posixpath.py", line 429, in _joinrealpath
    if not islink(newpath):
  File "/usr/local/lib/python3.7/posixpath.py", line 171, in islink
    st = os.lstat(path)
  File "/home/airflow/.local/lib/python3.7/site-packages/airflow/dag_processing/manager.py", line 470, in _exit_gracefully
    sys.exit(os.EX_OK)
SystemExit: 0

The above exception was the direct cause of the following exception:

Traceback (most recent call last):
  File "/home/airflow/.local/lib/python3.7/site-packages/airflow/models/dagbag.py", line 339, in parse
    loader.exec_module(new_module)
  File "<frozen importlib._bootstrap_external>", line 728, in exec_module
  File "<frozen importlib._bootstrap>", line 219, in _call_with_frames_removed
  File "/opt/airflow/dags/airflow.py", line 9, in <module>
    from lab import run_pipeline
  File "/opt/airflow/src/lab.py", line 10, in <module>
    from sklearn.ensemble import RandomForestClassifier
  File "/home/airflow/.local/lib/python3.7/site-packages/sklearn/ensemble/__init__.py", line 5, in <module>
    from ._base import BaseEnsemble
  File "/home/airflow/.local/lib/python3.7/site-packages/sklearn/ensemble/_base.py", line 18, in <module>
    from ..tree import DecisionTreeRegressor, ExtraTreeRegressor
  File "/home/airflow/.local/lib/python3.7/site-packages/sklearn/tree/__init__.py", line 6, in <module>
    from ._classes import BaseDecisionTree
  File "/home/airflow/.local/lib/python3.7/site-packages/sklearn/tree/_classes.py", line 41, in <module>
    from ._criterion import Criterion
  File "sklearn/tree/_criterion.pyx", line 1, in init sklearn.tree._criterion
  File "sklearn/tree/_splitter.pyx", line 1, in init sklearn.tree._splitter
  File "sklearn/tree/_tree.pyx", line 73, in init sklearn.tree._tree
ValueError: 'T{q:left_child:q:right_child:q:feature:d:threshold:d:impurity:q:n_node_samples:d:weighted_n_node_samples:}' is not a valid PEP 3118 buffer format string
[2025-10-18T20:06:25.569+0000] {processor.py:755} WARNING - No viable dags retrieved from /opt/airflow/dags/airflow.py
[2025-10-18T20:06:25.577+0000] {processor.py:178} ERROR - Got an exception! Propagating...
Traceback (most recent call last):
  File "/home/airflow/.local/lib/python3.7/site-packages/sqlalchemy/engine/base.py", line 3361, in _wrap_pool_connect
    return fn()
  File "/home/airflow/.local/lib/python3.7/site-packages/sqlalchemy/pool/base.py", line 327, in connect
    return _ConnectionFairy._checkout(self)
  File "/home/airflow/.local/lib/python3.7/site-packages/sqlalchemy/pool/base.py", line 894, in _checkout
    fairy = _ConnectionRecord.checkout(pool)
  File "/home/airflow/.local/lib/python3.7/site-packages/sqlalchemy/pool/base.py", line 493, in checkout
    rec = pool._do_get()
  File "/home/airflow/.local/lib/python3.7/site-packages/sqlalchemy/pool/impl.py", line 146, in _do_get
    self._dec_overflow()
  File "/home/airflow/.local/lib/python3.7/site-packages/sqlalchemy/util/langhelpers.py", line 72, in __exit__
    with_traceback=exc_tb,
  File "/home/airflow/.local/lib/python3.7/site-packages/sqlalchemy/util/compat.py", line 211, in raise_
    raise exception
  File "/home/airflow/.local/lib/python3.7/site-packages/sqlalchemy/pool/impl.py", line 143, in _do_get
    return self._create_connection()
  File "/home/airflow/.local/lib/python3.7/site-packages/sqlalchemy/pool/base.py", line 273, in _create_connection
    return _ConnectionRecord(self)
  File "/home/airflow/.local/lib/python3.7/site-packages/sqlalchemy/pool/base.py", line 388, in __init__
    self.__connect()
  File "/home/airflow/.local/lib/python3.7/site-packages/sqlalchemy/pool/base.py", line 691, in __connect
    pool.logger.debug("Error on connect(): %s", e)
  File "/home/airflow/.local/lib/python3.7/site-packages/sqlalchemy/util/langhelpers.py", line 72, in __exit__
    with_traceback=exc_tb,
  File "/home/airflow/.local/lib/python3.7/site-packages/sqlalchemy/util/compat.py", line 211, in raise_
    raise exception
  File "/home/airflow/.local/lib/python3.7/site-packages/sqlalchemy/pool/base.py", line 686, in __connect
    self.dbapi_connection = connection = pool._invoke_creator(self)
  File "/home/airflow/.local/lib/python3.7/site-packages/sqlalchemy/engine/create.py", line 578, in connect
    return dialect.connect(*cargs, **cparams)
  File "/home/airflow/.local/lib/python3.7/site-packages/sqlalchemy/engine/default.py", line 598, in connect
    return self.dbapi.connect(*cargs, **cparams)
  File "/home/airflow/.local/lib/python3.7/site-packages/psycopg2/__init__.py", line 122, in connect
    conn = _connect(dsn, connection_factory=connection_factory, **kwasync)
psycopg2.OperationalError: could not translate host name "postgres" to address: Name or service not known


The above exception was the direct cause of the following exception:

Traceback (most recent call last):
  File "/home/airflow/.local/lib/python3.7/site-packages/airflow/dag_processing/processor.py", line 174, in _run_file_processor
    _handle_dag_file_processing()
  File "/home/airflow/.local/lib/python3.7/site-packages/airflow/dag_processing/processor.py", line 158, in _handle_dag_file_processing
    callback_requests=callback_requests,
  File "/home/airflow/.local/lib/python3.7/site-packages/airflow/utils/session.py", line 75, in wrapper
    return func(*args, session=session, **kwargs)
  File "/home/airflow/.local/lib/python3.7/site-packages/airflow/dag_processing/processor.py", line 756, in process_file
    self.update_import_errors(session, dagbag)
  File "/home/airflow/.local/lib/python3.7/site-packages/airflow/dag_processing/processor.py", line 544, in update_import_errors
    existing_import_error_files = [x.filename for x in session.query(errors.ImportError.filename).all()]
  File "/home/airflow/.local/lib/python3.7/site-packages/sqlalchemy/orm/query.py", line 2773, in all
    return self._iter().all()
  File "/home/airflow/.local/lib/python3.7/site-packages/sqlalchemy/orm/query.py", line 2919, in _iter
    execution_options={"_sa_orm_load_options": self.load_options},
  File "/home/airflow/.local/lib/python3.7/site-packages/sqlalchemy/orm/session.py", line 1713, in execute
    conn = self._connection_for_bind(bind)
  File "/home/airflow/.local/lib/python3.7/site-packages/sqlalchemy/orm/session.py", line 1553, in _connection_for_bind
    engine, execution_options
  File "/home/airflow/.local/lib/python3.7/site-packages/sqlalchemy/orm/session.py", line 747, in _connection_for_bind
    conn = bind.connect()
  File "/home/airflow/.local/lib/python3.7/site-packages/sqlalchemy/engine/base.py", line 3315, in connect
    return self._connection_cls(self, close_with_result=close_with_result)
  File "/home/airflow/.local/lib/python3.7/site-packages/sqlalchemy/engine/base.py", line 96, in __init__
    else engine.raw_connection()
  File "/home/airflow/.local/lib/python3.7/site-packages/sqlalchemy/engine/base.py", line 3394, in raw_connection
    return self._wrap_pool_connect(self.pool.connect, _connection)
  File "/home/airflow/.local/lib/python3.7/site-packages/sqlalchemy/engine/base.py", line 3365, in _wrap_pool_connect
    e, dialect, self
  File "/home/airflow/.local/lib/python3.7/site-packages/sqlalchemy/engine/base.py", line 2199, in _handle_dbapi_exception_noconnection
    sqlalchemy_exception, with_traceback=exc_info[2], from_=e
  File "/home/airflow/.local/lib/python3.7/site-packages/sqlalchemy/util/compat.py", line 211, in raise_
    raise exception
  File "/home/airflow/.local/lib/python3.7/site-packages/sqlalchemy/engine/base.py", line 3361, in _wrap_pool_connect
    return fn()
  File "/home/airflow/.local/lib/python3.7/site-packages/sqlalchemy/pool/base.py", line 327, in connect
    return _ConnectionFairy._checkout(self)
  File "/home/airflow/.local/lib/python3.7/site-packages/sqlalchemy/pool/base.py", line 894, in _checkout
    fairy = _ConnectionRecord.checkout(pool)
  File "/home/airflow/.local/lib/python3.7/site-packages/sqlalchemy/pool/base.py", line 493, in checkout
    rec = pool._do_get()
  File "/home/airflow/.local/lib/python3.7/site-packages/sqlalchemy/pool/impl.py", line 146, in _do_get
    self._dec_overflow()
  File "/home/airflow/.local/lib/python3.7/site-packages/sqlalchemy/util/langhelpers.py", line 72, in __exit__
    with_traceback=exc_tb,
  File "/home/airflow/.local/lib/python3.7/site-packages/sqlalchemy/util/compat.py", line 211, in raise_
    raise exception
  File "/home/airflow/.local/lib/python3.7/site-packages/sqlalchemy/pool/impl.py", line 143, in _do_get
    return self._create_connection()
  File "/home/airflow/.local/lib/python3.7/site-packages/sqlalchemy/pool/base.py", line 273, in _create_connection
    return _ConnectionRecord(self)
  File "/home/airflow/.local/lib/python3.7/site-packages/sqlalchemy/pool/base.py", line 388, in __init__
    self.__connect()
  File "/home/airflow/.local/lib/python3.7/site-packages/sqlalchemy/pool/base.py", line 691, in __connect
    pool.logger.debug("Error on connect(): %s", e)
  File "/home/airflow/.local/lib/python3.7/site-packages/sqlalchemy/util/langhelpers.py", line 72, in __exit__
    with_traceback=exc_tb,
  File "/home/airflow/.local/lib/python3.7/site-packages/sqlalchemy/util/compat.py", line 211, in raise_
    raise exception
  File "/home/airflow/.local/lib/python3.7/site-packages/sqlalchemy/pool/base.py", line 686, in __connect
    self.dbapi_connection = connection = pool._invoke_creator(self)
  File "/home/airflow/.local/lib/python3.7/site-packages/sqlalchemy/engine/create.py", line 578, in connect
    return dialect.connect(*cargs, **cparams)
  File "/home/airflow/.local/lib/python3.7/site-packages/sqlalchemy/engine/default.py", line 598, in connect
    return self.dbapi.connect(*cargs, **cparams)
  File "/home/airflow/.local/lib/python3.7/site-packages/psycopg2/__init__.py", line 122, in connect
    conn = _connect(dsn, connection_factory=connection_factory, **kwasync)
sqlalchemy.exc.OperationalError: (psycopg2.OperationalError) could not translate host name "postgres" to address: Name or service not known

(Background on this error at: https://sqlalche.me/e/14/e3q8)
[2025-10-18T20:06:36.694+0000] {processor.py:153} INFO - Started process (PID=43) to work on /opt/airflow/dags/airflow.py
[2025-10-18T20:06:36.696+0000] {processor.py:743} INFO - Processing file /opt/airflow/dags/airflow.py for tasks to queue
[2025-10-18T20:06:36.696+0000] {logging_mixin.py:137} INFO - [2025-10-18T20:06:36.696+0000] {dagbag.py:538} INFO - Filling up the DagBag from /opt/airflow/dags/airflow.py
[2025-10-18T20:06:37.478+0000] {processor.py:753} INFO - DAG(s) dict_keys(['iris_training_pipeline']) retrieved from /opt/airflow/dags/airflow.py
[2025-10-18T20:06:37.508+0000] {logging_mixin.py:137} INFO - [2025-10-18T20:06:37.508+0000] {dag.py:2690} INFO - Sync 1 DAGs
[2025-10-18T20:06:37.530+0000] {logging_mixin.py:137} INFO - [2025-10-18T20:06:37.530+0000] {dag.py:3441} INFO - Setting next_dagrun for iris_training_pipeline to None, run_after=None
[2025-10-18T20:06:37.543+0000] {processor.py:175} INFO - Processing /opt/airflow/dags/airflow.py took 0.855 seconds
[2025-10-18T20:07:07.785+0000] {processor.py:153} INFO - Started process (PID=98) to work on /opt/airflow/dags/airflow.py
[2025-10-18T20:07:07.787+0000] {processor.py:743} INFO - Processing file /opt/airflow/dags/airflow.py for tasks to queue
[2025-10-18T20:07:07.788+0000] {logging_mixin.py:137} INFO - [2025-10-18T20:07:07.788+0000] {dagbag.py:538} INFO - Filling up the DagBag from /opt/airflow/dags/airflow.py
[2025-10-18T20:07:08.030+0000] {processor.py:753} INFO - DAG(s) dict_keys(['iris_training_pipeline']) retrieved from /opt/airflow/dags/airflow.py
[2025-10-18T20:07:08.052+0000] {logging_mixin.py:137} INFO - [2025-10-18T20:07:08.052+0000] {dag.py:2690} INFO - Sync 1 DAGs
[2025-10-18T20:07:08.071+0000] {logging_mixin.py:137} INFO - [2025-10-18T20:07:08.071+0000] {dag.py:3441} INFO - Setting next_dagrun for iris_training_pipeline to None, run_after=None
[2025-10-18T20:07:08.088+0000] {processor.py:175} INFO - Processing /opt/airflow/dags/airflow.py took 0.308 seconds
[2025-10-18T20:07:38.351+0000] {processor.py:153} INFO - Started process (PID=153) to work on /opt/airflow/dags/airflow.py
[2025-10-18T20:07:38.357+0000] {processor.py:743} INFO - Processing file /opt/airflow/dags/airflow.py for tasks to queue
[2025-10-18T20:07:38.363+0000] {logging_mixin.py:137} INFO - [2025-10-18T20:07:38.362+0000] {dagbag.py:538} INFO - Filling up the DagBag from /opt/airflow/dags/airflow.py
[2025-10-18T20:07:38.909+0000] {processor.py:753} INFO - DAG(s) dict_keys(['iris_training_pipeline']) retrieved from /opt/airflow/dags/airflow.py
[2025-10-18T20:07:38.943+0000] {logging_mixin.py:137} INFO - [2025-10-18T20:07:38.943+0000] {dag.py:2690} INFO - Sync 1 DAGs
[2025-10-18T20:07:38.972+0000] {logging_mixin.py:137} INFO - [2025-10-18T20:07:38.972+0000] {dag.py:3441} INFO - Setting next_dagrun for iris_training_pipeline to None, run_after=None
[2025-10-18T20:07:38.991+0000] {processor.py:175} INFO - Processing /opt/airflow/dags/airflow.py took 0.659 seconds
[2025-10-18T20:08:09.229+0000] {processor.py:153} INFO - Started process (PID=190) to work on /opt/airflow/dags/airflow.py
[2025-10-18T20:08:09.231+0000] {processor.py:743} INFO - Processing file /opt/airflow/dags/airflow.py for tasks to queue
[2025-10-18T20:08:09.234+0000] {logging_mixin.py:137} INFO - [2025-10-18T20:08:09.233+0000] {dagbag.py:538} INFO - Filling up the DagBag from /opt/airflow/dags/airflow.py
[2025-10-18T20:08:09.530+0000] {processor.py:753} INFO - DAG(s) dict_keys(['iris_training_pipeline']) retrieved from /opt/airflow/dags/airflow.py
[2025-10-18T20:08:09.547+0000] {logging_mixin.py:137} INFO - [2025-10-18T20:08:09.547+0000] {dag.py:2690} INFO - Sync 1 DAGs
[2025-10-18T20:08:09.562+0000] {logging_mixin.py:137} INFO - [2025-10-18T20:08:09.562+0000] {dag.py:3441} INFO - Setting next_dagrun for iris_training_pipeline to None, run_after=None
[2025-10-18T20:08:09.571+0000] {processor.py:175} INFO - Processing /opt/airflow/dags/airflow.py took 0.347 seconds
[2025-10-18T20:08:39.709+0000] {processor.py:153} INFO - Started process (PID=245) to work on /opt/airflow/dags/airflow.py
[2025-10-18T20:08:39.711+0000] {processor.py:743} INFO - Processing file /opt/airflow/dags/airflow.py for tasks to queue
[2025-10-18T20:08:39.714+0000] {logging_mixin.py:137} INFO - [2025-10-18T20:08:39.714+0000] {dagbag.py:538} INFO - Filling up the DagBag from /opt/airflow/dags/airflow.py
[2025-10-18T20:08:40.039+0000] {processor.py:753} INFO - DAG(s) dict_keys(['iris_training_pipeline']) retrieved from /opt/airflow/dags/airflow.py
[2025-10-18T20:08:40.070+0000] {logging_mixin.py:137} INFO - [2025-10-18T20:08:40.069+0000] {dag.py:2690} INFO - Sync 1 DAGs
[2025-10-18T20:08:40.092+0000] {logging_mixin.py:137} INFO - [2025-10-18T20:08:40.092+0000] {dag.py:3441} INFO - Setting next_dagrun for iris_training_pipeline to None, run_after=None
[2025-10-18T20:08:40.110+0000] {processor.py:175} INFO - Processing /opt/airflow/dags/airflow.py took 0.404 seconds
[2025-10-18T20:09:10.350+0000] {processor.py:153} INFO - Started process (PID=300) to work on /opt/airflow/dags/airflow.py
[2025-10-18T20:09:10.351+0000] {processor.py:743} INFO - Processing file /opt/airflow/dags/airflow.py for tasks to queue
[2025-10-18T20:09:10.352+0000] {logging_mixin.py:137} INFO - [2025-10-18T20:09:10.352+0000] {dagbag.py:538} INFO - Filling up the DagBag from /opt/airflow/dags/airflow.py
[2025-10-18T20:09:10.687+0000] {processor.py:753} INFO - DAG(s) dict_keys(['iris_training_pipeline']) retrieved from /opt/airflow/dags/airflow.py
[2025-10-18T20:09:10.714+0000] {logging_mixin.py:137} INFO - [2025-10-18T20:09:10.713+0000] {dag.py:2690} INFO - Sync 1 DAGs
[2025-10-18T20:09:10.749+0000] {logging_mixin.py:137} INFO - [2025-10-18T20:09:10.749+0000] {dag.py:3441} INFO - Setting next_dagrun for iris_training_pipeline to None, run_after=None
[2025-10-18T20:09:10.769+0000] {processor.py:175} INFO - Processing /opt/airflow/dags/airflow.py took 0.423 seconds
[2025-10-18T20:09:41.018+0000] {processor.py:153} INFO - Started process (PID=337) to work on /opt/airflow/dags/airflow.py
[2025-10-18T20:09:41.019+0000] {processor.py:743} INFO - Processing file /opt/airflow/dags/airflow.py for tasks to queue
[2025-10-18T20:09:41.021+0000] {logging_mixin.py:137} INFO - [2025-10-18T20:09:41.020+0000] {dagbag.py:538} INFO - Filling up the DagBag from /opt/airflow/dags/airflow.py
[2025-10-18T20:09:41.433+0000] {processor.py:753} INFO - DAG(s) dict_keys(['iris_training_pipeline']) retrieved from /opt/airflow/dags/airflow.py
[2025-10-18T20:09:41.476+0000] {logging_mixin.py:137} INFO - [2025-10-18T20:09:41.476+0000] {dag.py:2690} INFO - Sync 1 DAGs
[2025-10-18T20:09:41.509+0000] {logging_mixin.py:137} INFO - [2025-10-18T20:09:41.509+0000] {dag.py:3441} INFO - Setting next_dagrun for iris_training_pipeline to None, run_after=None
[2025-10-18T20:09:41.526+0000] {processor.py:175} INFO - Processing /opt/airflow/dags/airflow.py took 0.511 seconds
[2025-10-18T20:10:11.821+0000] {processor.py:153} INFO - Started process (PID=392) to work on /opt/airflow/dags/airflow.py
[2025-10-18T20:10:11.823+0000] {processor.py:743} INFO - Processing file /opt/airflow/dags/airflow.py for tasks to queue
[2025-10-18T20:10:11.824+0000] {logging_mixin.py:137} INFO - [2025-10-18T20:10:11.824+0000] {dagbag.py:538} INFO - Filling up the DagBag from /opt/airflow/dags/airflow.py
[2025-10-18T20:10:12.073+0000] {processor.py:753} INFO - DAG(s) dict_keys(['iris_training_pipeline']) retrieved from /opt/airflow/dags/airflow.py
[2025-10-18T20:10:12.090+0000] {logging_mixin.py:137} INFO - [2025-10-18T20:10:12.090+0000] {dag.py:2690} INFO - Sync 1 DAGs
[2025-10-18T20:10:12.107+0000] {logging_mixin.py:137} INFO - [2025-10-18T20:10:12.107+0000] {dag.py:3441} INFO - Setting next_dagrun for iris_training_pipeline to None, run_after=None
[2025-10-18T20:10:12.120+0000] {processor.py:175} INFO - Processing /opt/airflow/dags/airflow.py took 0.303 seconds
[2025-10-18T20:10:42.331+0000] {processor.py:153} INFO - Started process (PID=447) to work on /opt/airflow/dags/airflow.py
[2025-10-18T20:10:42.343+0000] {processor.py:743} INFO - Processing file /opt/airflow/dags/airflow.py for tasks to queue
[2025-10-18T20:10:42.350+0000] {logging_mixin.py:137} INFO - [2025-10-18T20:10:42.349+0000] {dagbag.py:538} INFO - Filling up the DagBag from /opt/airflow/dags/airflow.py
[2025-10-18T20:10:42.742+0000] {processor.py:753} INFO - DAG(s) dict_keys(['iris_training_pipeline']) retrieved from /opt/airflow/dags/airflow.py
[2025-10-18T20:10:42.768+0000] {logging_mixin.py:137} INFO - [2025-10-18T20:10:42.768+0000] {dag.py:2690} INFO - Sync 1 DAGs
[2025-10-18T20:10:42.788+0000] {logging_mixin.py:137} INFO - [2025-10-18T20:10:42.788+0000] {dag.py:3441} INFO - Setting next_dagrun for iris_training_pipeline to None, run_after=None
[2025-10-18T20:10:42.801+0000] {processor.py:175} INFO - Processing /opt/airflow/dags/airflow.py took 0.483 seconds
[2025-10-18T20:11:13.017+0000] {processor.py:153} INFO - Started process (PID=484) to work on /opt/airflow/dags/airflow.py
[2025-10-18T20:11:13.019+0000] {processor.py:743} INFO - Processing file /opt/airflow/dags/airflow.py for tasks to queue
[2025-10-18T20:11:13.020+0000] {logging_mixin.py:137} INFO - [2025-10-18T20:11:13.019+0000] {dagbag.py:538} INFO - Filling up the DagBag from /opt/airflow/dags/airflow.py
[2025-10-18T20:11:13.345+0000] {processor.py:753} INFO - DAG(s) dict_keys(['iris_training_pipeline']) retrieved from /opt/airflow/dags/airflow.py
[2025-10-18T20:11:13.368+0000] {logging_mixin.py:137} INFO - [2025-10-18T20:11:13.368+0000] {dag.py:2690} INFO - Sync 1 DAGs
[2025-10-18T20:11:13.387+0000] {logging_mixin.py:137} INFO - [2025-10-18T20:11:13.387+0000] {dag.py:3441} INFO - Setting next_dagrun for iris_training_pipeline to None, run_after=None
[2025-10-18T20:11:13.407+0000] {processor.py:175} INFO - Processing /opt/airflow/dags/airflow.py took 0.394 seconds
[2025-10-18T20:11:43.622+0000] {processor.py:153} INFO - Started process (PID=539) to work on /opt/airflow/dags/airflow.py
[2025-10-18T20:11:43.624+0000] {processor.py:743} INFO - Processing file /opt/airflow/dags/airflow.py for tasks to queue
[2025-10-18T20:11:43.625+0000] {logging_mixin.py:137} INFO - [2025-10-18T20:11:43.625+0000] {dagbag.py:538} INFO - Filling up the DagBag from /opt/airflow/dags/airflow.py
[2025-10-18T20:11:43.872+0000] {processor.py:753} INFO - DAG(s) dict_keys(['iris_training_pipeline']) retrieved from /opt/airflow/dags/airflow.py
[2025-10-18T20:11:43.890+0000] {logging_mixin.py:137} INFO - [2025-10-18T20:11:43.890+0000] {dag.py:2690} INFO - Sync 1 DAGs
[2025-10-18T20:11:43.906+0000] {logging_mixin.py:137} INFO - [2025-10-18T20:11:43.906+0000] {dag.py:3441} INFO - Setting next_dagrun for iris_training_pipeline to None, run_after=None
[2025-10-18T20:11:43.917+0000] {processor.py:175} INFO - Processing /opt/airflow/dags/airflow.py took 0.300 seconds
[2025-10-18T20:12:14.110+0000] {processor.py:153} INFO - Started process (PID=576) to work on /opt/airflow/dags/airflow.py
[2025-10-18T20:12:14.111+0000] {processor.py:743} INFO - Processing file /opt/airflow/dags/airflow.py for tasks to queue
[2025-10-18T20:12:14.112+0000] {logging_mixin.py:137} INFO - [2025-10-18T20:12:14.112+0000] {dagbag.py:538} INFO - Filling up the DagBag from /opt/airflow/dags/airflow.py
[2025-10-18T20:12:14.385+0000] {processor.py:753} INFO - DAG(s) dict_keys(['iris_training_pipeline']) retrieved from /opt/airflow/dags/airflow.py
[2025-10-18T20:12:14.417+0000] {logging_mixin.py:137} INFO - [2025-10-18T20:12:14.417+0000] {dag.py:2690} INFO - Sync 1 DAGs
[2025-10-18T20:12:14.439+0000] {logging_mixin.py:137} INFO - [2025-10-18T20:12:14.439+0000] {dag.py:3441} INFO - Setting next_dagrun for iris_training_pipeline to None, run_after=None
[2025-10-18T20:12:14.452+0000] {processor.py:175} INFO - Processing /opt/airflow/dags/airflow.py took 0.346 seconds
[2025-10-18T20:12:44.684+0000] {processor.py:153} INFO - Started process (PID=631) to work on /opt/airflow/dags/airflow.py
[2025-10-18T20:12:44.685+0000] {processor.py:743} INFO - Processing file /opt/airflow/dags/airflow.py for tasks to queue
[2025-10-18T20:12:44.685+0000] {logging_mixin.py:137} INFO - [2025-10-18T20:12:44.685+0000] {dagbag.py:538} INFO - Filling up the DagBag from /opt/airflow/dags/airflow.py
[2025-10-18T20:12:45.028+0000] {processor.py:753} INFO - DAG(s) dict_keys(['iris_training_pipeline']) retrieved from /opt/airflow/dags/airflow.py
[2025-10-18T20:12:45.050+0000] {logging_mixin.py:137} INFO - [2025-10-18T20:12:45.050+0000] {dag.py:2690} INFO - Sync 1 DAGs
[2025-10-18T20:12:45.068+0000] {logging_mixin.py:137} INFO - [2025-10-18T20:12:45.068+0000] {dag.py:3441} INFO - Setting next_dagrun for iris_training_pipeline to None, run_after=None
[2025-10-18T20:12:45.083+0000] {processor.py:175} INFO - Processing /opt/airflow/dags/airflow.py took 0.403 seconds
[2025-10-18T20:13:15.304+0000] {processor.py:153} INFO - Started process (PID=686) to work on /opt/airflow/dags/airflow.py
[2025-10-18T20:13:15.307+0000] {processor.py:743} INFO - Processing file /opt/airflow/dags/airflow.py for tasks to queue
[2025-10-18T20:13:15.308+0000] {logging_mixin.py:137} INFO - [2025-10-18T20:13:15.308+0000] {dagbag.py:538} INFO - Filling up the DagBag from /opt/airflow/dags/airflow.py
[2025-10-18T20:13:15.575+0000] {processor.py:753} INFO - DAG(s) dict_keys(['iris_training_pipeline']) retrieved from /opt/airflow/dags/airflow.py
[2025-10-18T20:13:15.593+0000] {logging_mixin.py:137} INFO - [2025-10-18T20:13:15.593+0000] {dag.py:2690} INFO - Sync 1 DAGs
[2025-10-18T20:13:15.610+0000] {logging_mixin.py:137} INFO - [2025-10-18T20:13:15.609+0000] {dag.py:3441} INFO - Setting next_dagrun for iris_training_pipeline to None, run_after=None
[2025-10-18T20:13:15.622+0000] {processor.py:175} INFO - Processing /opt/airflow/dags/airflow.py took 0.325 seconds
[2025-10-18T20:13:45.799+0000] {processor.py:153} INFO - Started process (PID=730) to work on /opt/airflow/dags/airflow.py
[2025-10-18T20:13:45.800+0000] {processor.py:743} INFO - Processing file /opt/airflow/dags/airflow.py for tasks to queue
[2025-10-18T20:13:45.800+0000] {logging_mixin.py:137} INFO - [2025-10-18T20:13:45.800+0000] {dagbag.py:538} INFO - Filling up the DagBag from /opt/airflow/dags/airflow.py
[2025-10-18T20:13:45.992+0000] {processor.py:753} INFO - DAG(s) dict_keys(['iris_training_pipeline']) retrieved from /opt/airflow/dags/airflow.py
[2025-10-18T20:13:46.007+0000] {logging_mixin.py:137} INFO - [2025-10-18T20:13:46.006+0000] {dag.py:2690} INFO - Sync 1 DAGs
[2025-10-18T20:13:46.021+0000] {logging_mixin.py:137} INFO - [2025-10-18T20:13:46.021+0000] {dag.py:3441} INFO - Setting next_dagrun for iris_training_pipeline to None, run_after=None
[2025-10-18T20:13:46.033+0000] {processor.py:175} INFO - Processing /opt/airflow/dags/airflow.py took 0.237 seconds
[2025-10-18T20:14:16.226+0000] {processor.py:153} INFO - Started process (PID=778) to work on /opt/airflow/dags/airflow.py
[2025-10-18T20:14:16.227+0000] {processor.py:743} INFO - Processing file /opt/airflow/dags/airflow.py for tasks to queue
[2025-10-18T20:14:16.228+0000] {logging_mixin.py:137} INFO - [2025-10-18T20:14:16.228+0000] {dagbag.py:538} INFO - Filling up the DagBag from /opt/airflow/dags/airflow.py
[2025-10-18T20:14:16.482+0000] {processor.py:753} INFO - DAG(s) dict_keys(['iris_training_pipeline']) retrieved from /opt/airflow/dags/airflow.py
[2025-10-18T20:14:16.499+0000] {logging_mixin.py:137} INFO - [2025-10-18T20:14:16.499+0000] {dag.py:2690} INFO - Sync 1 DAGs
[2025-10-18T20:14:16.516+0000] {logging_mixin.py:137} INFO - [2025-10-18T20:14:16.516+0000] {dag.py:3441} INFO - Setting next_dagrun for iris_training_pipeline to None, run_after=None
[2025-10-18T20:14:16.528+0000] {processor.py:175} INFO - Processing /opt/airflow/dags/airflow.py took 0.309 seconds
[2025-10-18T20:14:46.696+0000] {processor.py:153} INFO - Started process (PID=833) to work on /opt/airflow/dags/airflow.py
[2025-10-18T20:14:46.697+0000] {processor.py:743} INFO - Processing file /opt/airflow/dags/airflow.py for tasks to queue
[2025-10-18T20:14:46.697+0000] {logging_mixin.py:137} INFO - [2025-10-18T20:14:46.697+0000] {dagbag.py:538} INFO - Filling up the DagBag from /opt/airflow/dags/airflow.py
[2025-10-18T20:14:46.896+0000] {processor.py:753} INFO - DAG(s) dict_keys(['iris_training_pipeline']) retrieved from /opt/airflow/dags/airflow.py
[2025-10-18T20:14:46.910+0000] {logging_mixin.py:137} INFO - [2025-10-18T20:14:46.910+0000] {dag.py:2690} INFO - Sync 1 DAGs
[2025-10-18T20:14:46.924+0000] {logging_mixin.py:137} INFO - [2025-10-18T20:14:46.924+0000] {dag.py:3441} INFO - Setting next_dagrun for iris_training_pipeline to None, run_after=None
[2025-10-18T20:14:46.935+0000] {processor.py:175} INFO - Processing /opt/airflow/dags/airflow.py took 0.241 seconds
[2025-10-18T20:15:17.128+0000] {processor.py:153} INFO - Started process (PID=879) to work on /opt/airflow/dags/airflow.py
[2025-10-18T20:15:17.130+0000] {processor.py:743} INFO - Processing file /opt/airflow/dags/airflow.py for tasks to queue
[2025-10-18T20:15:17.131+0000] {logging_mixin.py:137} INFO - [2025-10-18T20:15:17.131+0000] {dagbag.py:538} INFO - Filling up the DagBag from /opt/airflow/dags/airflow.py
[2025-10-18T20:15:17.458+0000] {processor.py:753} INFO - DAG(s) dict_keys(['iris_training_pipeline']) retrieved from /opt/airflow/dags/airflow.py
[2025-10-18T20:15:17.482+0000] {logging_mixin.py:137} INFO - [2025-10-18T20:15:17.482+0000] {dag.py:2690} INFO - Sync 1 DAGs
[2025-10-18T20:15:17.502+0000] {logging_mixin.py:137} INFO - [2025-10-18T20:15:17.502+0000] {dag.py:3441} INFO - Setting next_dagrun for iris_training_pipeline to None, run_after=None
[2025-10-18T20:15:17.515+0000] {processor.py:175} INFO - Processing /opt/airflow/dags/airflow.py took 0.392 seconds
[2025-10-18T20:15:47.730+0000] {processor.py:153} INFO - Started process (PID=925) to work on /opt/airflow/dags/airflow.py
[2025-10-18T20:15:47.733+0000] {processor.py:743} INFO - Processing file /opt/airflow/dags/airflow.py for tasks to queue
[2025-10-18T20:15:47.735+0000] {logging_mixin.py:137} INFO - [2025-10-18T20:15:47.734+0000] {dagbag.py:538} INFO - Filling up the DagBag from /opt/airflow/dags/airflow.py
[2025-10-18T20:15:48.049+0000] {processor.py:753} INFO - DAG(s) dict_keys(['iris_training_pipeline']) retrieved from /opt/airflow/dags/airflow.py
[2025-10-18T20:15:48.075+0000] {logging_mixin.py:137} INFO - [2025-10-18T20:15:48.075+0000] {dag.py:2690} INFO - Sync 1 DAGs
[2025-10-18T20:15:48.095+0000] {logging_mixin.py:137} INFO - [2025-10-18T20:15:48.095+0000] {dag.py:3441} INFO - Setting next_dagrun for iris_training_pipeline to None, run_after=None
[2025-10-18T20:15:48.110+0000] {processor.py:175} INFO - Processing /opt/airflow/dags/airflow.py took 0.384 seconds
[2025-10-18T20:16:18.313+0000] {processor.py:153} INFO - Started process (PID=980) to work on /opt/airflow/dags/airflow.py
[2025-10-18T20:16:18.316+0000] {processor.py:743} INFO - Processing file /opt/airflow/dags/airflow.py for tasks to queue
[2025-10-18T20:16:18.317+0000] {logging_mixin.py:137} INFO - [2025-10-18T20:16:18.317+0000] {dagbag.py:538} INFO - Filling up the DagBag from /opt/airflow/dags/airflow.py
[2025-10-18T20:16:18.542+0000] {processor.py:753} INFO - DAG(s) dict_keys(['iris_training_pipeline']) retrieved from /opt/airflow/dags/airflow.py
[2025-10-18T20:16:18.557+0000] {logging_mixin.py:137} INFO - [2025-10-18T20:16:18.556+0000] {dag.py:2690} INFO - Sync 1 DAGs
[2025-10-18T20:16:18.571+0000] {logging_mixin.py:137} INFO - [2025-10-18T20:16:18.571+0000] {dag.py:3441} INFO - Setting next_dagrun for iris_training_pipeline to None, run_after=None
[2025-10-18T20:16:18.580+0000] {processor.py:175} INFO - Processing /opt/airflow/dags/airflow.py took 0.271 seconds
[2025-10-18T20:16:48.776+0000] {processor.py:153} INFO - Started process (PID=1017) to work on /opt/airflow/dags/airflow.py
[2025-10-18T20:16:48.778+0000] {processor.py:743} INFO - Processing file /opt/airflow/dags/airflow.py for tasks to queue
[2025-10-18T20:16:48.779+0000] {logging_mixin.py:137} INFO - [2025-10-18T20:16:48.779+0000] {dagbag.py:538} INFO - Filling up the DagBag from /opt/airflow/dags/airflow.py
[2025-10-18T20:16:49.014+0000] {processor.py:753} INFO - DAG(s) dict_keys(['iris_training_pipeline']) retrieved from /opt/airflow/dags/airflow.py
[2025-10-18T20:16:49.034+0000] {logging_mixin.py:137} INFO - [2025-10-18T20:16:49.034+0000] {dag.py:2690} INFO - Sync 1 DAGs
[2025-10-18T20:16:49.053+0000] {logging_mixin.py:137} INFO - [2025-10-18T20:16:49.052+0000] {dag.py:3441} INFO - Setting next_dagrun for iris_training_pipeline to None, run_after=None
[2025-10-18T20:16:49.067+0000] {processor.py:175} INFO - Processing /opt/airflow/dags/airflow.py took 0.294 seconds
[2025-10-18T20:17:19.292+0000] {processor.py:153} INFO - Started process (PID=1072) to work on /opt/airflow/dags/airflow.py
[2025-10-18T20:17:19.293+0000] {processor.py:743} INFO - Processing file /opt/airflow/dags/airflow.py for tasks to queue
[2025-10-18T20:17:19.294+0000] {logging_mixin.py:137} INFO - [2025-10-18T20:17:19.294+0000] {dagbag.py:538} INFO - Filling up the DagBag from /opt/airflow/dags/airflow.py
[2025-10-18T20:17:19.565+0000] {processor.py:753} INFO - DAG(s) dict_keys(['iris_training_pipeline']) retrieved from /opt/airflow/dags/airflow.py
[2025-10-18T20:17:19.585+0000] {logging_mixin.py:137} INFO - [2025-10-18T20:17:19.585+0000] {dag.py:2690} INFO - Sync 1 DAGs
[2025-10-18T20:17:19.603+0000] {logging_mixin.py:137} INFO - [2025-10-18T20:17:19.603+0000] {dag.py:3441} INFO - Setting next_dagrun for iris_training_pipeline to None, run_after=None
[2025-10-18T20:17:19.616+0000] {processor.py:175} INFO - Processing /opt/airflow/dags/airflow.py took 0.330 seconds
[2025-10-18T20:17:49.798+0000] {processor.py:153} INFO - Started process (PID=1127) to work on /opt/airflow/dags/airflow.py
[2025-10-18T20:17:49.798+0000] {processor.py:743} INFO - Processing file /opt/airflow/dags/airflow.py for tasks to queue
[2025-10-18T20:17:49.799+0000] {logging_mixin.py:137} INFO - [2025-10-18T20:17:49.799+0000] {dagbag.py:538} INFO - Filling up the DagBag from /opt/airflow/dags/airflow.py
[2025-10-18T20:17:50.096+0000] {processor.py:753} INFO - DAG(s) dict_keys(['iris_training_pipeline']) retrieved from /opt/airflow/dags/airflow.py
[2025-10-18T20:17:50.118+0000] {logging_mixin.py:137} INFO - [2025-10-18T20:17:50.117+0000] {dag.py:2690} INFO - Sync 1 DAGs
[2025-10-18T20:17:50.134+0000] {logging_mixin.py:137} INFO - [2025-10-18T20:17:50.134+0000] {dag.py:3441} INFO - Setting next_dagrun for iris_training_pipeline to None, run_after=None
[2025-10-18T20:17:50.148+0000] {processor.py:175} INFO - Processing /opt/airflow/dags/airflow.py took 0.354 seconds
[2025-10-18T20:18:20.318+0000] {processor.py:153} INFO - Started process (PID=1164) to work on /opt/airflow/dags/airflow.py
[2025-10-18T20:18:20.319+0000] {processor.py:743} INFO - Processing file /opt/airflow/dags/airflow.py for tasks to queue
[2025-10-18T20:18:20.319+0000] {logging_mixin.py:137} INFO - [2025-10-18T20:18:20.319+0000] {dagbag.py:538} INFO - Filling up the DagBag from /opt/airflow/dags/airflow.py
[2025-10-18T20:18:20.568+0000] {processor.py:753} INFO - DAG(s) dict_keys(['iris_training_pipeline']) retrieved from /opt/airflow/dags/airflow.py
[2025-10-18T20:18:20.586+0000] {logging_mixin.py:137} INFO - [2025-10-18T20:18:20.586+0000] {dag.py:2690} INFO - Sync 1 DAGs
[2025-10-18T20:18:20.604+0000] {logging_mixin.py:137} INFO - [2025-10-18T20:18:20.603+0000] {dag.py:3441} INFO - Setting next_dagrun for iris_training_pipeline to None, run_after=None
[2025-10-18T20:18:20.618+0000] {processor.py:175} INFO - Processing /opt/airflow/dags/airflow.py took 0.304 seconds
[2025-10-18T20:18:50.813+0000] {processor.py:153} INFO - Started process (PID=1219) to work on /opt/airflow/dags/airflow.py
[2025-10-18T20:18:50.814+0000] {processor.py:743} INFO - Processing file /opt/airflow/dags/airflow.py for tasks to queue
[2025-10-18T20:18:50.815+0000] {logging_mixin.py:137} INFO - [2025-10-18T20:18:50.815+0000] {dagbag.py:538} INFO - Filling up the DagBag from /opt/airflow/dags/airflow.py
[2025-10-18T20:18:51.072+0000] {processor.py:753} INFO - DAG(s) dict_keys(['iris_training_pipeline']) retrieved from /opt/airflow/dags/airflow.py
[2025-10-18T20:18:51.089+0000] {logging_mixin.py:137} INFO - [2025-10-18T20:18:51.089+0000] {dag.py:2690} INFO - Sync 1 DAGs
[2025-10-18T20:18:51.105+0000] {logging_mixin.py:137} INFO - [2025-10-18T20:18:51.105+0000] {dag.py:3441} INFO - Setting next_dagrun for iris_training_pipeline to None, run_after=None
[2025-10-18T20:18:51.119+0000] {processor.py:175} INFO - Processing /opt/airflow/dags/airflow.py took 0.309 seconds
[2025-10-18T20:19:21.298+0000] {processor.py:153} INFO - Started process (PID=1274) to work on /opt/airflow/dags/airflow.py
[2025-10-18T20:19:21.299+0000] {processor.py:743} INFO - Processing file /opt/airflow/dags/airflow.py for tasks to queue
[2025-10-18T20:19:21.300+0000] {logging_mixin.py:137} INFO - [2025-10-18T20:19:21.300+0000] {dagbag.py:538} INFO - Filling up the DagBag from /opt/airflow/dags/airflow.py
[2025-10-18T20:19:21.503+0000] {processor.py:753} INFO - DAG(s) dict_keys(['iris_training_pipeline']) retrieved from /opt/airflow/dags/airflow.py
[2025-10-18T20:19:21.519+0000] {logging_mixin.py:137} INFO - [2025-10-18T20:19:21.519+0000] {dag.py:2690} INFO - Sync 1 DAGs
[2025-10-18T20:19:21.535+0000] {logging_mixin.py:137} INFO - [2025-10-18T20:19:21.535+0000] {dag.py:3441} INFO - Setting next_dagrun for iris_training_pipeline to None, run_after=None
[2025-10-18T20:19:21.545+0000] {processor.py:175} INFO - Processing /opt/airflow/dags/airflow.py took 0.249 seconds
[2025-10-18T20:19:51.770+0000] {processor.py:153} INFO - Started process (PID=1311) to work on /opt/airflow/dags/airflow.py
[2025-10-18T20:19:51.772+0000] {processor.py:743} INFO - Processing file /opt/airflow/dags/airflow.py for tasks to queue
[2025-10-18T20:19:51.773+0000] {logging_mixin.py:137} INFO - [2025-10-18T20:19:51.773+0000] {dagbag.py:538} INFO - Filling up the DagBag from /opt/airflow/dags/airflow.py
[2025-10-18T20:19:52.037+0000] {processor.py:753} INFO - DAG(s) dict_keys(['iris_training_pipeline']) retrieved from /opt/airflow/dags/airflow.py
[2025-10-18T20:19:52.053+0000] {logging_mixin.py:137} INFO - [2025-10-18T20:19:52.053+0000] {dag.py:2690} INFO - Sync 1 DAGs
[2025-10-18T20:19:52.068+0000] {logging_mixin.py:137} INFO - [2025-10-18T20:19:52.068+0000] {dag.py:3441} INFO - Setting next_dagrun for iris_training_pipeline to None, run_after=None
[2025-10-18T20:19:52.080+0000] {processor.py:175} INFO - Processing /opt/airflow/dags/airflow.py took 0.317 seconds
[2025-10-18T20:20:22.257+0000] {processor.py:153} INFO - Started process (PID=1366) to work on /opt/airflow/dags/airflow.py
[2025-10-18T20:20:22.258+0000] {processor.py:743} INFO - Processing file /opt/airflow/dags/airflow.py for tasks to queue
[2025-10-18T20:20:22.258+0000] {logging_mixin.py:137} INFO - [2025-10-18T20:20:22.258+0000] {dagbag.py:538} INFO - Filling up the DagBag from /opt/airflow/dags/airflow.py
[2025-10-18T20:20:22.439+0000] {processor.py:753} INFO - DAG(s) dict_keys(['iris_training_pipeline']) retrieved from /opt/airflow/dags/airflow.py
[2025-10-18T20:20:22.451+0000] {logging_mixin.py:137} INFO - [2025-10-18T20:20:22.451+0000] {dag.py:2690} INFO - Sync 1 DAGs
[2025-10-18T20:20:22.464+0000] {logging_mixin.py:137} INFO - [2025-10-18T20:20:22.464+0000] {dag.py:3441} INFO - Setting next_dagrun for iris_training_pipeline to None, run_after=None
[2025-10-18T20:20:22.473+0000] {processor.py:175} INFO - Processing /opt/airflow/dags/airflow.py took 0.221 seconds
[2025-10-18T20:20:52.660+0000] {processor.py:153} INFO - Started process (PID=1421) to work on /opt/airflow/dags/airflow.py
[2025-10-18T20:20:52.661+0000] {processor.py:743} INFO - Processing file /opt/airflow/dags/airflow.py for tasks to queue
[2025-10-18T20:20:52.662+0000] {logging_mixin.py:137} INFO - [2025-10-18T20:20:52.661+0000] {dagbag.py:538} INFO - Filling up the DagBag from /opt/airflow/dags/airflow.py
[2025-10-18T20:20:52.927+0000] {processor.py:753} INFO - DAG(s) dict_keys(['iris_training_pipeline']) retrieved from /opt/airflow/dags/airflow.py
[2025-10-18T20:20:52.946+0000] {logging_mixin.py:137} INFO - [2025-10-18T20:20:52.946+0000] {dag.py:2690} INFO - Sync 1 DAGs
[2025-10-18T20:20:52.963+0000] {logging_mixin.py:137} INFO - [2025-10-18T20:20:52.963+0000] {dag.py:3441} INFO - Setting next_dagrun for iris_training_pipeline to None, run_after=None
[2025-10-18T20:20:52.977+0000] {processor.py:175} INFO - Processing /opt/airflow/dags/airflow.py took 0.321 seconds
[2025-10-18T20:21:23.146+0000] {processor.py:153} INFO - Started process (PID=1458) to work on /opt/airflow/dags/airflow.py
[2025-10-18T20:21:23.149+0000] {processor.py:743} INFO - Processing file /opt/airflow/dags/airflow.py for tasks to queue
[2025-10-18T20:21:23.150+0000] {logging_mixin.py:137} INFO - [2025-10-18T20:21:23.149+0000] {dagbag.py:538} INFO - Filling up the DagBag from /opt/airflow/dags/airflow.py
[2025-10-18T20:21:23.414+0000] {processor.py:753} INFO - DAG(s) dict_keys(['iris_training_pipeline']) retrieved from /opt/airflow/dags/airflow.py
[2025-10-18T20:21:23.434+0000] {logging_mixin.py:137} INFO - [2025-10-18T20:21:23.434+0000] {dag.py:2690} INFO - Sync 1 DAGs
[2025-10-18T20:21:23.456+0000] {logging_mixin.py:137} INFO - [2025-10-18T20:21:23.455+0000] {dag.py:3441} INFO - Setting next_dagrun for iris_training_pipeline to None, run_after=None
[2025-10-18T20:21:23.469+0000] {processor.py:175} INFO - Processing /opt/airflow/dags/airflow.py took 0.327 seconds
[2025-10-18T20:21:53.746+0000] {processor.py:153} INFO - Started process (PID=1513) to work on /opt/airflow/dags/airflow.py
[2025-10-18T20:21:53.747+0000] {processor.py:743} INFO - Processing file /opt/airflow/dags/airflow.py for tasks to queue
[2025-10-18T20:21:53.747+0000] {logging_mixin.py:137} INFO - [2025-10-18T20:21:53.747+0000] {dagbag.py:538} INFO - Filling up the DagBag from /opt/airflow/dags/airflow.py
[2025-10-18T20:21:53.943+0000] {processor.py:753} INFO - DAG(s) dict_keys(['iris_training_pipeline']) retrieved from /opt/airflow/dags/airflow.py
[2025-10-18T20:21:53.956+0000] {logging_mixin.py:137} INFO - [2025-10-18T20:21:53.956+0000] {dag.py:2690} INFO - Sync 1 DAGs
[2025-10-18T20:21:53.969+0000] {logging_mixin.py:137} INFO - [2025-10-18T20:21:53.969+0000] {dag.py:3441} INFO - Setting next_dagrun for iris_training_pipeline to None, run_after=None
[2025-10-18T20:21:53.978+0000] {processor.py:175} INFO - Processing /opt/airflow/dags/airflow.py took 0.235 seconds
[2025-10-18T20:22:24.173+0000] {processor.py:153} INFO - Started process (PID=1568) to work on /opt/airflow/dags/airflow.py
[2025-10-18T20:22:24.173+0000] {processor.py:743} INFO - Processing file /opt/airflow/dags/airflow.py for tasks to queue
[2025-10-18T20:22:24.174+0000] {logging_mixin.py:137} INFO - [2025-10-18T20:22:24.174+0000] {dagbag.py:538} INFO - Filling up the DagBag from /opt/airflow/dags/airflow.py
[2025-10-18T20:22:24.386+0000] {processor.py:753} INFO - DAG(s) dict_keys(['iris_training_pipeline']) retrieved from /opt/airflow/dags/airflow.py
[2025-10-18T20:22:24.400+0000] {logging_mixin.py:137} INFO - [2025-10-18T20:22:24.399+0000] {dag.py:2690} INFO - Sync 1 DAGs
[2025-10-18T20:22:24.412+0000] {logging_mixin.py:137} INFO - [2025-10-18T20:22:24.412+0000] {dag.py:3441} INFO - Setting next_dagrun for iris_training_pipeline to None, run_after=None
[2025-10-18T20:22:24.423+0000] {processor.py:175} INFO - Processing /opt/airflow/dags/airflow.py took 0.252 seconds
[2025-10-18T20:22:54.551+0000] {processor.py:153} INFO - Started process (PID=1623) to work on /opt/airflow/dags/airflow.py
[2025-10-18T20:22:54.552+0000] {processor.py:743} INFO - Processing file /opt/airflow/dags/airflow.py for tasks to queue
[2025-10-18T20:22:54.553+0000] {logging_mixin.py:137} INFO - [2025-10-18T20:22:54.553+0000] {dagbag.py:538} INFO - Filling up the DagBag from /opt/airflow/dags/airflow.py
[2025-10-18T20:22:54.785+0000] {processor.py:753} INFO - DAG(s) dict_keys(['iris_training_pipeline']) retrieved from /opt/airflow/dags/airflow.py
[2025-10-18T20:22:54.802+0000] {logging_mixin.py:137} INFO - [2025-10-18T20:22:54.802+0000] {dag.py:2690} INFO - Sync 1 DAGs
[2025-10-18T20:22:54.817+0000] {logging_mixin.py:137} INFO - [2025-10-18T20:22:54.817+0000] {dag.py:3441} INFO - Setting next_dagrun for iris_training_pipeline to None, run_after=None
[2025-10-18T20:22:54.829+0000] {processor.py:175} INFO - Processing /opt/airflow/dags/airflow.py took 0.280 seconds
[2025-10-18T20:23:25.037+0000] {processor.py:153} INFO - Started process (PID=1660) to work on /opt/airflow/dags/airflow.py
[2025-10-18T20:23:25.038+0000] {processor.py:743} INFO - Processing file /opt/airflow/dags/airflow.py for tasks to queue
[2025-10-18T20:23:25.039+0000] {logging_mixin.py:137} INFO - [2025-10-18T20:23:25.039+0000] {dagbag.py:538} INFO - Filling up the DagBag from /opt/airflow/dags/airflow.py
[2025-10-18T20:23:25.215+0000] {processor.py:753} INFO - DAG(s) dict_keys(['iris_training_pipeline']) retrieved from /opt/airflow/dags/airflow.py
[2025-10-18T20:23:25.227+0000] {logging_mixin.py:137} INFO - [2025-10-18T20:23:25.227+0000] {dag.py:2690} INFO - Sync 1 DAGs
[2025-10-18T20:23:25.238+0000] {logging_mixin.py:137} INFO - [2025-10-18T20:23:25.238+0000] {dag.py:3441} INFO - Setting next_dagrun for iris_training_pipeline to None, run_after=None
[2025-10-18T20:23:25.247+0000] {processor.py:175} INFO - Processing /opt/airflow/dags/airflow.py took 0.215 seconds
[2025-10-18T20:23:55.452+0000] {processor.py:153} INFO - Started process (PID=1715) to work on /opt/airflow/dags/airflow.py
[2025-10-18T20:23:55.453+0000] {processor.py:743} INFO - Processing file /opt/airflow/dags/airflow.py for tasks to queue
[2025-10-18T20:23:55.454+0000] {logging_mixin.py:137} INFO - [2025-10-18T20:23:55.453+0000] {dagbag.py:538} INFO - Filling up the DagBag from /opt/airflow/dags/airflow.py
[2025-10-18T20:23:55.678+0000] {processor.py:753} INFO - DAG(s) dict_keys(['iris_training_pipeline']) retrieved from /opt/airflow/dags/airflow.py
[2025-10-18T20:23:55.692+0000] {logging_mixin.py:137} INFO - [2025-10-18T20:23:55.692+0000] {dag.py:2690} INFO - Sync 1 DAGs
[2025-10-18T20:23:55.707+0000] {logging_mixin.py:137} INFO - [2025-10-18T20:23:55.707+0000] {dag.py:3441} INFO - Setting next_dagrun for iris_training_pipeline to None, run_after=None
[2025-10-18T20:23:55.717+0000] {processor.py:175} INFO - Processing /opt/airflow/dags/airflow.py took 0.269 seconds
[2025-10-18T20:24:25.901+0000] {processor.py:153} INFO - Started process (PID=1770) to work on /opt/airflow/dags/airflow.py
[2025-10-18T20:24:25.902+0000] {processor.py:743} INFO - Processing file /opt/airflow/dags/airflow.py for tasks to queue
[2025-10-18T20:24:25.902+0000] {logging_mixin.py:137} INFO - [2025-10-18T20:24:25.902+0000] {dagbag.py:538} INFO - Filling up the DagBag from /opt/airflow/dags/airflow.py
[2025-10-18T20:24:26.065+0000] {processor.py:753} INFO - DAG(s) dict_keys(['iris_training_pipeline']) retrieved from /opt/airflow/dags/airflow.py
[2025-10-18T20:24:26.077+0000] {logging_mixin.py:137} INFO - [2025-10-18T20:24:26.077+0000] {dag.py:2690} INFO - Sync 1 DAGs
[2025-10-18T20:24:26.090+0000] {logging_mixin.py:137} INFO - [2025-10-18T20:24:26.089+0000] {dag.py:3441} INFO - Setting next_dagrun for iris_training_pipeline to None, run_after=None
[2025-10-18T20:24:26.099+0000] {processor.py:175} INFO - Processing /opt/airflow/dags/airflow.py took 0.199 seconds
[2025-10-18T20:24:56.128+0000] {processor.py:153} INFO - Started process (PID=1807) to work on /opt/airflow/dags/airflow.py
[2025-10-18T20:24:56.129+0000] {processor.py:743} INFO - Processing file /opt/airflow/dags/airflow.py for tasks to queue
[2025-10-18T20:24:56.130+0000] {logging_mixin.py:137} INFO - [2025-10-18T20:24:56.129+0000] {dagbag.py:538} INFO - Filling up the DagBag from /opt/airflow/dags/airflow.py
[2025-10-18T20:24:56.300+0000] {processor.py:753} INFO - DAG(s) dict_keys(['iris_training_pipeline']) retrieved from /opt/airflow/dags/airflow.py
[2025-10-18T20:24:56.311+0000] {logging_mixin.py:137} INFO - [2025-10-18T20:24:56.311+0000] {dag.py:2690} INFO - Sync 1 DAGs
[2025-10-18T20:24:56.322+0000] {logging_mixin.py:137} INFO - [2025-10-18T20:24:56.322+0000] {dag.py:3441} INFO - Setting next_dagrun for iris_training_pipeline to None, run_after=None
[2025-10-18T20:24:56.331+0000] {processor.py:175} INFO - Processing /opt/airflow/dags/airflow.py took 0.208 seconds
[2025-10-18T20:25:26.505+0000] {processor.py:153} INFO - Started process (PID=1862) to work on /opt/airflow/dags/airflow.py
[2025-10-18T20:25:26.506+0000] {processor.py:743} INFO - Processing file /opt/airflow/dags/airflow.py for tasks to queue
[2025-10-18T20:25:26.506+0000] {logging_mixin.py:137} INFO - [2025-10-18T20:25:26.506+0000] {dagbag.py:538} INFO - Filling up the DagBag from /opt/airflow/dags/airflow.py
[2025-10-18T20:25:26.669+0000] {processor.py:753} INFO - DAG(s) dict_keys(['iris_training_pipeline']) retrieved from /opt/airflow/dags/airflow.py
[2025-10-18T20:25:26.680+0000] {logging_mixin.py:137} INFO - [2025-10-18T20:25:26.680+0000] {dag.py:2690} INFO - Sync 1 DAGs
[2025-10-18T20:25:26.691+0000] {logging_mixin.py:137} INFO - [2025-10-18T20:25:26.691+0000] {dag.py:3441} INFO - Setting next_dagrun for iris_training_pipeline to None, run_after=None
[2025-10-18T20:25:26.700+0000] {processor.py:175} INFO - Processing /opt/airflow/dags/airflow.py took 0.199 seconds
[2025-10-18T20:25:56.759+0000] {processor.py:153} INFO - Started process (PID=1917) to work on /opt/airflow/dags/airflow.py
[2025-10-18T20:25:56.760+0000] {processor.py:743} INFO - Processing file /opt/airflow/dags/airflow.py for tasks to queue
[2025-10-18T20:25:56.760+0000] {logging_mixin.py:137} INFO - [2025-10-18T20:25:56.760+0000] {dagbag.py:538} INFO - Filling up the DagBag from /opt/airflow/dags/airflow.py
[2025-10-18T20:25:56.958+0000] {processor.py:753} INFO - DAG(s) dict_keys(['iris_training_pipeline']) retrieved from /opt/airflow/dags/airflow.py
[2025-10-18T20:25:56.970+0000] {logging_mixin.py:137} INFO - [2025-10-18T20:25:56.969+0000] {dag.py:2690} INFO - Sync 1 DAGs
[2025-10-18T20:25:56.982+0000] {logging_mixin.py:137} INFO - [2025-10-18T20:25:56.982+0000] {dag.py:3441} INFO - Setting next_dagrun for iris_training_pipeline to None, run_after=None
[2025-10-18T20:25:56.991+0000] {processor.py:175} INFO - Processing /opt/airflow/dags/airflow.py took 0.234 seconds
[2025-10-18T20:26:27.142+0000] {processor.py:153} INFO - Started process (PID=1954) to work on /opt/airflow/dags/airflow.py
[2025-10-18T20:26:27.143+0000] {processor.py:743} INFO - Processing file /opt/airflow/dags/airflow.py for tasks to queue
[2025-10-18T20:26:27.143+0000] {logging_mixin.py:137} INFO - [2025-10-18T20:26:27.143+0000] {dagbag.py:538} INFO - Filling up the DagBag from /opt/airflow/dags/airflow.py
[2025-10-18T20:26:27.338+0000] {processor.py:753} INFO - DAG(s) dict_keys(['iris_training_pipeline']) retrieved from /opt/airflow/dags/airflow.py
[2025-10-18T20:26:27.352+0000] {logging_mixin.py:137} INFO - [2025-10-18T20:26:27.352+0000] {dag.py:2690} INFO - Sync 1 DAGs
[2025-10-18T20:26:27.369+0000] {logging_mixin.py:137} INFO - [2025-10-18T20:26:27.369+0000] {dag.py:3441} INFO - Setting next_dagrun for iris_training_pipeline to None, run_after=None
[2025-10-18T20:26:27.379+0000] {processor.py:175} INFO - Processing /opt/airflow/dags/airflow.py took 0.240 seconds
[2025-10-18T20:26:57.427+0000] {processor.py:153} INFO - Started process (PID=2008) to work on /opt/airflow/dags/airflow.py
[2025-10-18T20:26:57.428+0000] {processor.py:743} INFO - Processing file /opt/airflow/dags/airflow.py for tasks to queue
[2025-10-18T20:26:57.429+0000] {logging_mixin.py:137} INFO - [2025-10-18T20:26:57.429+0000] {dagbag.py:538} INFO - Filling up the DagBag from /opt/airflow/dags/airflow.py
[2025-10-18T20:26:57.603+0000] {processor.py:753} INFO - DAG(s) dict_keys(['iris_training_pipeline']) retrieved from /opt/airflow/dags/airflow.py
[2025-10-18T20:26:57.614+0000] {logging_mixin.py:137} INFO - [2025-10-18T20:26:57.614+0000] {dag.py:2690} INFO - Sync 1 DAGs
[2025-10-18T20:26:57.626+0000] {logging_mixin.py:137} INFO - [2025-10-18T20:26:57.626+0000] {dag.py:3441} INFO - Setting next_dagrun for iris_training_pipeline to None, run_after=None
[2025-10-18T20:26:57.634+0000] {processor.py:175} INFO - Processing /opt/airflow/dags/airflow.py took 0.212 seconds
[2025-10-18T20:27:27.799+0000] {processor.py:153} INFO - Started process (PID=2062) to work on /opt/airflow/dags/airflow.py
[2025-10-18T20:27:27.800+0000] {processor.py:743} INFO - Processing file /opt/airflow/dags/airflow.py for tasks to queue
[2025-10-18T20:27:27.800+0000] {logging_mixin.py:137} INFO - [2025-10-18T20:27:27.800+0000] {dagbag.py:538} INFO - Filling up the DagBag from /opt/airflow/dags/airflow.py
[2025-10-18T20:27:28.012+0000] {processor.py:753} INFO - DAG(s) dict_keys(['iris_training_pipeline']) retrieved from /opt/airflow/dags/airflow.py
[2025-10-18T20:27:28.026+0000] {logging_mixin.py:137} INFO - [2025-10-18T20:27:28.026+0000] {dag.py:2690} INFO - Sync 1 DAGs
[2025-10-18T20:27:28.039+0000] {logging_mixin.py:137} INFO - [2025-10-18T20:27:28.039+0000] {dag.py:3441} INFO - Setting next_dagrun for iris_training_pipeline to None, run_after=None
[2025-10-18T20:27:28.049+0000] {processor.py:175} INFO - Processing /opt/airflow/dags/airflow.py took 0.253 seconds
[2025-10-18T20:27:58.280+0000] {processor.py:153} INFO - Started process (PID=2108) to work on /opt/airflow/dags/airflow.py
[2025-10-18T20:27:58.281+0000] {processor.py:743} INFO - Processing file /opt/airflow/dags/airflow.py for tasks to queue
[2025-10-18T20:27:58.282+0000] {logging_mixin.py:137} INFO - [2025-10-18T20:27:58.282+0000] {dagbag.py:538} INFO - Filling up the DagBag from /opt/airflow/dags/airflow.py
[2025-10-18T20:27:58.555+0000] {processor.py:753} INFO - DAG(s) dict_keys(['iris_training_pipeline']) retrieved from /opt/airflow/dags/airflow.py
[2025-10-18T20:27:58.578+0000] {logging_mixin.py:137} INFO - [2025-10-18T20:27:58.578+0000] {dag.py:2690} INFO - Sync 1 DAGs
[2025-10-18T20:27:58.599+0000] {logging_mixin.py:137} INFO - [2025-10-18T20:27:58.599+0000] {dag.py:3441} INFO - Setting next_dagrun for iris_training_pipeline to None, run_after=None
[2025-10-18T20:27:58.612+0000] {processor.py:175} INFO - Processing /opt/airflow/dags/airflow.py took 0.334 seconds
[2025-10-18T20:28:28.831+0000] {processor.py:153} INFO - Started process (PID=2154) to work on /opt/airflow/dags/airflow.py
[2025-10-18T20:28:28.833+0000] {processor.py:743} INFO - Processing file /opt/airflow/dags/airflow.py for tasks to queue
[2025-10-18T20:28:28.833+0000] {logging_mixin.py:137} INFO - [2025-10-18T20:28:28.833+0000] {dagbag.py:538} INFO - Filling up the DagBag from /opt/airflow/dags/airflow.py
[2025-10-18T20:28:29.009+0000] {processor.py:753} INFO - DAG(s) dict_keys(['iris_training_pipeline']) retrieved from /opt/airflow/dags/airflow.py
[2025-10-18T20:28:29.021+0000] {logging_mixin.py:137} INFO - [2025-10-18T20:28:29.021+0000] {dag.py:2690} INFO - Sync 1 DAGs
[2025-10-18T20:28:29.033+0000] {logging_mixin.py:137} INFO - [2025-10-18T20:28:29.033+0000] {dag.py:3441} INFO - Setting next_dagrun for iris_training_pipeline to None, run_after=None
[2025-10-18T20:28:29.041+0000] {processor.py:175} INFO - Processing /opt/airflow/dags/airflow.py took 0.214 seconds
[2025-10-18T20:28:59.084+0000] {processor.py:153} INFO - Started process (PID=2209) to work on /opt/airflow/dags/airflow.py
[2025-10-18T20:28:59.085+0000] {processor.py:743} INFO - Processing file /opt/airflow/dags/airflow.py for tasks to queue
[2025-10-18T20:28:59.086+0000] {logging_mixin.py:137} INFO - [2025-10-18T20:28:59.086+0000] {dagbag.py:538} INFO - Filling up the DagBag from /opt/airflow/dags/airflow.py
[2025-10-18T20:28:59.259+0000] {processor.py:753} INFO - DAG(s) dict_keys(['iris_training_pipeline']) retrieved from /opt/airflow/dags/airflow.py
[2025-10-18T20:28:59.270+0000] {logging_mixin.py:137} INFO - [2025-10-18T20:28:59.270+0000] {dag.py:2690} INFO - Sync 1 DAGs
[2025-10-18T20:28:59.282+0000] {logging_mixin.py:137} INFO - [2025-10-18T20:28:59.282+0000] {dag.py:3441} INFO - Setting next_dagrun for iris_training_pipeline to None, run_after=None
[2025-10-18T20:28:59.290+0000] {processor.py:175} INFO - Processing /opt/airflow/dags/airflow.py took 0.211 seconds
[2025-10-18T20:29:29.495+0000] {processor.py:153} INFO - Started process (PID=2264) to work on /opt/airflow/dags/airflow.py
[2025-10-18T20:29:29.496+0000] {processor.py:743} INFO - Processing file /opt/airflow/dags/airflow.py for tasks to queue
[2025-10-18T20:29:29.497+0000] {logging_mixin.py:137} INFO - [2025-10-18T20:29:29.497+0000] {dagbag.py:538} INFO - Filling up the DagBag from /opt/airflow/dags/airflow.py
[2025-10-18T20:29:29.667+0000] {processor.py:753} INFO - DAG(s) dict_keys(['iris_training_pipeline']) retrieved from /opt/airflow/dags/airflow.py
[2025-10-18T20:29:29.678+0000] {logging_mixin.py:137} INFO - [2025-10-18T20:29:29.678+0000] {dag.py:2690} INFO - Sync 1 DAGs
[2025-10-18T20:29:29.691+0000] {logging_mixin.py:137} INFO - [2025-10-18T20:29:29.691+0000] {dag.py:3441} INFO - Setting next_dagrun for iris_training_pipeline to None, run_after=None
[2025-10-18T20:29:29.699+0000] {processor.py:175} INFO - Processing /opt/airflow/dags/airflow.py took 0.209 seconds
[2025-10-18T20:29:59.753+0000] {processor.py:153} INFO - Started process (PID=2301) to work on /opt/airflow/dags/airflow.py
[2025-10-18T20:29:59.754+0000] {processor.py:743} INFO - Processing file /opt/airflow/dags/airflow.py for tasks to queue
[2025-10-18T20:29:59.755+0000] {logging_mixin.py:137} INFO - [2025-10-18T20:29:59.755+0000] {dagbag.py:538} INFO - Filling up the DagBag from /opt/airflow/dags/airflow.py
[2025-10-18T20:29:59.958+0000] {processor.py:753} INFO - DAG(s) dict_keys(['iris_training_pipeline']) retrieved from /opt/airflow/dags/airflow.py
[2025-10-18T20:29:59.970+0000] {logging_mixin.py:137} INFO - [2025-10-18T20:29:59.970+0000] {dag.py:2690} INFO - Sync 1 DAGs
[2025-10-18T20:29:59.984+0000] {logging_mixin.py:137} INFO - [2025-10-18T20:29:59.984+0000] {dag.py:3441} INFO - Setting next_dagrun for iris_training_pipeline to None, run_after=None
[2025-10-18T20:29:59.993+0000] {processor.py:175} INFO - Processing /opt/airflow/dags/airflow.py took 0.246 seconds
[2025-10-18T20:30:30.141+0000] {processor.py:153} INFO - Started process (PID=2356) to work on /opt/airflow/dags/airflow.py
[2025-10-18T20:30:30.142+0000] {processor.py:743} INFO - Processing file /opt/airflow/dags/airflow.py for tasks to queue
[2025-10-18T20:30:30.143+0000] {logging_mixin.py:137} INFO - [2025-10-18T20:30:30.142+0000] {dagbag.py:538} INFO - Filling up the DagBag from /opt/airflow/dags/airflow.py
[2025-10-18T20:30:30.315+0000] {processor.py:753} INFO - DAG(s) dict_keys(['iris_training_pipeline']) retrieved from /opt/airflow/dags/airflow.py
[2025-10-18T20:30:30.327+0000] {logging_mixin.py:137} INFO - [2025-10-18T20:30:30.327+0000] {dag.py:2690} INFO - Sync 1 DAGs
[2025-10-18T20:30:30.338+0000] {logging_mixin.py:137} INFO - [2025-10-18T20:30:30.338+0000] {dag.py:3441} INFO - Setting next_dagrun for iris_training_pipeline to None, run_after=None
[2025-10-18T20:30:30.347+0000] {processor.py:175} INFO - Processing /opt/airflow/dags/airflow.py took 0.210 seconds
[2025-10-18T20:31:00.391+0000] {processor.py:153} INFO - Started process (PID=2411) to work on /opt/airflow/dags/airflow.py
[2025-10-18T20:31:00.393+0000] {processor.py:743} INFO - Processing file /opt/airflow/dags/airflow.py for tasks to queue
[2025-10-18T20:31:00.393+0000] {logging_mixin.py:137} INFO - [2025-10-18T20:31:00.393+0000] {dagbag.py:538} INFO - Filling up the DagBag from /opt/airflow/dags/airflow.py
[2025-10-18T20:31:00.573+0000] {processor.py:753} INFO - DAG(s) dict_keys(['iris_training_pipeline']) retrieved from /opt/airflow/dags/airflow.py
[2025-10-18T20:31:00.586+0000] {logging_mixin.py:137} INFO - [2025-10-18T20:31:00.586+0000] {dag.py:2690} INFO - Sync 1 DAGs
[2025-10-18T20:31:00.599+0000] {logging_mixin.py:137} INFO - [2025-10-18T20:31:00.599+0000] {dag.py:3441} INFO - Setting next_dagrun for iris_training_pipeline to None, run_after=None
[2025-10-18T20:31:00.608+0000] {processor.py:175} INFO - Processing /opt/airflow/dags/airflow.py took 0.221 seconds
[2025-10-18T20:31:30.671+0000] {processor.py:153} INFO - Started process (PID=2448) to work on /opt/airflow/dags/airflow.py
[2025-10-18T20:31:30.672+0000] {processor.py:743} INFO - Processing file /opt/airflow/dags/airflow.py for tasks to queue
[2025-10-18T20:31:30.673+0000] {logging_mixin.py:137} INFO - [2025-10-18T20:31:30.673+0000] {dagbag.py:538} INFO - Filling up the DagBag from /opt/airflow/dags/airflow.py
[2025-10-18T20:31:30.861+0000] {processor.py:753} INFO - DAG(s) dict_keys(['iris_training_pipeline']) retrieved from /opt/airflow/dags/airflow.py
[2025-10-18T20:31:30.873+0000] {logging_mixin.py:137} INFO - [2025-10-18T20:31:30.873+0000] {dag.py:2690} INFO - Sync 1 DAGs
[2025-10-18T20:31:30.885+0000] {logging_mixin.py:137} INFO - [2025-10-18T20:31:30.885+0000] {dag.py:3441} INFO - Setting next_dagrun for iris_training_pipeline to None, run_after=None
[2025-10-18T20:31:30.893+0000] {processor.py:175} INFO - Processing /opt/airflow/dags/airflow.py took 0.228 seconds
[2025-10-18T20:32:01.090+0000] {processor.py:153} INFO - Started process (PID=2503) to work on /opt/airflow/dags/airflow.py
[2025-10-18T20:32:01.093+0000] {processor.py:743} INFO - Processing file /opt/airflow/dags/airflow.py for tasks to queue
[2025-10-18T20:32:01.093+0000] {logging_mixin.py:137} INFO - [2025-10-18T20:32:01.093+0000] {dagbag.py:538} INFO - Filling up the DagBag from /opt/airflow/dags/airflow.py
[2025-10-18T20:32:01.321+0000] {processor.py:753} INFO - DAG(s) dict_keys(['iris_training_pipeline']) retrieved from /opt/airflow/dags/airflow.py
[2025-10-18T20:32:01.337+0000] {logging_mixin.py:137} INFO - [2025-10-18T20:32:01.337+0000] {dag.py:2690} INFO - Sync 1 DAGs
[2025-10-18T20:32:01.352+0000] {logging_mixin.py:137} INFO - [2025-10-18T20:32:01.352+0000] {dag.py:3441} INFO - Setting next_dagrun for iris_training_pipeline to None, run_after=None
[2025-10-18T20:32:01.361+0000] {processor.py:175} INFO - Processing /opt/airflow/dags/airflow.py took 0.293 seconds
[2025-10-18T20:32:31.533+0000] {processor.py:153} INFO - Started process (PID=2558) to work on /opt/airflow/dags/airflow.py
[2025-10-18T20:32:31.534+0000] {processor.py:743} INFO - Processing file /opt/airflow/dags/airflow.py for tasks to queue
[2025-10-18T20:32:31.535+0000] {logging_mixin.py:137} INFO - [2025-10-18T20:32:31.535+0000] {dagbag.py:538} INFO - Filling up the DagBag from /opt/airflow/dags/airflow.py
[2025-10-18T20:32:31.703+0000] {processor.py:753} INFO - DAG(s) dict_keys(['iris_training_pipeline']) retrieved from /opt/airflow/dags/airflow.py
[2025-10-18T20:32:31.715+0000] {logging_mixin.py:137} INFO - [2025-10-18T20:32:31.715+0000] {dag.py:2690} INFO - Sync 1 DAGs
[2025-10-18T20:32:31.727+0000] {logging_mixin.py:137} INFO - [2025-10-18T20:32:31.727+0000] {dag.py:3441} INFO - Setting next_dagrun for iris_training_pipeline to None, run_after=None
[2025-10-18T20:32:31.736+0000] {processor.py:175} INFO - Processing /opt/airflow/dags/airflow.py took 0.208 seconds
[2025-10-18T20:33:01.901+0000] {processor.py:153} INFO - Started process (PID=2604) to work on /opt/airflow/dags/airflow.py
[2025-10-18T20:33:01.901+0000] {processor.py:743} INFO - Processing file /opt/airflow/dags/airflow.py for tasks to queue
[2025-10-18T20:33:01.902+0000] {logging_mixin.py:137} INFO - [2025-10-18T20:33:01.902+0000] {dagbag.py:538} INFO - Filling up the DagBag from /opt/airflow/dags/airflow.py
[2025-10-18T20:33:02.126+0000] {processor.py:753} INFO - DAG(s) dict_keys(['iris_training_pipeline']) retrieved from /opt/airflow/dags/airflow.py
[2025-10-18T20:33:02.140+0000] {logging_mixin.py:137} INFO - [2025-10-18T20:33:02.140+0000] {dag.py:2690} INFO - Sync 1 DAGs
[2025-10-18T20:33:02.155+0000] {logging_mixin.py:137} INFO - [2025-10-18T20:33:02.155+0000] {dag.py:3441} INFO - Setting next_dagrun for iris_training_pipeline to None, run_after=None
[2025-10-18T20:33:02.165+0000] {processor.py:175} INFO - Processing /opt/airflow/dags/airflow.py took 0.266 seconds
[2025-10-18T20:33:32.380+0000] {processor.py:153} INFO - Started process (PID=2650) to work on /opt/airflow/dags/airflow.py
[2025-10-18T20:33:32.381+0000] {processor.py:743} INFO - Processing file /opt/airflow/dags/airflow.py for tasks to queue
[2025-10-18T20:33:32.382+0000] {logging_mixin.py:137} INFO - [2025-10-18T20:33:32.381+0000] {dagbag.py:538} INFO - Filling up the DagBag from /opt/airflow/dags/airflow.py
[2025-10-18T20:33:32.550+0000] {processor.py:753} INFO - DAG(s) dict_keys(['iris_training_pipeline']) retrieved from /opt/airflow/dags/airflow.py
[2025-10-18T20:33:32.562+0000] {logging_mixin.py:137} INFO - [2025-10-18T20:33:32.561+0000] {dag.py:2690} INFO - Sync 1 DAGs
[2025-10-18T20:33:32.573+0000] {logging_mixin.py:137} INFO - [2025-10-18T20:33:32.573+0000] {dag.py:3441} INFO - Setting next_dagrun for iris_training_pipeline to None, run_after=None
[2025-10-18T20:33:32.581+0000] {processor.py:175} INFO - Processing /opt/airflow/dags/airflow.py took 0.206 seconds
[2025-10-18T20:34:02.783+0000] {processor.py:153} INFO - Started process (PID=2705) to work on /opt/airflow/dags/airflow.py
[2025-10-18T20:34:02.785+0000] {processor.py:743} INFO - Processing file /opt/airflow/dags/airflow.py for tasks to queue
[2025-10-18T20:34:02.785+0000] {logging_mixin.py:137} INFO - [2025-10-18T20:34:02.785+0000] {dagbag.py:538} INFO - Filling up the DagBag from /opt/airflow/dags/airflow.py
[2025-10-18T20:34:03.021+0000] {processor.py:753} INFO - DAG(s) dict_keys(['iris_training_pipeline']) retrieved from /opt/airflow/dags/airflow.py
[2025-10-18T20:34:03.038+0000] {logging_mixin.py:137} INFO - [2025-10-18T20:34:03.038+0000] {dag.py:2690} INFO - Sync 1 DAGs
[2025-10-18T20:34:03.053+0000] {logging_mixin.py:137} INFO - [2025-10-18T20:34:03.053+0000] {dag.py:3441} INFO - Setting next_dagrun for iris_training_pipeline to None, run_after=None
[2025-10-18T20:34:03.065+0000] {processor.py:175} INFO - Processing /opt/airflow/dags/airflow.py took 0.286 seconds
[2025-10-18T20:34:33.241+0000] {processor.py:153} INFO - Started process (PID=2760) to work on /opt/airflow/dags/airflow.py
[2025-10-18T20:34:33.242+0000] {processor.py:743} INFO - Processing file /opt/airflow/dags/airflow.py for tasks to queue
[2025-10-18T20:34:33.243+0000] {logging_mixin.py:137} INFO - [2025-10-18T20:34:33.243+0000] {dagbag.py:538} INFO - Filling up the DagBag from /opt/airflow/dags/airflow.py
[2025-10-18T20:34:33.437+0000] {processor.py:753} INFO - DAG(s) dict_keys(['iris_training_pipeline']) retrieved from /opt/airflow/dags/airflow.py
[2025-10-18T20:34:33.451+0000] {logging_mixin.py:137} INFO - [2025-10-18T20:34:33.451+0000] {dag.py:2690} INFO - Sync 1 DAGs
[2025-10-18T20:34:33.463+0000] {logging_mixin.py:137} INFO - [2025-10-18T20:34:33.462+0000] {dag.py:3441} INFO - Setting next_dagrun for iris_training_pipeline to None, run_after=None
[2025-10-18T20:34:33.472+0000] {processor.py:175} INFO - Processing /opt/airflow/dags/airflow.py took 0.234 seconds
[2025-10-18T20:35:03.673+0000] {processor.py:153} INFO - Started process (PID=2797) to work on /opt/airflow/dags/airflow.py
[2025-10-18T20:35:03.675+0000] {processor.py:743} INFO - Processing file /opt/airflow/dags/airflow.py for tasks to queue
[2025-10-18T20:35:03.675+0000] {logging_mixin.py:137} INFO - [2025-10-18T20:35:03.675+0000] {dagbag.py:538} INFO - Filling up the DagBag from /opt/airflow/dags/airflow.py
[2025-10-18T20:35:03.918+0000] {processor.py:753} INFO - DAG(s) dict_keys(['iris_training_pipeline']) retrieved from /opt/airflow/dags/airflow.py
[2025-10-18T20:35:03.941+0000] {logging_mixin.py:137} INFO - [2025-10-18T20:35:03.941+0000] {dag.py:2690} INFO - Sync 1 DAGs
[2025-10-18T20:35:03.955+0000] {logging_mixin.py:137} INFO - [2025-10-18T20:35:03.955+0000] {dag.py:3441} INFO - Setting next_dagrun for iris_training_pipeline to None, run_after=None
[2025-10-18T20:35:03.966+0000] {processor.py:175} INFO - Processing /opt/airflow/dags/airflow.py took 0.297 seconds
[2025-10-18T20:35:34.185+0000] {processor.py:153} INFO - Started process (PID=2852) to work on /opt/airflow/dags/airflow.py
[2025-10-18T20:35:34.188+0000] {processor.py:743} INFO - Processing file /opt/airflow/dags/airflow.py for tasks to queue
[2025-10-18T20:35:34.189+0000] {logging_mixin.py:137} INFO - [2025-10-18T20:35:34.189+0000] {dagbag.py:538} INFO - Filling up the DagBag from /opt/airflow/dags/airflow.py
[2025-10-18T20:35:34.423+0000] {processor.py:753} INFO - DAG(s) dict_keys(['iris_training_pipeline']) retrieved from /opt/airflow/dags/airflow.py
[2025-10-18T20:35:34.443+0000] {logging_mixin.py:137} INFO - [2025-10-18T20:35:34.442+0000] {dag.py:2690} INFO - Sync 1 DAGs
[2025-10-18T20:35:34.457+0000] {logging_mixin.py:137} INFO - [2025-10-18T20:35:34.457+0000] {dag.py:3441} INFO - Setting next_dagrun for iris_training_pipeline to None, run_after=None
[2025-10-18T20:35:34.467+0000] {processor.py:175} INFO - Processing /opt/airflow/dags/airflow.py took 0.290 seconds
[2025-10-18T20:36:04.641+0000] {processor.py:153} INFO - Started process (PID=2907) to work on /opt/airflow/dags/airflow.py
[2025-10-18T20:36:04.642+0000] {processor.py:743} INFO - Processing file /opt/airflow/dags/airflow.py for tasks to queue
[2025-10-18T20:36:04.642+0000] {logging_mixin.py:137} INFO - [2025-10-18T20:36:04.642+0000] {dagbag.py:538} INFO - Filling up the DagBag from /opt/airflow/dags/airflow.py
[2025-10-18T20:36:04.864+0000] {processor.py:753} INFO - DAG(s) dict_keys(['iris_training_pipeline']) retrieved from /opt/airflow/dags/airflow.py
[2025-10-18T20:36:04.880+0000] {logging_mixin.py:137} INFO - [2025-10-18T20:36:04.880+0000] {dag.py:2690} INFO - Sync 1 DAGs
[2025-10-18T20:36:04.897+0000] {logging_mixin.py:137} INFO - [2025-10-18T20:36:04.896+0000] {dag.py:3441} INFO - Setting next_dagrun for iris_training_pipeline to None, run_after=None
[2025-10-18T20:36:04.908+0000] {processor.py:175} INFO - Processing /opt/airflow/dags/airflow.py took 0.270 seconds
[2025-10-18T20:36:35.131+0000] {processor.py:153} INFO - Started process (PID=2944) to work on /opt/airflow/dags/airflow.py
[2025-10-18T20:36:35.133+0000] {processor.py:743} INFO - Processing file /opt/airflow/dags/airflow.py for tasks to queue
[2025-10-18T20:36:35.134+0000] {logging_mixin.py:137} INFO - [2025-10-18T20:36:35.134+0000] {dagbag.py:538} INFO - Filling up the DagBag from /opt/airflow/dags/airflow.py
[2025-10-18T20:36:35.332+0000] {processor.py:753} INFO - DAG(s) dict_keys(['iris_training_pipeline']) retrieved from /opt/airflow/dags/airflow.py
[2025-10-18T20:36:35.346+0000] {logging_mixin.py:137} INFO - [2025-10-18T20:36:35.346+0000] {dag.py:2690} INFO - Sync 1 DAGs
[2025-10-18T20:36:35.358+0000] {logging_mixin.py:137} INFO - [2025-10-18T20:36:35.358+0000] {dag.py:3441} INFO - Setting next_dagrun for iris_training_pipeline to None, run_after=None
[2025-10-18T20:36:35.367+0000] {processor.py:175} INFO - Processing /opt/airflow/dags/airflow.py took 0.240 seconds
[2025-10-18T20:37:05.406+0000] {processor.py:153} INFO - Started process (PID=2999) to work on /opt/airflow/dags/airflow.py
[2025-10-18T20:37:05.409+0000] {processor.py:743} INFO - Processing file /opt/airflow/dags/airflow.py for tasks to queue
[2025-10-18T20:37:05.410+0000] {logging_mixin.py:137} INFO - [2025-10-18T20:37:05.409+0000] {dagbag.py:538} INFO - Filling up the DagBag from /opt/airflow/dags/airflow.py
[2025-10-18T20:37:05.697+0000] {processor.py:753} INFO - DAG(s) dict_keys(['iris_training_pipeline']) retrieved from /opt/airflow/dags/airflow.py
[2025-10-18T20:37:05.714+0000] {logging_mixin.py:137} INFO - [2025-10-18T20:37:05.714+0000] {dag.py:2690} INFO - Sync 1 DAGs
[2025-10-18T20:37:05.729+0000] {logging_mixin.py:137} INFO - [2025-10-18T20:37:05.729+0000] {dag.py:3441} INFO - Setting next_dagrun for iris_training_pipeline to None, run_after=None
[2025-10-18T20:37:05.738+0000] {processor.py:175} INFO - Processing /opt/airflow/dags/airflow.py took 0.338 seconds
[2025-10-18T20:37:35.904+0000] {processor.py:153} INFO - Started process (PID=3054) to work on /opt/airflow/dags/airflow.py
[2025-10-18T20:37:35.905+0000] {processor.py:743} INFO - Processing file /opt/airflow/dags/airflow.py for tasks to queue
[2025-10-18T20:37:35.906+0000] {logging_mixin.py:137} INFO - [2025-10-18T20:37:35.906+0000] {dagbag.py:538} INFO - Filling up the DagBag from /opt/airflow/dags/airflow.py
[2025-10-18T20:37:36.068+0000] {processor.py:753} INFO - DAG(s) dict_keys(['iris_training_pipeline']) retrieved from /opt/airflow/dags/airflow.py
[2025-10-18T20:37:36.080+0000] {logging_mixin.py:137} INFO - [2025-10-18T20:37:36.080+0000] {dag.py:2690} INFO - Sync 1 DAGs
[2025-10-18T20:37:36.092+0000] {logging_mixin.py:137} INFO - [2025-10-18T20:37:36.092+0000] {dag.py:3441} INFO - Setting next_dagrun for iris_training_pipeline to None, run_after=None
[2025-10-18T20:37:36.100+0000] {processor.py:175} INFO - Processing /opt/airflow/dags/airflow.py took 0.200 seconds
[2025-10-18T20:38:06.141+0000] {processor.py:153} INFO - Started process (PID=3091) to work on /opt/airflow/dags/airflow.py
[2025-10-18T20:38:06.141+0000] {processor.py:743} INFO - Processing file /opt/airflow/dags/airflow.py for tasks to queue
[2025-10-18T20:38:06.142+0000] {logging_mixin.py:137} INFO - [2025-10-18T20:38:06.142+0000] {dagbag.py:538} INFO - Filling up the DagBag from /opt/airflow/dags/airflow.py
[2025-10-18T20:38:06.309+0000] {processor.py:753} INFO - DAG(s) dict_keys(['iris_training_pipeline']) retrieved from /opt/airflow/dags/airflow.py
[2025-10-18T20:38:06.321+0000] {logging_mixin.py:137} INFO - [2025-10-18T20:38:06.321+0000] {dag.py:2690} INFO - Sync 1 DAGs
[2025-10-18T20:38:06.333+0000] {logging_mixin.py:137} INFO - [2025-10-18T20:38:06.333+0000] {dag.py:3441} INFO - Setting next_dagrun for iris_training_pipeline to None, run_after=None
[2025-10-18T20:38:06.344+0000] {processor.py:175} INFO - Processing /opt/airflow/dags/airflow.py took 0.206 seconds
[2025-10-18T20:38:36.579+0000] {processor.py:153} INFO - Started process (PID=3146) to work on /opt/airflow/dags/airflow.py
[2025-10-18T20:38:36.580+0000] {processor.py:743} INFO - Processing file /opt/airflow/dags/airflow.py for tasks to queue
[2025-10-18T20:38:36.580+0000] {logging_mixin.py:137} INFO - [2025-10-18T20:38:36.580+0000] {dagbag.py:538} INFO - Filling up the DagBag from /opt/airflow/dags/airflow.py
[2025-10-18T20:38:36.745+0000] {processor.py:753} INFO - DAG(s) dict_keys(['iris_training_pipeline']) retrieved from /opt/airflow/dags/airflow.py
[2025-10-18T20:38:36.757+0000] {logging_mixin.py:137} INFO - [2025-10-18T20:38:36.757+0000] {dag.py:2690} INFO - Sync 1 DAGs
[2025-10-18T20:38:36.770+0000] {logging_mixin.py:137} INFO - [2025-10-18T20:38:36.770+0000] {dag.py:3441} INFO - Setting next_dagrun for iris_training_pipeline to None, run_after=None
[2025-10-18T20:38:36.780+0000] {processor.py:175} INFO - Processing /opt/airflow/dags/airflow.py took 0.203 seconds
[2025-10-18T20:39:06.868+0000] {processor.py:153} INFO - Started process (PID=3201) to work on /opt/airflow/dags/airflow.py
[2025-10-18T20:39:06.869+0000] {processor.py:743} INFO - Processing file /opt/airflow/dags/airflow.py for tasks to queue
[2025-10-18T20:39:06.870+0000] {logging_mixin.py:137} INFO - [2025-10-18T20:39:06.870+0000] {dagbag.py:538} INFO - Filling up the DagBag from /opt/airflow/dags/airflow.py
[2025-10-18T20:39:07.070+0000] {processor.py:753} INFO - DAG(s) dict_keys(['iris_training_pipeline']) retrieved from /opt/airflow/dags/airflow.py
[2025-10-18T20:39:07.083+0000] {logging_mixin.py:137} INFO - [2025-10-18T20:39:07.083+0000] {dag.py:2690} INFO - Sync 1 DAGs
[2025-10-18T20:39:07.095+0000] {logging_mixin.py:137} INFO - [2025-10-18T20:39:07.095+0000] {dag.py:3441} INFO - Setting next_dagrun for iris_training_pipeline to None, run_after=None
[2025-10-18T20:39:07.104+0000] {processor.py:175} INFO - Processing /opt/airflow/dags/airflow.py took 0.243 seconds
[2025-10-18T20:39:37.247+0000] {processor.py:153} INFO - Started process (PID=3256) to work on /opt/airflow/dags/airflow.py
[2025-10-18T20:39:37.247+0000] {processor.py:743} INFO - Processing file /opt/airflow/dags/airflow.py for tasks to queue
[2025-10-18T20:39:37.248+0000] {logging_mixin.py:137} INFO - [2025-10-18T20:39:37.248+0000] {dagbag.py:538} INFO - Filling up the DagBag from /opt/airflow/dags/airflow.py
[2025-10-18T20:39:37.471+0000] {processor.py:753} INFO - DAG(s) dict_keys(['iris_training_pipeline']) retrieved from /opt/airflow/dags/airflow.py
[2025-10-18T20:39:37.493+0000] {logging_mixin.py:137} INFO - [2025-10-18T20:39:37.493+0000] {dag.py:2690} INFO - Sync 1 DAGs
[2025-10-18T20:39:37.517+0000] {logging_mixin.py:137} INFO - [2025-10-18T20:39:37.517+0000] {dag.py:3441} INFO - Setting next_dagrun for iris_training_pipeline to None, run_after=None
[2025-10-18T20:39:37.532+0000] {processor.py:175} INFO - Processing /opt/airflow/dags/airflow.py took 0.287 seconds
[2025-10-18T20:40:07.739+0000] {processor.py:153} INFO - Started process (PID=3293) to work on /opt/airflow/dags/airflow.py
[2025-10-18T20:40:07.740+0000] {processor.py:743} INFO - Processing file /opt/airflow/dags/airflow.py for tasks to queue
[2025-10-18T20:40:07.741+0000] {logging_mixin.py:137} INFO - [2025-10-18T20:40:07.741+0000] {dagbag.py:538} INFO - Filling up the DagBag from /opt/airflow/dags/airflow.py
[2025-10-18T20:40:07.915+0000] {processor.py:753} INFO - DAG(s) dict_keys(['iris_training_pipeline']) retrieved from /opt/airflow/dags/airflow.py
[2025-10-18T20:40:07.930+0000] {logging_mixin.py:137} INFO - [2025-10-18T20:40:07.930+0000] {dag.py:2690} INFO - Sync 1 DAGs
[2025-10-18T20:40:07.944+0000] {logging_mixin.py:137} INFO - [2025-10-18T20:40:07.944+0000] {dag.py:3441} INFO - Setting next_dagrun for iris_training_pipeline to None, run_after=None
[2025-10-18T20:40:07.954+0000] {processor.py:175} INFO - Processing /opt/airflow/dags/airflow.py took 0.219 seconds
[2025-10-18T20:40:38.001+0000] {processor.py:153} INFO - Started process (PID=3348) to work on /opt/airflow/dags/airflow.py
[2025-10-18T20:40:38.001+0000] {processor.py:743} INFO - Processing file /opt/airflow/dags/airflow.py for tasks to queue
[2025-10-18T20:40:38.002+0000] {logging_mixin.py:137} INFO - [2025-10-18T20:40:38.002+0000] {dagbag.py:538} INFO - Filling up the DagBag from /opt/airflow/dags/airflow.py
[2025-10-18T20:40:38.177+0000] {processor.py:753} INFO - DAG(s) dict_keys(['iris_training_pipeline']) retrieved from /opt/airflow/dags/airflow.py
[2025-10-18T20:40:38.190+0000] {logging_mixin.py:137} INFO - [2025-10-18T20:40:38.189+0000] {dag.py:2690} INFO - Sync 1 DAGs
[2025-10-18T20:40:38.204+0000] {logging_mixin.py:137} INFO - [2025-10-18T20:40:38.204+0000] {dag.py:3441} INFO - Setting next_dagrun for iris_training_pipeline to None, run_after=None
[2025-10-18T20:40:38.217+0000] {processor.py:175} INFO - Processing /opt/airflow/dags/airflow.py took 0.218 seconds
[2025-10-18T20:41:08.411+0000] {processor.py:153} INFO - Started process (PID=3403) to work on /opt/airflow/dags/airflow.py
[2025-10-18T20:41:08.411+0000] {processor.py:743} INFO - Processing file /opt/airflow/dags/airflow.py for tasks to queue
[2025-10-18T20:41:08.412+0000] {logging_mixin.py:137} INFO - [2025-10-18T20:41:08.412+0000] {dagbag.py:538} INFO - Filling up the DagBag from /opt/airflow/dags/airflow.py
[2025-10-18T20:41:08.620+0000] {processor.py:753} INFO - DAG(s) dict_keys(['iris_training_pipeline']) retrieved from /opt/airflow/dags/airflow.py
[2025-10-18T20:41:08.634+0000] {logging_mixin.py:137} INFO - [2025-10-18T20:41:08.634+0000] {dag.py:2690} INFO - Sync 1 DAGs
[2025-10-18T20:41:08.648+0000] {logging_mixin.py:137} INFO - [2025-10-18T20:41:08.647+0000] {dag.py:3441} INFO - Setting next_dagrun for iris_training_pipeline to None, run_after=None
[2025-10-18T20:41:08.658+0000] {processor.py:175} INFO - Processing /opt/airflow/dags/airflow.py took 0.249 seconds
[2025-10-18T20:41:38.864+0000] {processor.py:153} INFO - Started process (PID=3440) to work on /opt/airflow/dags/airflow.py
[2025-10-18T20:41:38.865+0000] {processor.py:743} INFO - Processing file /opt/airflow/dags/airflow.py for tasks to queue
[2025-10-18T20:41:38.865+0000] {logging_mixin.py:137} INFO - [2025-10-18T20:41:38.865+0000] {dagbag.py:538} INFO - Filling up the DagBag from /opt/airflow/dags/airflow.py
[2025-10-18T20:41:39.028+0000] {processor.py:753} INFO - DAG(s) dict_keys(['iris_training_pipeline']) retrieved from /opt/airflow/dags/airflow.py
[2025-10-18T20:41:39.041+0000] {logging_mixin.py:137} INFO - [2025-10-18T20:41:39.041+0000] {dag.py:2690} INFO - Sync 1 DAGs
[2025-10-18T20:41:39.052+0000] {logging_mixin.py:137} INFO - [2025-10-18T20:41:39.052+0000] {dag.py:3441} INFO - Setting next_dagrun for iris_training_pipeline to None, run_after=None
[2025-10-18T20:41:39.062+0000] {processor.py:175} INFO - Processing /opt/airflow/dags/airflow.py took 0.201 seconds
[2025-10-18T20:42:09.115+0000] {processor.py:153} INFO - Started process (PID=3495) to work on /opt/airflow/dags/airflow.py
[2025-10-18T20:42:09.118+0000] {processor.py:743} INFO - Processing file /opt/airflow/dags/airflow.py for tasks to queue
[2025-10-18T20:42:09.119+0000] {logging_mixin.py:137} INFO - [2025-10-18T20:42:09.119+0000] {dagbag.py:538} INFO - Filling up the DagBag from /opt/airflow/dags/airflow.py
[2025-10-18T20:42:09.299+0000] {processor.py:753} INFO - DAG(s) dict_keys(['iris_training_pipeline']) retrieved from /opt/airflow/dags/airflow.py
[2025-10-18T20:42:09.318+0000] {logging_mixin.py:137} INFO - [2025-10-18T20:42:09.318+0000] {dag.py:2690} INFO - Sync 1 DAGs
[2025-10-18T20:42:09.332+0000] {logging_mixin.py:137} INFO - [2025-10-18T20:42:09.331+0000] {dag.py:3441} INFO - Setting next_dagrun for iris_training_pipeline to None, run_after=None
[2025-10-18T20:42:09.341+0000] {processor.py:175} INFO - Processing /opt/airflow/dags/airflow.py took 0.231 seconds
[2025-10-18T20:42:39.646+0000] {processor.py:153} INFO - Started process (PID=3550) to work on /opt/airflow/dags/airflow.py
[2025-10-18T20:42:39.647+0000] {processor.py:743} INFO - Processing file /opt/airflow/dags/airflow.py for tasks to queue
[2025-10-18T20:42:39.648+0000] {logging_mixin.py:137} INFO - [2025-10-18T20:42:39.648+0000] {dagbag.py:538} INFO - Filling up the DagBag from /opt/airflow/dags/airflow.py
[2025-10-18T20:42:39.843+0000] {processor.py:753} INFO - DAG(s) dict_keys(['iris_training_pipeline']) retrieved from /opt/airflow/dags/airflow.py
[2025-10-18T20:42:39.856+0000] {logging_mixin.py:137} INFO - [2025-10-18T20:42:39.856+0000] {dag.py:2690} INFO - Sync 1 DAGs
[2025-10-18T20:42:39.869+0000] {logging_mixin.py:137} INFO - [2025-10-18T20:42:39.869+0000] {dag.py:3441} INFO - Setting next_dagrun for iris_training_pipeline to None, run_after=None
[2025-10-18T20:42:39.878+0000] {processor.py:175} INFO - Processing /opt/airflow/dags/airflow.py took 0.237 seconds
[2025-10-18T20:43:09.953+0000] {processor.py:153} INFO - Started process (PID=3587) to work on /opt/airflow/dags/airflow.py
[2025-10-18T20:43:09.955+0000] {processor.py:743} INFO - Processing file /opt/airflow/dags/airflow.py for tasks to queue
[2025-10-18T20:43:09.956+0000] {logging_mixin.py:137} INFO - [2025-10-18T20:43:09.956+0000] {dagbag.py:538} INFO - Filling up the DagBag from /opt/airflow/dags/airflow.py
[2025-10-18T20:43:10.158+0000] {processor.py:753} INFO - DAG(s) dict_keys(['iris_training_pipeline']) retrieved from /opt/airflow/dags/airflow.py
[2025-10-18T20:43:10.172+0000] {logging_mixin.py:137} INFO - [2025-10-18T20:43:10.172+0000] {dag.py:2690} INFO - Sync 1 DAGs
[2025-10-18T20:43:10.189+0000] {logging_mixin.py:137} INFO - [2025-10-18T20:43:10.189+0000] {dag.py:3441} INFO - Setting next_dagrun for iris_training_pipeline to None, run_after=None
[2025-10-18T20:43:10.199+0000] {processor.py:175} INFO - Processing /opt/airflow/dags/airflow.py took 0.250 seconds
[2025-10-18T20:43:40.369+0000] {processor.py:153} INFO - Started process (PID=3642) to work on /opt/airflow/dags/airflow.py
[2025-10-18T20:43:40.371+0000] {processor.py:743} INFO - Processing file /opt/airflow/dags/airflow.py for tasks to queue
[2025-10-18T20:43:40.371+0000] {logging_mixin.py:137} INFO - [2025-10-18T20:43:40.371+0000] {dagbag.py:538} INFO - Filling up the DagBag from /opt/airflow/dags/airflow.py
[2025-10-18T20:43:40.617+0000] {processor.py:753} INFO - DAG(s) dict_keys(['iris_training_pipeline']) retrieved from /opt/airflow/dags/airflow.py
[2025-10-18T20:43:40.633+0000] {logging_mixin.py:137} INFO - [2025-10-18T20:43:40.633+0000] {dag.py:2690} INFO - Sync 1 DAGs
[2025-10-18T20:43:40.653+0000] {logging_mixin.py:137} INFO - [2025-10-18T20:43:40.652+0000] {dag.py:3441} INFO - Setting next_dagrun for iris_training_pipeline to None, run_after=None
[2025-10-18T20:43:40.663+0000] {processor.py:175} INFO - Processing /opt/airflow/dags/airflow.py took 0.299 seconds
[2025-10-18T20:44:10.932+0000] {processor.py:153} INFO - Started process (PID=3697) to work on /opt/airflow/dags/airflow.py
[2025-10-18T20:44:10.933+0000] {processor.py:743} INFO - Processing file /opt/airflow/dags/airflow.py for tasks to queue
[2025-10-18T20:44:10.934+0000] {logging_mixin.py:137} INFO - [2025-10-18T20:44:10.934+0000] {dagbag.py:538} INFO - Filling up the DagBag from /opt/airflow/dags/airflow.py
[2025-10-18T20:44:11.110+0000] {processor.py:753} INFO - DAG(s) dict_keys(['iris_training_pipeline']) retrieved from /opt/airflow/dags/airflow.py
[2025-10-18T20:44:11.121+0000] {logging_mixin.py:137} INFO - [2025-10-18T20:44:11.121+0000] {dag.py:2690} INFO - Sync 1 DAGs
[2025-10-18T20:44:11.133+0000] {logging_mixin.py:137} INFO - [2025-10-18T20:44:11.132+0000] {dag.py:3441} INFO - Setting next_dagrun for iris_training_pipeline to None, run_after=None
[2025-10-18T20:44:11.140+0000] {processor.py:175} INFO - Processing /opt/airflow/dags/airflow.py took 0.213 seconds
[2025-10-18T20:44:41.176+0000] {processor.py:153} INFO - Started process (PID=3743) to work on /opt/airflow/dags/airflow.py
[2025-10-18T20:44:41.177+0000] {processor.py:743} INFO - Processing file /opt/airflow/dags/airflow.py for tasks to queue
[2025-10-18T20:44:41.177+0000] {logging_mixin.py:137} INFO - [2025-10-18T20:44:41.177+0000] {dagbag.py:538} INFO - Filling up the DagBag from /opt/airflow/dags/airflow.py
[2025-10-18T20:44:41.417+0000] {processor.py:753} INFO - DAG(s) dict_keys(['iris_training_pipeline']) retrieved from /opt/airflow/dags/airflow.py
[2025-10-18T20:44:41.434+0000] {logging_mixin.py:137} INFO - [2025-10-18T20:44:41.434+0000] {dag.py:2690} INFO - Sync 1 DAGs
[2025-10-18T20:44:41.472+0000] {logging_mixin.py:137} INFO - [2025-10-18T20:44:41.471+0000] {dag.py:3441} INFO - Setting next_dagrun for iris_training_pipeline to None, run_after=None
[2025-10-18T20:44:41.510+0000] {processor.py:175} INFO - Processing /opt/airflow/dags/airflow.py took 0.337 seconds
[2025-10-18T20:45:11.606+0000] {processor.py:153} INFO - Started process (PID=3789) to work on /opt/airflow/dags/airflow.py
[2025-10-18T20:45:11.607+0000] {processor.py:743} INFO - Processing file /opt/airflow/dags/airflow.py for tasks to queue
[2025-10-18T20:45:11.607+0000] {logging_mixin.py:137} INFO - [2025-10-18T20:45:11.607+0000] {dagbag.py:538} INFO - Filling up the DagBag from /opt/airflow/dags/airflow.py
[2025-10-18T20:45:11.811+0000] {processor.py:753} INFO - DAG(s) dict_keys(['iris_training_pipeline']) retrieved from /opt/airflow/dags/airflow.py
[2025-10-18T20:45:11.826+0000] {logging_mixin.py:137} INFO - [2025-10-18T20:45:11.826+0000] {dag.py:2690} INFO - Sync 1 DAGs
[2025-10-18T20:45:11.841+0000] {logging_mixin.py:137} INFO - [2025-10-18T20:45:11.841+0000] {dag.py:3441} INFO - Setting next_dagrun for iris_training_pipeline to None, run_after=None
[2025-10-18T20:45:11.853+0000] {processor.py:175} INFO - Processing /opt/airflow/dags/airflow.py took 0.250 seconds
[2025-10-18T20:45:41.925+0000] {processor.py:153} INFO - Started process (PID=3844) to work on /opt/airflow/dags/airflow.py
[2025-10-18T20:45:41.926+0000] {processor.py:743} INFO - Processing file /opt/airflow/dags/airflow.py for tasks to queue
[2025-10-18T20:45:41.927+0000] {logging_mixin.py:137} INFO - [2025-10-18T20:45:41.927+0000] {dagbag.py:538} INFO - Filling up the DagBag from /opt/airflow/dags/airflow.py
[2025-10-18T20:45:42.195+0000] {processor.py:753} INFO - DAG(s) dict_keys(['iris_training_pipeline']) retrieved from /opt/airflow/dags/airflow.py
[2025-10-18T20:45:42.212+0000] {logging_mixin.py:137} INFO - [2025-10-18T20:45:42.212+0000] {dag.py:2690} INFO - Sync 1 DAGs
[2025-10-18T20:45:42.228+0000] {logging_mixin.py:137} INFO - [2025-10-18T20:45:42.228+0000] {dag.py:3441} INFO - Setting next_dagrun for iris_training_pipeline to None, run_after=None
[2025-10-18T20:45:42.241+0000] {processor.py:175} INFO - Processing /opt/airflow/dags/airflow.py took 0.321 seconds
[2025-10-18T20:46:12.289+0000] {processor.py:153} INFO - Started process (PID=3890) to work on /opt/airflow/dags/airflow.py
[2025-10-18T20:46:12.291+0000] {processor.py:743} INFO - Processing file /opt/airflow/dags/airflow.py for tasks to queue
[2025-10-18T20:46:12.292+0000] {logging_mixin.py:137} INFO - [2025-10-18T20:46:12.291+0000] {dagbag.py:538} INFO - Filling up the DagBag from /opt/airflow/dags/airflow.py
[2025-10-18T20:46:12.680+0000] {processor.py:753} INFO - DAG(s) dict_keys(['iris_training_pipeline']) retrieved from /opt/airflow/dags/airflow.py
[2025-10-18T20:46:12.703+0000] {logging_mixin.py:137} INFO - [2025-10-18T20:46:12.702+0000] {dag.py:2690} INFO - Sync 1 DAGs
[2025-10-18T20:46:12.730+0000] {logging_mixin.py:137} INFO - [2025-10-18T20:46:12.729+0000] {dag.py:3441} INFO - Setting next_dagrun for iris_training_pipeline to None, run_after=None
[2025-10-18T20:46:12.745+0000] {processor.py:175} INFO - Processing /opt/airflow/dags/airflow.py took 0.461 seconds
[2025-10-18T20:46:43.036+0000] {processor.py:153} INFO - Started process (PID=3936) to work on /opt/airflow/dags/airflow.py
[2025-10-18T20:46:43.038+0000] {processor.py:743} INFO - Processing file /opt/airflow/dags/airflow.py for tasks to queue
[2025-10-18T20:46:43.039+0000] {logging_mixin.py:137} INFO - [2025-10-18T20:46:43.038+0000] {dagbag.py:538} INFO - Filling up the DagBag from /opt/airflow/dags/airflow.py
[2025-10-18T20:46:43.256+0000] {processor.py:753} INFO - DAG(s) dict_keys(['iris_training_pipeline']) retrieved from /opt/airflow/dags/airflow.py
[2025-10-18T20:46:43.271+0000] {logging_mixin.py:137} INFO - [2025-10-18T20:46:43.271+0000] {dag.py:2690} INFO - Sync 1 DAGs
[2025-10-18T20:46:43.285+0000] {logging_mixin.py:137} INFO - [2025-10-18T20:46:43.285+0000] {dag.py:3441} INFO - Setting next_dagrun for iris_training_pipeline to None, run_after=None
[2025-10-18T20:46:43.295+0000] {processor.py:175} INFO - Processing /opt/airflow/dags/airflow.py took 0.262 seconds
[2025-10-18T20:47:13.333+0000] {processor.py:153} INFO - Started process (PID=3990) to work on /opt/airflow/dags/airflow.py
[2025-10-18T20:47:13.334+0000] {processor.py:743} INFO - Processing file /opt/airflow/dags/airflow.py for tasks to queue
[2025-10-18T20:47:13.335+0000] {logging_mixin.py:137} INFO - [2025-10-18T20:47:13.335+0000] {dagbag.py:538} INFO - Filling up the DagBag from /opt/airflow/dags/airflow.py
[2025-10-18T20:47:13.599+0000] {processor.py:753} INFO - DAG(s) dict_keys(['iris_training_pipeline']) retrieved from /opt/airflow/dags/airflow.py
[2025-10-18T20:47:13.615+0000] {logging_mixin.py:137} INFO - [2025-10-18T20:47:13.615+0000] {dag.py:2690} INFO - Sync 1 DAGs
[2025-10-18T20:47:13.636+0000] {logging_mixin.py:137} INFO - [2025-10-18T20:47:13.636+0000] {dag.py:3441} INFO - Setting next_dagrun for iris_training_pipeline to None, run_after=None
[2025-10-18T20:47:13.646+0000] {processor.py:175} INFO - Processing /opt/airflow/dags/airflow.py took 0.319 seconds
[2025-10-18T20:47:43.774+0000] {processor.py:153} INFO - Started process (PID=4045) to work on /opt/airflow/dags/airflow.py
[2025-10-18T20:47:43.776+0000] {processor.py:743} INFO - Processing file /opt/airflow/dags/airflow.py for tasks to queue
[2025-10-18T20:47:43.776+0000] {logging_mixin.py:137} INFO - [2025-10-18T20:47:43.776+0000] {dagbag.py:538} INFO - Filling up the DagBag from /opt/airflow/dags/airflow.py
[2025-10-18T20:47:44.034+0000] {processor.py:753} INFO - DAG(s) dict_keys(['iris_training_pipeline']) retrieved from /opt/airflow/dags/airflow.py
[2025-10-18T20:47:44.053+0000] {logging_mixin.py:137} INFO - [2025-10-18T20:47:44.053+0000] {dag.py:2690} INFO - Sync 1 DAGs
[2025-10-18T20:47:44.077+0000] {logging_mixin.py:137} INFO - [2025-10-18T20:47:44.077+0000] {dag.py:3441} INFO - Setting next_dagrun for iris_training_pipeline to None, run_after=None
[2025-10-18T20:47:44.091+0000] {processor.py:175} INFO - Processing /opt/airflow/dags/airflow.py took 0.321 seconds
[2025-10-18T20:48:14.360+0000] {processor.py:153} INFO - Started process (PID=4082) to work on /opt/airflow/dags/airflow.py
[2025-10-18T20:48:14.361+0000] {processor.py:743} INFO - Processing file /opt/airflow/dags/airflow.py for tasks to queue
[2025-10-18T20:48:14.362+0000] {logging_mixin.py:137} INFO - [2025-10-18T20:48:14.362+0000] {dagbag.py:538} INFO - Filling up the DagBag from /opt/airflow/dags/airflow.py
[2025-10-18T20:48:14.537+0000] {processor.py:753} INFO - DAG(s) dict_keys(['iris_training_pipeline']) retrieved from /opt/airflow/dags/airflow.py
[2025-10-18T20:48:14.549+0000] {logging_mixin.py:137} INFO - [2025-10-18T20:48:14.549+0000] {dag.py:2690} INFO - Sync 1 DAGs
[2025-10-18T20:48:14.561+0000] {logging_mixin.py:137} INFO - [2025-10-18T20:48:14.561+0000] {dag.py:3441} INFO - Setting next_dagrun for iris_training_pipeline to None, run_after=None
[2025-10-18T20:48:14.569+0000] {processor.py:175} INFO - Processing /opt/airflow/dags/airflow.py took 0.215 seconds
[2025-10-18T20:48:44.635+0000] {processor.py:153} INFO - Started process (PID=4137) to work on /opt/airflow/dags/airflow.py
[2025-10-18T20:48:44.637+0000] {processor.py:743} INFO - Processing file /opt/airflow/dags/airflow.py for tasks to queue
[2025-10-18T20:48:44.638+0000] {logging_mixin.py:137} INFO - [2025-10-18T20:48:44.638+0000] {dagbag.py:538} INFO - Filling up the DagBag from /opt/airflow/dags/airflow.py
[2025-10-18T20:48:44.877+0000] {processor.py:753} INFO - DAG(s) dict_keys(['iris_training_pipeline']) retrieved from /opt/airflow/dags/airflow.py
[2025-10-18T20:48:44.894+0000] {logging_mixin.py:137} INFO - [2025-10-18T20:48:44.894+0000] {dag.py:2690} INFO - Sync 1 DAGs
[2025-10-18T20:48:44.908+0000] {logging_mixin.py:137} INFO - [2025-10-18T20:48:44.908+0000] {dag.py:3441} INFO - Setting next_dagrun for iris_training_pipeline to None, run_after=None
[2025-10-18T20:48:44.918+0000] {processor.py:175} INFO - Processing /opt/airflow/dags/airflow.py took 0.292 seconds
[2025-10-18T20:49:15.071+0000] {processor.py:153} INFO - Started process (PID=4192) to work on /opt/airflow/dags/airflow.py
[2025-10-18T20:49:15.072+0000] {processor.py:743} INFO - Processing file /opt/airflow/dags/airflow.py for tasks to queue
[2025-10-18T20:49:15.073+0000] {logging_mixin.py:137} INFO - [2025-10-18T20:49:15.073+0000] {dagbag.py:538} INFO - Filling up the DagBag from /opt/airflow/dags/airflow.py
[2025-10-18T20:49:15.250+0000] {processor.py:753} INFO - DAG(s) dict_keys(['iris_training_pipeline']) retrieved from /opt/airflow/dags/airflow.py
[2025-10-18T20:49:15.262+0000] {logging_mixin.py:137} INFO - [2025-10-18T20:49:15.262+0000] {dag.py:2690} INFO - Sync 1 DAGs
[2025-10-18T20:49:15.274+0000] {logging_mixin.py:137} INFO - [2025-10-18T20:49:15.274+0000] {dag.py:3441} INFO - Setting next_dagrun for iris_training_pipeline to None, run_after=None
[2025-10-18T20:49:15.282+0000] {processor.py:175} INFO - Processing /opt/airflow/dags/airflow.py took 0.215 seconds
[2025-10-18T20:49:45.407+0000] {processor.py:153} INFO - Started process (PID=4229) to work on /opt/airflow/dags/airflow.py
[2025-10-18T20:49:45.409+0000] {processor.py:743} INFO - Processing file /opt/airflow/dags/airflow.py for tasks to queue
[2025-10-18T20:49:45.410+0000] {logging_mixin.py:137} INFO - [2025-10-18T20:49:45.410+0000] {dagbag.py:538} INFO - Filling up the DagBag from /opt/airflow/dags/airflow.py
[2025-10-18T20:49:45.653+0000] {processor.py:753} INFO - DAG(s) dict_keys(['iris_training_pipeline']) retrieved from /opt/airflow/dags/airflow.py
[2025-10-18T20:49:45.668+0000] {logging_mixin.py:137} INFO - [2025-10-18T20:49:45.668+0000] {dag.py:2690} INFO - Sync 1 DAGs
[2025-10-18T20:49:45.682+0000] {logging_mixin.py:137} INFO - [2025-10-18T20:49:45.682+0000] {dag.py:3441} INFO - Setting next_dagrun for iris_training_pipeline to None, run_after=None
[2025-10-18T20:49:45.691+0000] {processor.py:175} INFO - Processing /opt/airflow/dags/airflow.py took 0.288 seconds
[2025-10-18T20:50:15.762+0000] {processor.py:153} INFO - Started process (PID=4284) to work on /opt/airflow/dags/airflow.py
[2025-10-18T20:50:15.762+0000] {processor.py:743} INFO - Processing file /opt/airflow/dags/airflow.py for tasks to queue
[2025-10-18T20:50:15.763+0000] {logging_mixin.py:137} INFO - [2025-10-18T20:50:15.763+0000] {dagbag.py:538} INFO - Filling up the DagBag from /opt/airflow/dags/airflow.py
[2025-10-18T20:50:15.942+0000] {processor.py:753} INFO - DAG(s) dict_keys(['iris_training_pipeline']) retrieved from /opt/airflow/dags/airflow.py
[2025-10-18T20:50:15.954+0000] {logging_mixin.py:137} INFO - [2025-10-18T20:50:15.954+0000] {dag.py:2690} INFO - Sync 1 DAGs
[2025-10-18T20:50:15.966+0000] {logging_mixin.py:137} INFO - [2025-10-18T20:50:15.966+0000] {dag.py:3441} INFO - Setting next_dagrun for iris_training_pipeline to None, run_after=None
[2025-10-18T20:50:15.975+0000] {processor.py:175} INFO - Processing /opt/airflow/dags/airflow.py took 0.216 seconds
[2025-10-18T20:50:46.200+0000] {processor.py:153} INFO - Started process (PID=4339) to work on /opt/airflow/dags/airflow.py
[2025-10-18T20:50:46.201+0000] {processor.py:743} INFO - Processing file /opt/airflow/dags/airflow.py for tasks to queue
[2025-10-18T20:50:46.202+0000] {logging_mixin.py:137} INFO - [2025-10-18T20:50:46.202+0000] {dagbag.py:538} INFO - Filling up the DagBag from /opt/airflow/dags/airflow.py
[2025-10-18T20:50:46.400+0000] {processor.py:753} INFO - DAG(s) dict_keys(['iris_training_pipeline']) retrieved from /opt/airflow/dags/airflow.py
[2025-10-18T20:50:46.411+0000] {logging_mixin.py:137} INFO - [2025-10-18T20:50:46.411+0000] {dag.py:2690} INFO - Sync 1 DAGs
[2025-10-18T20:50:46.422+0000] {logging_mixin.py:137} INFO - [2025-10-18T20:50:46.422+0000] {dag.py:3441} INFO - Setting next_dagrun for iris_training_pipeline to None, run_after=None
[2025-10-18T20:50:46.430+0000] {processor.py:175} INFO - Processing /opt/airflow/dags/airflow.py took 0.235 seconds
[2025-10-18T20:51:16.466+0000] {processor.py:153} INFO - Started process (PID=4376) to work on /opt/airflow/dags/airflow.py
[2025-10-18T20:51:16.468+0000] {processor.py:743} INFO - Processing file /opt/airflow/dags/airflow.py for tasks to queue
[2025-10-18T20:51:16.470+0000] {logging_mixin.py:137} INFO - [2025-10-18T20:51:16.469+0000] {dagbag.py:538} INFO - Filling up the DagBag from /opt/airflow/dags/airflow.py
[2025-10-18T20:51:16.754+0000] {processor.py:753} INFO - DAG(s) dict_keys(['iris_training_pipeline']) retrieved from /opt/airflow/dags/airflow.py
[2025-10-18T20:51:16.774+0000] {logging_mixin.py:137} INFO - [2025-10-18T20:51:16.773+0000] {dag.py:2690} INFO - Sync 1 DAGs
[2025-10-18T20:51:16.791+0000] {logging_mixin.py:137} INFO - [2025-10-18T20:51:16.791+0000] {dag.py:3441} INFO - Setting next_dagrun for iris_training_pipeline to None, run_after=None
[2025-10-18T20:51:16.804+0000] {processor.py:175} INFO - Processing /opt/airflow/dags/airflow.py took 0.344 seconds
[2025-10-18T20:51:46.907+0000] {processor.py:153} INFO - Started process (PID=4431) to work on /opt/airflow/dags/airflow.py
[2025-10-18T20:51:46.909+0000] {processor.py:743} INFO - Processing file /opt/airflow/dags/airflow.py for tasks to queue
[2025-10-18T20:51:46.910+0000] {logging_mixin.py:137} INFO - [2025-10-18T20:51:46.910+0000] {dagbag.py:538} INFO - Filling up the DagBag from /opt/airflow/dags/airflow.py
[2025-10-18T20:51:47.130+0000] {processor.py:753} INFO - DAG(s) dict_keys(['iris_training_pipeline']) retrieved from /opt/airflow/dags/airflow.py
[2025-10-18T20:51:47.143+0000] {logging_mixin.py:137} INFO - [2025-10-18T20:51:47.143+0000] {dag.py:2690} INFO - Sync 1 DAGs
[2025-10-18T20:51:47.156+0000] {logging_mixin.py:137} INFO - [2025-10-18T20:51:47.156+0000] {dag.py:3441} INFO - Setting next_dagrun for iris_training_pipeline to None, run_after=None
[2025-10-18T20:51:47.166+0000] {processor.py:175} INFO - Processing /opt/airflow/dags/airflow.py took 0.265 seconds
[2025-10-18T20:52:17.407+0000] {processor.py:153} INFO - Started process (PID=4486) to work on /opt/airflow/dags/airflow.py
[2025-10-18T20:52:17.408+0000] {processor.py:743} INFO - Processing file /opt/airflow/dags/airflow.py for tasks to queue
[2025-10-18T20:52:17.409+0000] {logging_mixin.py:137} INFO - [2025-10-18T20:52:17.409+0000] {dagbag.py:538} INFO - Filling up the DagBag from /opt/airflow/dags/airflow.py
[2025-10-18T20:52:17.590+0000] {processor.py:753} INFO - DAG(s) dict_keys(['iris_training_pipeline']) retrieved from /opt/airflow/dags/airflow.py
[2025-10-18T20:52:17.604+0000] {logging_mixin.py:137} INFO - [2025-10-18T20:52:17.603+0000] {dag.py:2690} INFO - Sync 1 DAGs
[2025-10-18T20:52:17.616+0000] {logging_mixin.py:137} INFO - [2025-10-18T20:52:17.616+0000] {dag.py:3441} INFO - Setting next_dagrun for iris_training_pipeline to None, run_after=None
[2025-10-18T20:52:17.625+0000] {processor.py:175} INFO - Processing /opt/airflow/dags/airflow.py took 0.221 seconds
[2025-10-18T20:52:47.890+0000] {processor.py:153} INFO - Started process (PID=4532) to work on /opt/airflow/dags/airflow.py
[2025-10-18T20:52:47.890+0000] {processor.py:743} INFO - Processing file /opt/airflow/dags/airflow.py for tasks to queue
[2025-10-18T20:52:47.891+0000] {logging_mixin.py:137} INFO - [2025-10-18T20:52:47.891+0000] {dagbag.py:538} INFO - Filling up the DagBag from /opt/airflow/dags/airflow.py
[2025-10-18T20:52:48.153+0000] {processor.py:753} INFO - DAG(s) dict_keys(['iris_training_pipeline']) retrieved from /opt/airflow/dags/airflow.py
[2025-10-18T20:52:48.171+0000] {logging_mixin.py:137} INFO - [2025-10-18T20:52:48.171+0000] {dag.py:2690} INFO - Sync 1 DAGs
[2025-10-18T20:52:48.188+0000] {logging_mixin.py:137} INFO - [2025-10-18T20:52:48.188+0000] {dag.py:3441} INFO - Setting next_dagrun for iris_training_pipeline to None, run_after=None
[2025-10-18T20:52:48.199+0000] {processor.py:175} INFO - Processing /opt/airflow/dags/airflow.py took 0.313 seconds
[2025-10-18T20:53:18.478+0000] {processor.py:153} INFO - Started process (PID=4578) to work on /opt/airflow/dags/airflow.py
[2025-10-18T20:53:18.480+0000] {processor.py:743} INFO - Processing file /opt/airflow/dags/airflow.py for tasks to queue
[2025-10-18T20:53:18.481+0000] {logging_mixin.py:137} INFO - [2025-10-18T20:53:18.481+0000] {dagbag.py:538} INFO - Filling up the DagBag from /opt/airflow/dags/airflow.py
[2025-10-18T20:53:18.715+0000] {processor.py:753} INFO - DAG(s) dict_keys(['iris_training_pipeline']) retrieved from /opt/airflow/dags/airflow.py
[2025-10-18T20:53:18.731+0000] {logging_mixin.py:137} INFO - [2025-10-18T20:53:18.731+0000] {dag.py:2690} INFO - Sync 1 DAGs
[2025-10-18T20:53:18.745+0000] {logging_mixin.py:137} INFO - [2025-10-18T20:53:18.744+0000] {dag.py:3441} INFO - Setting next_dagrun for iris_training_pipeline to None, run_after=None
[2025-10-18T20:53:18.753+0000] {processor.py:175} INFO - Processing /opt/airflow/dags/airflow.py took 0.283 seconds
[2025-10-18T20:53:48.916+0000] {processor.py:153} INFO - Started process (PID=4633) to work on /opt/airflow/dags/airflow.py
[2025-10-18T20:53:48.916+0000] {processor.py:743} INFO - Processing file /opt/airflow/dags/airflow.py for tasks to queue
[2025-10-18T20:53:48.917+0000] {logging_mixin.py:137} INFO - [2025-10-18T20:53:48.917+0000] {dagbag.py:538} INFO - Filling up the DagBag from /opt/airflow/dags/airflow.py
[2025-10-18T20:53:49.072+0000] {processor.py:753} INFO - DAG(s) dict_keys(['iris_training_pipeline']) retrieved from /opt/airflow/dags/airflow.py
[2025-10-18T20:53:49.084+0000] {logging_mixin.py:137} INFO - [2025-10-18T20:53:49.084+0000] {dag.py:2690} INFO - Sync 1 DAGs
[2025-10-18T20:53:49.095+0000] {logging_mixin.py:137} INFO - [2025-10-18T20:53:49.095+0000] {dag.py:3441} INFO - Setting next_dagrun for iris_training_pipeline to None, run_after=None
[2025-10-18T20:53:49.104+0000] {processor.py:175} INFO - Processing /opt/airflow/dags/airflow.py took 0.190 seconds
[2025-10-18T20:54:19.145+0000] {processor.py:153} INFO - Started process (PID=4688) to work on /opt/airflow/dags/airflow.py
[2025-10-18T20:54:19.146+0000] {processor.py:743} INFO - Processing file /opt/airflow/dags/airflow.py for tasks to queue
[2025-10-18T20:54:19.146+0000] {logging_mixin.py:137} INFO - [2025-10-18T20:54:19.146+0000] {dagbag.py:538} INFO - Filling up the DagBag from /opt/airflow/dags/airflow.py
[2025-10-18T20:54:19.334+0000] {processor.py:753} INFO - DAG(s) dict_keys(['iris_training_pipeline']) retrieved from /opt/airflow/dags/airflow.py
[2025-10-18T20:54:19.350+0000] {logging_mixin.py:137} INFO - [2025-10-18T20:54:19.350+0000] {dag.py:2690} INFO - Sync 1 DAGs
[2025-10-18T20:54:19.364+0000] {logging_mixin.py:137} INFO - [2025-10-18T20:54:19.364+0000] {dag.py:3441} INFO - Setting next_dagrun for iris_training_pipeline to None, run_after=None
[2025-10-18T20:54:19.376+0000] {processor.py:175} INFO - Processing /opt/airflow/dags/airflow.py took 0.235 seconds
[2025-10-18T20:54:49.627+0000] {processor.py:153} INFO - Started process (PID=4726) to work on /opt/airflow/dags/airflow.py
[2025-10-18T20:54:49.627+0000] {processor.py:743} INFO - Processing file /opt/airflow/dags/airflow.py for tasks to queue
[2025-10-18T20:54:49.628+0000] {logging_mixin.py:137} INFO - [2025-10-18T20:54:49.628+0000] {dagbag.py:538} INFO - Filling up the DagBag from /opt/airflow/dags/airflow.py
[2025-10-18T20:54:49.794+0000] {processor.py:753} INFO - DAG(s) dict_keys(['iris_training_pipeline']) retrieved from /opt/airflow/dags/airflow.py
[2025-10-18T20:54:49.807+0000] {logging_mixin.py:137} INFO - [2025-10-18T20:54:49.807+0000] {dag.py:2690} INFO - Sync 1 DAGs
[2025-10-18T20:54:49.820+0000] {logging_mixin.py:137} INFO - [2025-10-18T20:54:49.820+0000] {dag.py:3441} INFO - Setting next_dagrun for iris_training_pipeline to None, run_after=None
[2025-10-18T20:54:49.830+0000] {processor.py:175} INFO - Processing /opt/airflow/dags/airflow.py took 0.204 seconds
[2025-10-18T20:55:19.954+0000] {processor.py:153} INFO - Started process (PID=4781) to work on /opt/airflow/dags/airflow.py
[2025-10-18T20:55:19.955+0000] {processor.py:743} INFO - Processing file /opt/airflow/dags/airflow.py for tasks to queue
[2025-10-18T20:55:19.956+0000] {logging_mixin.py:137} INFO - [2025-10-18T20:55:19.956+0000] {dagbag.py:538} INFO - Filling up the DagBag from /opt/airflow/dags/airflow.py
[2025-10-18T20:55:20.143+0000] {processor.py:753} INFO - DAG(s) dict_keys(['iris_training_pipeline']) retrieved from /opt/airflow/dags/airflow.py
[2025-10-18T20:55:20.156+0000] {logging_mixin.py:137} INFO - [2025-10-18T20:55:20.156+0000] {dag.py:2690} INFO - Sync 1 DAGs
[2025-10-18T20:55:20.169+0000] {logging_mixin.py:137} INFO - [2025-10-18T20:55:20.169+0000] {dag.py:3441} INFO - Setting next_dagrun for iris_training_pipeline to None, run_after=None
[2025-10-18T20:55:20.179+0000] {processor.py:175} INFO - Processing /opt/airflow/dags/airflow.py took 0.229 seconds
[2025-10-18T20:55:50.311+0000] {processor.py:153} INFO - Started process (PID=4836) to work on /opt/airflow/dags/airflow.py
[2025-10-18T20:55:50.312+0000] {processor.py:743} INFO - Processing file /opt/airflow/dags/airflow.py for tasks to queue
[2025-10-18T20:55:50.313+0000] {logging_mixin.py:137} INFO - [2025-10-18T20:55:50.313+0000] {dagbag.py:538} INFO - Filling up the DagBag from /opt/airflow/dags/airflow.py
[2025-10-18T20:55:50.528+0000] {processor.py:753} INFO - DAG(s) dict_keys(['iris_training_pipeline']) retrieved from /opt/airflow/dags/airflow.py
[2025-10-18T20:55:50.545+0000] {logging_mixin.py:137} INFO - [2025-10-18T20:55:50.544+0000] {dag.py:2690} INFO - Sync 1 DAGs
[2025-10-18T20:55:50.558+0000] {logging_mixin.py:137} INFO - [2025-10-18T20:55:50.558+0000] {dag.py:3441} INFO - Setting next_dagrun for iris_training_pipeline to None, run_after=None
[2025-10-18T20:55:50.567+0000] {processor.py:175} INFO - Processing /opt/airflow/dags/airflow.py took 0.262 seconds
[2025-10-18T20:56:20.663+0000] {processor.py:153} INFO - Started process (PID=4873) to work on /opt/airflow/dags/airflow.py
[2025-10-18T20:56:20.665+0000] {processor.py:743} INFO - Processing file /opt/airflow/dags/airflow.py for tasks to queue
[2025-10-18T20:56:20.666+0000] {logging_mixin.py:137} INFO - [2025-10-18T20:56:20.666+0000] {dagbag.py:538} INFO - Filling up the DagBag from /opt/airflow/dags/airflow.py
[2025-10-18T20:56:20.945+0000] {processor.py:753} INFO - DAG(s) dict_keys(['iris_training_pipeline']) retrieved from /opt/airflow/dags/airflow.py
[2025-10-18T20:56:20.963+0000] {logging_mixin.py:137} INFO - [2025-10-18T20:56:20.963+0000] {dag.py:2690} INFO - Sync 1 DAGs
[2025-10-18T20:56:20.979+0000] {logging_mixin.py:137} INFO - [2025-10-18T20:56:20.979+0000] {dag.py:3441} INFO - Setting next_dagrun for iris_training_pipeline to None, run_after=None
[2025-10-18T20:56:20.993+0000] {processor.py:175} INFO - Processing /opt/airflow/dags/airflow.py took 0.335 seconds
[2025-10-18T20:56:51.057+0000] {processor.py:153} INFO - Started process (PID=4928) to work on /opt/airflow/dags/airflow.py
[2025-10-18T20:56:51.058+0000] {processor.py:743} INFO - Processing file /opt/airflow/dags/airflow.py for tasks to queue
[2025-10-18T20:56:51.059+0000] {logging_mixin.py:137} INFO - [2025-10-18T20:56:51.058+0000] {dagbag.py:538} INFO - Filling up the DagBag from /opt/airflow/dags/airflow.py
[2025-10-18T20:56:51.237+0000] {processor.py:753} INFO - DAG(s) dict_keys(['iris_training_pipeline']) retrieved from /opt/airflow/dags/airflow.py
[2025-10-18T20:56:51.249+0000] {logging_mixin.py:137} INFO - [2025-10-18T20:56:51.249+0000] {dag.py:2690} INFO - Sync 1 DAGs
[2025-10-18T20:56:51.262+0000] {logging_mixin.py:137} INFO - [2025-10-18T20:56:51.262+0000] {dag.py:3441} INFO - Setting next_dagrun for iris_training_pipeline to None, run_after=None
[2025-10-18T20:56:51.271+0000] {processor.py:175} INFO - Processing /opt/airflow/dags/airflow.py took 0.219 seconds
[2025-10-18T20:57:21.434+0000] {processor.py:153} INFO - Started process (PID=4983) to work on /opt/airflow/dags/airflow.py
[2025-10-18T20:57:21.438+0000] {processor.py:743} INFO - Processing file /opt/airflow/dags/airflow.py for tasks to queue
[2025-10-18T20:57:21.439+0000] {logging_mixin.py:137} INFO - [2025-10-18T20:57:21.439+0000] {dagbag.py:538} INFO - Filling up the DagBag from /opt/airflow/dags/airflow.py
[2025-10-18T20:57:21.607+0000] {processor.py:753} INFO - DAG(s) dict_keys(['iris_training_pipeline']) retrieved from /opt/airflow/dags/airflow.py
[2025-10-18T20:57:21.618+0000] {logging_mixin.py:137} INFO - [2025-10-18T20:57:21.618+0000] {dag.py:2690} INFO - Sync 1 DAGs
[2025-10-18T20:57:21.630+0000] {logging_mixin.py:137} INFO - [2025-10-18T20:57:21.630+0000] {dag.py:3441} INFO - Setting next_dagrun for iris_training_pipeline to None, run_after=None
[2025-10-18T20:57:21.639+0000] {processor.py:175} INFO - Processing /opt/airflow/dags/airflow.py took 0.210 seconds
[2025-10-18T20:57:51.736+0000] {processor.py:153} INFO - Started process (PID=5020) to work on /opt/airflow/dags/airflow.py
[2025-10-18T20:57:51.737+0000] {processor.py:743} INFO - Processing file /opt/airflow/dags/airflow.py for tasks to queue
[2025-10-18T20:57:51.738+0000] {logging_mixin.py:137} INFO - [2025-10-18T20:57:51.738+0000] {dagbag.py:538} INFO - Filling up the DagBag from /opt/airflow/dags/airflow.py
[2025-10-18T20:57:52.031+0000] {processor.py:753} INFO - DAG(s) dict_keys(['iris_training_pipeline']) retrieved from /opt/airflow/dags/airflow.py
[2025-10-18T20:57:52.049+0000] {logging_mixin.py:137} INFO - [2025-10-18T20:57:52.049+0000] {dag.py:2690} INFO - Sync 1 DAGs
[2025-10-18T20:57:52.073+0000] {logging_mixin.py:137} INFO - [2025-10-18T20:57:52.073+0000] {dag.py:3441} INFO - Setting next_dagrun for iris_training_pipeline to None, run_after=None
[2025-10-18T20:57:52.085+0000] {processor.py:175} INFO - Processing /opt/airflow/dags/airflow.py took 0.354 seconds
[2025-10-18T20:58:22.306+0000] {processor.py:153} INFO - Started process (PID=5075) to work on /opt/airflow/dags/airflow.py
[2025-10-18T20:58:22.307+0000] {processor.py:743} INFO - Processing file /opt/airflow/dags/airflow.py for tasks to queue
[2025-10-18T20:58:22.308+0000] {logging_mixin.py:137} INFO - [2025-10-18T20:58:22.308+0000] {dagbag.py:538} INFO - Filling up the DagBag from /opt/airflow/dags/airflow.py
[2025-10-18T20:58:22.602+0000] {processor.py:753} INFO - DAG(s) dict_keys(['iris_training_pipeline']) retrieved from /opt/airflow/dags/airflow.py
[2025-10-18T20:58:22.624+0000] {logging_mixin.py:137} INFO - [2025-10-18T20:58:22.624+0000] {dag.py:2690} INFO - Sync 1 DAGs
[2025-10-18T20:58:22.643+0000] {logging_mixin.py:137} INFO - [2025-10-18T20:58:22.643+0000] {dag.py:3441} INFO - Setting next_dagrun for iris_training_pipeline to None, run_after=None
[2025-10-18T20:58:22.656+0000] {processor.py:175} INFO - Processing /opt/airflow/dags/airflow.py took 0.356 seconds
[2025-10-18T20:58:52.887+0000] {processor.py:153} INFO - Started process (PID=5130) to work on /opt/airflow/dags/airflow.py
[2025-10-18T20:58:52.888+0000] {processor.py:743} INFO - Processing file /opt/airflow/dags/airflow.py for tasks to queue
[2025-10-18T20:58:52.889+0000] {logging_mixin.py:137} INFO - [2025-10-18T20:58:52.888+0000] {dagbag.py:538} INFO - Filling up the DagBag from /opt/airflow/dags/airflow.py
[2025-10-18T20:58:53.146+0000] {processor.py:753} INFO - DAG(s) dict_keys(['iris_training_pipeline']) retrieved from /opt/airflow/dags/airflow.py
[2025-10-18T20:58:53.163+0000] {logging_mixin.py:137} INFO - [2025-10-18T20:58:53.163+0000] {dag.py:2690} INFO - Sync 1 DAGs
[2025-10-18T20:58:53.186+0000] {logging_mixin.py:137} INFO - [2025-10-18T20:58:53.186+0000] {dag.py:3441} INFO - Setting next_dagrun for iris_training_pipeline to None, run_after=None
[2025-10-18T20:58:53.198+0000] {processor.py:175} INFO - Processing /opt/airflow/dags/airflow.py took 0.315 seconds
[2025-10-18T20:59:23.398+0000] {processor.py:153} INFO - Started process (PID=5167) to work on /opt/airflow/dags/airflow.py
[2025-10-18T20:59:23.399+0000] {processor.py:743} INFO - Processing file /opt/airflow/dags/airflow.py for tasks to queue
[2025-10-18T20:59:23.400+0000] {logging_mixin.py:137} INFO - [2025-10-18T20:59:23.400+0000] {dagbag.py:538} INFO - Filling up the DagBag from /opt/airflow/dags/airflow.py
[2025-10-18T20:59:23.675+0000] {processor.py:753} INFO - DAG(s) dict_keys(['iris_training_pipeline']) retrieved from /opt/airflow/dags/airflow.py
[2025-10-18T20:59:23.694+0000] {logging_mixin.py:137} INFO - [2025-10-18T20:59:23.694+0000] {dag.py:2690} INFO - Sync 1 DAGs
[2025-10-18T20:59:23.713+0000] {logging_mixin.py:137} INFO - [2025-10-18T20:59:23.713+0000] {dag.py:3441} INFO - Setting next_dagrun for iris_training_pipeline to None, run_after=None
[2025-10-18T20:59:23.726+0000] {processor.py:175} INFO - Processing /opt/airflow/dags/airflow.py took 0.331 seconds
[2025-10-18T20:59:53.931+0000] {processor.py:153} INFO - Started process (PID=5223) to work on /opt/airflow/dags/airflow.py
[2025-10-18T20:59:53.932+0000] {processor.py:743} INFO - Processing file /opt/airflow/dags/airflow.py for tasks to queue
[2025-10-18T20:59:53.933+0000] {logging_mixin.py:137} INFO - [2025-10-18T20:59:53.933+0000] {dagbag.py:538} INFO - Filling up the DagBag from /opt/airflow/dags/airflow.py
[2025-10-18T20:59:54.164+0000] {processor.py:753} INFO - DAG(s) dict_keys(['iris_training_pipeline']) retrieved from /opt/airflow/dags/airflow.py
[2025-10-18T20:59:54.181+0000] {logging_mixin.py:137} INFO - [2025-10-18T20:59:54.181+0000] {dag.py:2690} INFO - Sync 1 DAGs
[2025-10-18T20:59:54.197+0000] {logging_mixin.py:137} INFO - [2025-10-18T20:59:54.197+0000] {dag.py:3441} INFO - Setting next_dagrun for iris_training_pipeline to None, run_after=None
[2025-10-18T20:59:54.210+0000] {processor.py:175} INFO - Processing /opt/airflow/dags/airflow.py took 0.282 seconds
[2025-10-18T21:00:24.430+0000] {processor.py:153} INFO - Started process (PID=5278) to work on /opt/airflow/dags/airflow.py
[2025-10-18T21:00:24.434+0000] {processor.py:743} INFO - Processing file /opt/airflow/dags/airflow.py for tasks to queue
[2025-10-18T21:00:24.436+0000] {logging_mixin.py:137} INFO - [2025-10-18T21:00:24.435+0000] {dagbag.py:538} INFO - Filling up the DagBag from /opt/airflow/dags/airflow.py
[2025-10-18T21:00:24.687+0000] {processor.py:753} INFO - DAG(s) dict_keys(['iris_training_pipeline']) retrieved from /opt/airflow/dags/airflow.py
[2025-10-18T21:00:24.705+0000] {logging_mixin.py:137} INFO - [2025-10-18T21:00:24.705+0000] {dag.py:2690} INFO - Sync 1 DAGs
[2025-10-18T21:00:24.720+0000] {logging_mixin.py:137} INFO - [2025-10-18T21:00:24.720+0000] {dag.py:3441} INFO - Setting next_dagrun for iris_training_pipeline to None, run_after=None
[2025-10-18T21:00:24.736+0000] {processor.py:175} INFO - Processing /opt/airflow/dags/airflow.py took 0.314 seconds
[2025-10-18T21:00:54.941+0000] {processor.py:153} INFO - Started process (PID=5315) to work on /opt/airflow/dags/airflow.py
[2025-10-18T21:00:54.942+0000] {processor.py:743} INFO - Processing file /opt/airflow/dags/airflow.py for tasks to queue
[2025-10-18T21:00:54.943+0000] {logging_mixin.py:137} INFO - [2025-10-18T21:00:54.943+0000] {dagbag.py:538} INFO - Filling up the DagBag from /opt/airflow/dags/airflow.py
[2025-10-18T21:00:55.148+0000] {processor.py:753} INFO - DAG(s) dict_keys(['iris_training_pipeline']) retrieved from /opt/airflow/dags/airflow.py
[2025-10-18T21:00:55.163+0000] {logging_mixin.py:137} INFO - [2025-10-18T21:00:55.163+0000] {dag.py:2690} INFO - Sync 1 DAGs
[2025-10-18T21:00:55.178+0000] {logging_mixin.py:137} INFO - [2025-10-18T21:00:55.178+0000] {dag.py:3441} INFO - Setting next_dagrun for iris_training_pipeline to None, run_after=None
[2025-10-18T21:00:55.189+0000] {processor.py:175} INFO - Processing /opt/airflow/dags/airflow.py took 0.252 seconds
[2025-10-18T21:01:25.404+0000] {processor.py:153} INFO - Started process (PID=5370) to work on /opt/airflow/dags/airflow.py
[2025-10-18T21:01:25.405+0000] {processor.py:743} INFO - Processing file /opt/airflow/dags/airflow.py for tasks to queue
[2025-10-18T21:01:25.406+0000] {logging_mixin.py:137} INFO - [2025-10-18T21:01:25.406+0000] {dagbag.py:538} INFO - Filling up the DagBag from /opt/airflow/dags/airflow.py
[2025-10-18T21:01:25.641+0000] {processor.py:753} INFO - DAG(s) dict_keys(['iris_training_pipeline']) retrieved from /opt/airflow/dags/airflow.py
[2025-10-18T21:01:25.659+0000] {logging_mixin.py:137} INFO - [2025-10-18T21:01:25.659+0000] {dag.py:2690} INFO - Sync 1 DAGs
[2025-10-18T21:01:25.674+0000] {logging_mixin.py:137} INFO - [2025-10-18T21:01:25.674+0000] {dag.py:3441} INFO - Setting next_dagrun for iris_training_pipeline to None, run_after=None
[2025-10-18T21:01:25.683+0000] {processor.py:175} INFO - Processing /opt/airflow/dags/airflow.py took 0.286 seconds
[2025-10-18T21:01:55.724+0000] {processor.py:153} INFO - Started process (PID=5425) to work on /opt/airflow/dags/airflow.py
[2025-10-18T21:01:55.726+0000] {processor.py:743} INFO - Processing file /opt/airflow/dags/airflow.py for tasks to queue
[2025-10-18T21:01:55.727+0000] {logging_mixin.py:137} INFO - [2025-10-18T21:01:55.727+0000] {dagbag.py:538} INFO - Filling up the DagBag from /opt/airflow/dags/airflow.py
[2025-10-18T21:01:55.989+0000] {processor.py:753} INFO - DAG(s) dict_keys(['iris_training_pipeline']) retrieved from /opt/airflow/dags/airflow.py
[2025-10-18T21:01:56.009+0000] {logging_mixin.py:137} INFO - [2025-10-18T21:01:56.008+0000] {dag.py:2690} INFO - Sync 1 DAGs
[2025-10-18T21:01:56.024+0000] {logging_mixin.py:137} INFO - [2025-10-18T21:01:56.023+0000] {dag.py:3441} INFO - Setting next_dagrun for iris_training_pipeline to None, run_after=None
[2025-10-18T21:01:56.034+0000] {processor.py:175} INFO - Processing /opt/airflow/dags/airflow.py took 0.318 seconds
[2025-10-18T21:02:26.192+0000] {processor.py:153} INFO - Started process (PID=5471) to work on /opt/airflow/dags/airflow.py
[2025-10-18T21:02:26.194+0000] {processor.py:743} INFO - Processing file /opt/airflow/dags/airflow.py for tasks to queue
[2025-10-18T21:02:26.194+0000] {logging_mixin.py:137} INFO - [2025-10-18T21:02:26.194+0000] {dagbag.py:538} INFO - Filling up the DagBag from /opt/airflow/dags/airflow.py
[2025-10-18T21:02:26.437+0000] {processor.py:753} INFO - DAG(s) dict_keys(['iris_training_pipeline']) retrieved from /opt/airflow/dags/airflow.py
[2025-10-18T21:02:26.456+0000] {logging_mixin.py:137} INFO - [2025-10-18T21:02:26.456+0000] {dag.py:2690} INFO - Sync 1 DAGs
[2025-10-18T21:02:26.471+0000] {logging_mixin.py:137} INFO - [2025-10-18T21:02:26.471+0000] {dag.py:3441} INFO - Setting next_dagrun for iris_training_pipeline to None, run_after=None
[2025-10-18T21:02:26.482+0000] {processor.py:175} INFO - Processing /opt/airflow/dags/airflow.py took 0.293 seconds
[2025-10-18T21:02:56.709+0000] {processor.py:153} INFO - Started process (PID=5517) to work on /opt/airflow/dags/airflow.py
[2025-10-18T21:02:56.711+0000] {processor.py:743} INFO - Processing file /opt/airflow/dags/airflow.py for tasks to queue
[2025-10-18T21:02:56.712+0000] {logging_mixin.py:137} INFO - [2025-10-18T21:02:56.712+0000] {dagbag.py:538} INFO - Filling up the DagBag from /opt/airflow/dags/airflow.py
[2025-10-18T21:02:56.938+0000] {processor.py:753} INFO - DAG(s) dict_keys(['iris_training_pipeline']) retrieved from /opt/airflow/dags/airflow.py
[2025-10-18T21:02:56.958+0000] {logging_mixin.py:137} INFO - [2025-10-18T21:02:56.958+0000] {dag.py:2690} INFO - Sync 1 DAGs
[2025-10-18T21:02:56.973+0000] {logging_mixin.py:137} INFO - [2025-10-18T21:02:56.973+0000] {dag.py:3441} INFO - Setting next_dagrun for iris_training_pipeline to None, run_after=None
[2025-10-18T21:02:56.984+0000] {processor.py:175} INFO - Processing /opt/airflow/dags/airflow.py took 0.282 seconds
[2025-10-18T21:03:27.492+0000] {processor.py:153} INFO - Started process (PID=5572) to work on /opt/airflow/dags/airflow.py
[2025-10-18T21:03:27.494+0000] {processor.py:743} INFO - Processing file /opt/airflow/dags/airflow.py for tasks to queue
[2025-10-18T21:03:27.497+0000] {logging_mixin.py:137} INFO - [2025-10-18T21:03:27.496+0000] {dagbag.py:538} INFO - Filling up the DagBag from /opt/airflow/dags/airflow.py
[2025-10-18T21:03:27.838+0000] {processor.py:753} INFO - DAG(s) dict_keys(['iris_training_pipeline']) retrieved from /opt/airflow/dags/airflow.py
[2025-10-18T21:03:27.879+0000] {logging_mixin.py:137} INFO - [2025-10-18T21:03:27.878+0000] {dag.py:2690} INFO - Sync 1 DAGs
[2025-10-18T21:03:27.915+0000] {logging_mixin.py:137} INFO - [2025-10-18T21:03:27.915+0000] {dag.py:3441} INFO - Setting next_dagrun for iris_training_pipeline to None, run_after=None
[2025-10-18T21:03:27.942+0000] {processor.py:175} INFO - Processing /opt/airflow/dags/airflow.py took 0.466 seconds
[2025-10-18T21:05:19.343+0000] {processor.py:153} INFO - Started process (PID=5573) to work on /opt/airflow/dags/airflow.py
[2025-10-18T21:05:19.344+0000] {processor.py:743} INFO - Processing file /opt/airflow/dags/airflow.py for tasks to queue
[2025-10-18T21:05:19.345+0000] {logging_mixin.py:137} INFO - [2025-10-18T21:05:19.345+0000] {dagbag.py:538} INFO - Filling up the DagBag from /opt/airflow/dags/airflow.py
[2025-10-18T21:05:19.572+0000] {processor.py:753} INFO - DAG(s) dict_keys(['iris_training_pipeline']) retrieved from /opt/airflow/dags/airflow.py
[2025-10-18T21:05:19.591+0000] {logging_mixin.py:137} INFO - [2025-10-18T21:05:19.591+0000] {dag.py:2690} INFO - Sync 1 DAGs
[2025-10-18T21:05:19.608+0000] {logging_mixin.py:137} INFO - [2025-10-18T21:05:19.608+0000] {dag.py:3441} INFO - Setting next_dagrun for iris_training_pipeline to None, run_after=None
[2025-10-18T21:05:19.652+0000] {processor.py:175} INFO - Processing /opt/airflow/dags/airflow.py took 0.313 seconds
[2025-10-18T21:05:49.870+0000] {processor.py:153} INFO - Started process (PID=5610) to work on /opt/airflow/dags/airflow.py
[2025-10-18T21:05:49.872+0000] {processor.py:743} INFO - Processing file /opt/airflow/dags/airflow.py for tasks to queue
[2025-10-18T21:05:49.872+0000] {logging_mixin.py:137} INFO - [2025-10-18T21:05:49.872+0000] {dagbag.py:538} INFO - Filling up the DagBag from /opt/airflow/dags/airflow.py
[2025-10-18T21:05:50.087+0000] {processor.py:753} INFO - DAG(s) dict_keys(['iris_training_pipeline']) retrieved from /opt/airflow/dags/airflow.py
[2025-10-18T21:05:50.103+0000] {logging_mixin.py:137} INFO - [2025-10-18T21:05:50.103+0000] {dag.py:2690} INFO - Sync 1 DAGs
[2025-10-18T21:05:50.119+0000] {logging_mixin.py:137} INFO - [2025-10-18T21:05:50.119+0000] {dag.py:3441} INFO - Setting next_dagrun for iris_training_pipeline to None, run_after=None
[2025-10-18T21:05:50.130+0000] {processor.py:175} INFO - Processing /opt/airflow/dags/airflow.py took 0.264 seconds
[2025-10-18T21:06:20.370+0000] {processor.py:153} INFO - Started process (PID=5665) to work on /opt/airflow/dags/airflow.py
[2025-10-18T21:06:20.371+0000] {processor.py:743} INFO - Processing file /opt/airflow/dags/airflow.py for tasks to queue
[2025-10-18T21:06:20.371+0000] {logging_mixin.py:137} INFO - [2025-10-18T21:06:20.371+0000] {dagbag.py:538} INFO - Filling up the DagBag from /opt/airflow/dags/airflow.py
[2025-10-18T21:06:20.544+0000] {processor.py:753} INFO - DAG(s) dict_keys(['iris_training_pipeline']) retrieved from /opt/airflow/dags/airflow.py
[2025-10-18T21:06:20.557+0000] {logging_mixin.py:137} INFO - [2025-10-18T21:06:20.557+0000] {dag.py:2690} INFO - Sync 1 DAGs
[2025-10-18T21:06:20.569+0000] {logging_mixin.py:137} INFO - [2025-10-18T21:06:20.569+0000] {dag.py:3441} INFO - Setting next_dagrun for iris_training_pipeline to None, run_after=None
[2025-10-18T21:06:20.580+0000] {processor.py:175} INFO - Processing /opt/airflow/dags/airflow.py took 0.212 seconds
[2025-10-18T21:06:50.668+0000] {processor.py:153} INFO - Started process (PID=5720) to work on /opt/airflow/dags/airflow.py
[2025-10-18T21:06:50.669+0000] {processor.py:743} INFO - Processing file /opt/airflow/dags/airflow.py for tasks to queue
[2025-10-18T21:06:50.670+0000] {logging_mixin.py:137} INFO - [2025-10-18T21:06:50.670+0000] {dagbag.py:538} INFO - Filling up the DagBag from /opt/airflow/dags/airflow.py
[2025-10-18T21:06:50.869+0000] {processor.py:753} INFO - DAG(s) dict_keys(['iris_training_pipeline']) retrieved from /opt/airflow/dags/airflow.py
[2025-10-18T21:06:50.882+0000] {logging_mixin.py:137} INFO - [2025-10-18T21:06:50.882+0000] {dag.py:2690} INFO - Sync 1 DAGs
[2025-10-18T21:06:50.896+0000] {logging_mixin.py:137} INFO - [2025-10-18T21:06:50.896+0000] {dag.py:3441} INFO - Setting next_dagrun for iris_training_pipeline to None, run_after=None
[2025-10-18T21:06:50.905+0000] {processor.py:175} INFO - Processing /opt/airflow/dags/airflow.py took 0.243 seconds
[2025-10-18T21:07:20.996+0000] {processor.py:153} INFO - Started process (PID=5764) to work on /opt/airflow/dags/airflow.py
[2025-10-18T21:07:20.997+0000] {processor.py:743} INFO - Processing file /opt/airflow/dags/airflow.py for tasks to queue
[2025-10-18T21:07:20.998+0000] {logging_mixin.py:137} INFO - [2025-10-18T21:07:20.998+0000] {dagbag.py:538} INFO - Filling up the DagBag from /opt/airflow/dags/airflow.py
[2025-10-18T21:07:21.213+0000] {processor.py:753} INFO - DAG(s) dict_keys(['iris_training_pipeline']) retrieved from /opt/airflow/dags/airflow.py
[2025-10-18T21:07:21.230+0000] {logging_mixin.py:137} INFO - [2025-10-18T21:07:21.230+0000] {dag.py:2690} INFO - Sync 1 DAGs
[2025-10-18T21:07:21.246+0000] {logging_mixin.py:137} INFO - [2025-10-18T21:07:21.246+0000] {dag.py:3441} INFO - Setting next_dagrun for iris_training_pipeline to None, run_after=None
[2025-10-18T21:07:21.257+0000] {processor.py:175} INFO - Processing /opt/airflow/dags/airflow.py took 0.264 seconds
[2025-10-18T21:07:51.315+0000] {processor.py:153} INFO - Started process (PID=5812) to work on /opt/airflow/dags/airflow.py
[2025-10-18T21:07:51.316+0000] {processor.py:743} INFO - Processing file /opt/airflow/dags/airflow.py for tasks to queue
[2025-10-18T21:07:51.316+0000] {logging_mixin.py:137} INFO - [2025-10-18T21:07:51.316+0000] {dagbag.py:538} INFO - Filling up the DagBag from /opt/airflow/dags/airflow.py
[2025-10-18T21:07:51.524+0000] {processor.py:753} INFO - DAG(s) dict_keys(['iris_training_pipeline']) retrieved from /opt/airflow/dags/airflow.py
[2025-10-18T21:07:51.540+0000] {logging_mixin.py:137} INFO - [2025-10-18T21:07:51.540+0000] {dag.py:2690} INFO - Sync 1 DAGs
[2025-10-18T21:07:51.554+0000] {logging_mixin.py:137} INFO - [2025-10-18T21:07:51.554+0000] {dag.py:3441} INFO - Setting next_dagrun for iris_training_pipeline to None, run_after=None
[2025-10-18T21:07:51.565+0000] {processor.py:175} INFO - Processing /opt/airflow/dags/airflow.py took 0.256 seconds
[2025-10-18T21:08:21.710+0000] {processor.py:153} INFO - Started process (PID=5866) to work on /opt/airflow/dags/airflow.py
[2025-10-18T21:08:21.711+0000] {processor.py:743} INFO - Processing file /opt/airflow/dags/airflow.py for tasks to queue
[2025-10-18T21:08:21.711+0000] {logging_mixin.py:137} INFO - [2025-10-18T21:08:21.711+0000] {dagbag.py:538} INFO - Filling up the DagBag from /opt/airflow/dags/airflow.py
[2025-10-18T21:08:21.926+0000] {processor.py:753} INFO - DAG(s) dict_keys(['iris_training_pipeline']) retrieved from /opt/airflow/dags/airflow.py
[2025-10-18T21:08:21.941+0000] {logging_mixin.py:137} INFO - [2025-10-18T21:08:21.941+0000] {dag.py:2690} INFO - Sync 1 DAGs
[2025-10-18T21:08:21.958+0000] {logging_mixin.py:137} INFO - [2025-10-18T21:08:21.957+0000] {dag.py:3441} INFO - Setting next_dagrun for iris_training_pipeline to None, run_after=None
[2025-10-18T21:08:21.975+0000] {processor.py:175} INFO - Processing /opt/airflow/dags/airflow.py took 0.269 seconds
[2025-10-18T21:08:52.048+0000] {processor.py:153} INFO - Started process (PID=5912) to work on /opt/airflow/dags/airflow.py
[2025-10-18T21:08:52.049+0000] {processor.py:743} INFO - Processing file /opt/airflow/dags/airflow.py for tasks to queue
[2025-10-18T21:08:52.050+0000] {logging_mixin.py:137} INFO - [2025-10-18T21:08:52.050+0000] {dagbag.py:538} INFO - Filling up the DagBag from /opt/airflow/dags/airflow.py
[2025-10-18T21:08:52.531+0000] {processor.py:753} INFO - DAG(s) dict_keys(['iris_training_pipeline']) retrieved from /opt/airflow/dags/airflow.py
[2025-10-18T21:08:52.645+0000] {logging_mixin.py:137} INFO - [2025-10-18T21:08:52.644+0000] {dag.py:2690} INFO - Sync 1 DAGs
[2025-10-18T21:08:52.702+0000] {logging_mixin.py:137} INFO - [2025-10-18T21:08:52.702+0000] {dag.py:3441} INFO - Setting next_dagrun for iris_training_pipeline to None, run_after=None
[2025-10-18T21:08:52.717+0000] {processor.py:175} INFO - Processing /opt/airflow/dags/airflow.py took 0.678 seconds
[2025-10-18T21:09:22.966+0000] {processor.py:153} INFO - Started process (PID=5958) to work on /opt/airflow/dags/airflow.py
[2025-10-18T21:09:22.967+0000] {processor.py:743} INFO - Processing file /opt/airflow/dags/airflow.py for tasks to queue
[2025-10-18T21:09:22.967+0000] {logging_mixin.py:137} INFO - [2025-10-18T21:09:22.967+0000] {dagbag.py:538} INFO - Filling up the DagBag from /opt/airflow/dags/airflow.py
[2025-10-18T21:09:23.157+0000] {processor.py:753} INFO - DAG(s) dict_keys(['iris_training_pipeline']) retrieved from /opt/airflow/dags/airflow.py
[2025-10-18T21:09:23.170+0000] {logging_mixin.py:137} INFO - [2025-10-18T21:09:23.170+0000] {dag.py:2690} INFO - Sync 1 DAGs
[2025-10-18T21:09:23.182+0000] {logging_mixin.py:137} INFO - [2025-10-18T21:09:23.182+0000] {dag.py:3441} INFO - Setting next_dagrun for iris_training_pipeline to None, run_after=None
[2025-10-18T21:09:23.191+0000] {processor.py:175} INFO - Processing /opt/airflow/dags/airflow.py took 0.229 seconds
[2025-10-18T21:09:53.473+0000] {processor.py:153} INFO - Started process (PID=6013) to work on /opt/airflow/dags/airflow.py
[2025-10-18T21:09:53.474+0000] {processor.py:743} INFO - Processing file /opt/airflow/dags/airflow.py for tasks to queue
[2025-10-18T21:09:53.474+0000] {logging_mixin.py:137} INFO - [2025-10-18T21:09:53.474+0000] {dagbag.py:538} INFO - Filling up the DagBag from /opt/airflow/dags/airflow.py
[2025-10-18T21:09:53.701+0000] {processor.py:753} INFO - DAG(s) dict_keys(['iris_training_pipeline']) retrieved from /opt/airflow/dags/airflow.py
[2025-10-18T21:09:53.717+0000] {logging_mixin.py:137} INFO - [2025-10-18T21:09:53.717+0000] {dag.py:2690} INFO - Sync 1 DAGs
[2025-10-18T21:09:53.733+0000] {logging_mixin.py:137} INFO - [2025-10-18T21:09:53.733+0000] {dag.py:3441} INFO - Setting next_dagrun for iris_training_pipeline to None, run_after=None
[2025-10-18T21:09:53.745+0000] {processor.py:175} INFO - Processing /opt/airflow/dags/airflow.py took 0.275 seconds
[2025-10-18T21:10:23.988+0000] {processor.py:153} INFO - Started process (PID=6068) to work on /opt/airflow/dags/airflow.py
[2025-10-18T21:10:23.992+0000] {processor.py:743} INFO - Processing file /opt/airflow/dags/airflow.py for tasks to queue
[2025-10-18T21:10:23.993+0000] {logging_mixin.py:137} INFO - [2025-10-18T21:10:23.993+0000] {dagbag.py:538} INFO - Filling up the DagBag from /opt/airflow/dags/airflow.py
[2025-10-18T21:10:24.190+0000] {processor.py:753} INFO - DAG(s) dict_keys(['iris_training_pipeline']) retrieved from /opt/airflow/dags/airflow.py
[2025-10-18T21:10:24.204+0000] {logging_mixin.py:137} INFO - [2025-10-18T21:10:24.204+0000] {dag.py:2690} INFO - Sync 1 DAGs
[2025-10-18T21:10:24.216+0000] {logging_mixin.py:137} INFO - [2025-10-18T21:10:24.216+0000] {dag.py:3441} INFO - Setting next_dagrun for iris_training_pipeline to None, run_after=None
[2025-10-18T21:10:24.226+0000] {processor.py:175} INFO - Processing /opt/airflow/dags/airflow.py took 0.244 seconds
[2025-10-18T21:10:54.262+0000] {processor.py:153} INFO - Started process (PID=6105) to work on /opt/airflow/dags/airflow.py
[2025-10-18T21:10:54.264+0000] {processor.py:743} INFO - Processing file /opt/airflow/dags/airflow.py for tasks to queue
[2025-10-18T21:10:54.265+0000] {logging_mixin.py:137} INFO - [2025-10-18T21:10:54.264+0000] {dagbag.py:538} INFO - Filling up the DagBag from /opt/airflow/dags/airflow.py
[2025-10-18T21:10:54.470+0000] {processor.py:753} INFO - DAG(s) dict_keys(['iris_training_pipeline']) retrieved from /opt/airflow/dags/airflow.py
[2025-10-18T21:10:54.485+0000] {logging_mixin.py:137} INFO - [2025-10-18T21:10:54.485+0000] {dag.py:2690} INFO - Sync 1 DAGs
[2025-10-18T21:10:54.500+0000] {logging_mixin.py:137} INFO - [2025-10-18T21:10:54.500+0000] {dag.py:3441} INFO - Setting next_dagrun for iris_training_pipeline to None, run_after=None
[2025-10-18T21:10:54.510+0000] {processor.py:175} INFO - Processing /opt/airflow/dags/airflow.py took 0.254 seconds
[2025-10-18T21:11:24.726+0000] {processor.py:153} INFO - Started process (PID=6160) to work on /opt/airflow/dags/airflow.py
[2025-10-18T21:11:24.727+0000] {processor.py:743} INFO - Processing file /opt/airflow/dags/airflow.py for tasks to queue
[2025-10-18T21:11:24.727+0000] {logging_mixin.py:137} INFO - [2025-10-18T21:11:24.727+0000] {dagbag.py:538} INFO - Filling up the DagBag from /opt/airflow/dags/airflow.py
[2025-10-18T21:11:24.896+0000] {processor.py:753} INFO - DAG(s) dict_keys(['iris_training_pipeline']) retrieved from /opt/airflow/dags/airflow.py
[2025-10-18T21:11:24.908+0000] {logging_mixin.py:137} INFO - [2025-10-18T21:11:24.908+0000] {dag.py:2690} INFO - Sync 1 DAGs
[2025-10-18T21:11:24.920+0000] {logging_mixin.py:137} INFO - [2025-10-18T21:11:24.920+0000] {dag.py:3441} INFO - Setting next_dagrun for iris_training_pipeline to None, run_after=None
[2025-10-18T21:11:24.929+0000] {processor.py:175} INFO - Processing /opt/airflow/dags/airflow.py took 0.205 seconds
[2025-10-18T21:11:55.013+0000] {processor.py:153} INFO - Started process (PID=6215) to work on /opt/airflow/dags/airflow.py
[2025-10-18T21:11:55.013+0000] {processor.py:743} INFO - Processing file /opt/airflow/dags/airflow.py for tasks to queue
[2025-10-18T21:11:55.014+0000] {logging_mixin.py:137} INFO - [2025-10-18T21:11:55.014+0000] {dagbag.py:538} INFO - Filling up the DagBag from /opt/airflow/dags/airflow.py
[2025-10-18T21:11:55.174+0000] {processor.py:753} INFO - DAG(s) dict_keys(['iris_training_pipeline']) retrieved from /opt/airflow/dags/airflow.py
[2025-10-18T21:11:55.185+0000] {logging_mixin.py:137} INFO - [2025-10-18T21:11:55.185+0000] {dag.py:2690} INFO - Sync 1 DAGs
[2025-10-18T21:11:55.196+0000] {logging_mixin.py:137} INFO - [2025-10-18T21:11:55.196+0000] {dag.py:3441} INFO - Setting next_dagrun for iris_training_pipeline to None, run_after=None
[2025-10-18T21:11:55.205+0000] {processor.py:175} INFO - Processing /opt/airflow/dags/airflow.py took 0.194 seconds
[2025-10-18T21:12:25.399+0000] {processor.py:153} INFO - Started process (PID=6252) to work on /opt/airflow/dags/airflow.py
[2025-10-18T21:12:25.400+0000] {processor.py:743} INFO - Processing file /opt/airflow/dags/airflow.py for tasks to queue
[2025-10-18T21:12:25.401+0000] {logging_mixin.py:137} INFO - [2025-10-18T21:12:25.401+0000] {dagbag.py:538} INFO - Filling up the DagBag from /opt/airflow/dags/airflow.py
[2025-10-18T21:12:25.589+0000] {processor.py:753} INFO - DAG(s) dict_keys(['iris_training_pipeline']) retrieved from /opt/airflow/dags/airflow.py
[2025-10-18T21:12:25.602+0000] {logging_mixin.py:137} INFO - [2025-10-18T21:12:25.602+0000] {dag.py:2690} INFO - Sync 1 DAGs
[2025-10-18T21:12:25.615+0000] {logging_mixin.py:137} INFO - [2025-10-18T21:12:25.615+0000] {dag.py:3441} INFO - Setting next_dagrun for iris_training_pipeline to None, run_after=None
[2025-10-18T21:12:25.624+0000] {processor.py:175} INFO - Processing /opt/airflow/dags/airflow.py took 0.229 seconds
[2025-10-18T21:12:55.788+0000] {processor.py:153} INFO - Started process (PID=6307) to work on /opt/airflow/dags/airflow.py
[2025-10-18T21:12:55.788+0000] {processor.py:743} INFO - Processing file /opt/airflow/dags/airflow.py for tasks to queue
[2025-10-18T21:12:55.789+0000] {logging_mixin.py:137} INFO - [2025-10-18T21:12:55.789+0000] {dagbag.py:538} INFO - Filling up the DagBag from /opt/airflow/dags/airflow.py
[2025-10-18T21:12:55.959+0000] {processor.py:753} INFO - DAG(s) dict_keys(['iris_training_pipeline']) retrieved from /opt/airflow/dags/airflow.py
[2025-10-18T21:12:55.971+0000] {logging_mixin.py:137} INFO - [2025-10-18T21:12:55.971+0000] {dag.py:2690} INFO - Sync 1 DAGs
[2025-10-18T21:12:55.983+0000] {logging_mixin.py:137} INFO - [2025-10-18T21:12:55.983+0000] {dag.py:3441} INFO - Setting next_dagrun for iris_training_pipeline to None, run_after=None
[2025-10-18T21:12:55.992+0000] {processor.py:175} INFO - Processing /opt/airflow/dags/airflow.py took 0.207 seconds
[2025-10-18T21:13:26.241+0000] {processor.py:153} INFO - Started process (PID=6362) to work on /opt/airflow/dags/airflow.py
[2025-10-18T21:13:26.242+0000] {processor.py:743} INFO - Processing file /opt/airflow/dags/airflow.py for tasks to queue
[2025-10-18T21:13:26.242+0000] {logging_mixin.py:137} INFO - [2025-10-18T21:13:26.242+0000] {dagbag.py:538} INFO - Filling up the DagBag from /opt/airflow/dags/airflow.py
[2025-10-18T21:13:26.428+0000] {processor.py:753} INFO - DAG(s) dict_keys(['iris_training_pipeline']) retrieved from /opt/airflow/dags/airflow.py
[2025-10-18T21:13:26.442+0000] {logging_mixin.py:137} INFO - [2025-10-18T21:13:26.442+0000] {dag.py:2690} INFO - Sync 1 DAGs
[2025-10-18T21:13:26.455+0000] {logging_mixin.py:137} INFO - [2025-10-18T21:13:26.455+0000] {dag.py:3441} INFO - Setting next_dagrun for iris_training_pipeline to None, run_after=None
[2025-10-18T21:13:26.465+0000] {processor.py:175} INFO - Processing /opt/airflow/dags/airflow.py took 0.228 seconds
[2025-10-18T21:13:56.507+0000] {processor.py:153} INFO - Started process (PID=6399) to work on /opt/airflow/dags/airflow.py
[2025-10-18T21:13:56.507+0000] {processor.py:743} INFO - Processing file /opt/airflow/dags/airflow.py for tasks to queue
[2025-10-18T21:13:56.508+0000] {logging_mixin.py:137} INFO - [2025-10-18T21:13:56.508+0000] {dagbag.py:538} INFO - Filling up the DagBag from /opt/airflow/dags/airflow.py
[2025-10-18T21:13:56.712+0000] {processor.py:753} INFO - DAG(s) dict_keys(['iris_training_pipeline']) retrieved from /opt/airflow/dags/airflow.py
[2025-10-18T21:13:56.725+0000] {logging_mixin.py:137} INFO - [2025-10-18T21:13:56.725+0000] {dag.py:2690} INFO - Sync 1 DAGs
[2025-10-18T21:13:56.737+0000] {logging_mixin.py:137} INFO - [2025-10-18T21:13:56.737+0000] {dag.py:3441} INFO - Setting next_dagrun for iris_training_pipeline to None, run_after=None
[2025-10-18T21:13:56.747+0000] {processor.py:175} INFO - Processing /opt/airflow/dags/airflow.py took 0.245 seconds
[2025-10-18T21:14:26.978+0000] {processor.py:153} INFO - Started process (PID=6454) to work on /opt/airflow/dags/airflow.py
[2025-10-18T21:14:26.979+0000] {processor.py:743} INFO - Processing file /opt/airflow/dags/airflow.py for tasks to queue
[2025-10-18T21:14:26.980+0000] {logging_mixin.py:137} INFO - [2025-10-18T21:14:26.980+0000] {dagbag.py:538} INFO - Filling up the DagBag from /opt/airflow/dags/airflow.py
[2025-10-18T21:14:27.166+0000] {processor.py:753} INFO - DAG(s) dict_keys(['iris_training_pipeline']) retrieved from /opt/airflow/dags/airflow.py
[2025-10-18T21:14:27.179+0000] {logging_mixin.py:137} INFO - [2025-10-18T21:14:27.179+0000] {dag.py:2690} INFO - Sync 1 DAGs
[2025-10-18T21:14:27.191+0000] {logging_mixin.py:137} INFO - [2025-10-18T21:14:27.191+0000] {dag.py:3441} INFO - Setting next_dagrun for iris_training_pipeline to None, run_after=None
[2025-10-18T21:14:27.199+0000] {processor.py:175} INFO - Processing /opt/airflow/dags/airflow.py took 0.225 seconds
[2025-10-18T21:14:57.460+0000] {processor.py:153} INFO - Started process (PID=6509) to work on /opt/airflow/dags/airflow.py
[2025-10-18T21:14:57.461+0000] {processor.py:743} INFO - Processing file /opt/airflow/dags/airflow.py for tasks to queue
[2025-10-18T21:14:57.462+0000] {logging_mixin.py:137} INFO - [2025-10-18T21:14:57.462+0000] {dagbag.py:538} INFO - Filling up the DagBag from /opt/airflow/dags/airflow.py
[2025-10-18T21:14:57.700+0000] {processor.py:753} INFO - DAG(s) dict_keys(['iris_training_pipeline']) retrieved from /opt/airflow/dags/airflow.py
[2025-10-18T21:14:57.718+0000] {logging_mixin.py:137} INFO - [2025-10-18T21:14:57.718+0000] {dag.py:2690} INFO - Sync 1 DAGs
[2025-10-18T21:14:57.735+0000] {logging_mixin.py:137} INFO - [2025-10-18T21:14:57.735+0000] {dag.py:3441} INFO - Setting next_dagrun for iris_training_pipeline to None, run_after=None
[2025-10-18T21:14:57.747+0000] {processor.py:175} INFO - Processing /opt/airflow/dags/airflow.py took 0.293 seconds
[2025-10-18T21:15:27.994+0000] {processor.py:153} INFO - Started process (PID=6564) to work on /opt/airflow/dags/airflow.py
[2025-10-18T21:15:27.996+0000] {processor.py:743} INFO - Processing file /opt/airflow/dags/airflow.py for tasks to queue
[2025-10-18T21:15:27.996+0000] {logging_mixin.py:137} INFO - [2025-10-18T21:15:27.996+0000] {dagbag.py:538} INFO - Filling up the DagBag from /opt/airflow/dags/airflow.py
[2025-10-18T21:15:28.303+0000] {processor.py:753} INFO - DAG(s) dict_keys(['iris_training_pipeline']) retrieved from /opt/airflow/dags/airflow.py
[2025-10-18T21:15:28.325+0000] {logging_mixin.py:137} INFO - [2025-10-18T21:15:28.325+0000] {dag.py:2690} INFO - Sync 1 DAGs
[2025-10-18T21:15:28.351+0000] {logging_mixin.py:137} INFO - [2025-10-18T21:15:28.351+0000] {dag.py:3441} INFO - Setting next_dagrun for iris_training_pipeline to None, run_after=None
[2025-10-18T21:15:28.366+0000] {processor.py:175} INFO - Processing /opt/airflow/dags/airflow.py took 0.377 seconds
[2025-10-18T21:15:58.620+0000] {processor.py:153} INFO - Started process (PID=6601) to work on /opt/airflow/dags/airflow.py
[2025-10-18T21:15:58.621+0000] {processor.py:743} INFO - Processing file /opt/airflow/dags/airflow.py for tasks to queue
[2025-10-18T21:15:58.622+0000] {logging_mixin.py:137} INFO - [2025-10-18T21:15:58.622+0000] {dagbag.py:538} INFO - Filling up the DagBag from /opt/airflow/dags/airflow.py
[2025-10-18T21:15:58.933+0000] {processor.py:753} INFO - DAG(s) dict_keys(['iris_training_pipeline']) retrieved from /opt/airflow/dags/airflow.py
[2025-10-18T21:15:58.954+0000] {logging_mixin.py:137} INFO - [2025-10-18T21:15:58.954+0000] {dag.py:2690} INFO - Sync 1 DAGs
[2025-10-18T21:15:58.970+0000] {logging_mixin.py:137} INFO - [2025-10-18T21:15:58.970+0000] {dag.py:3441} INFO - Setting next_dagrun for iris_training_pipeline to None, run_after=None
[2025-10-18T21:15:58.981+0000] {processor.py:175} INFO - Processing /opt/airflow/dags/airflow.py took 0.367 seconds
[2025-10-18T21:16:29.225+0000] {processor.py:153} INFO - Started process (PID=6656) to work on /opt/airflow/dags/airflow.py
[2025-10-18T21:16:29.228+0000] {processor.py:743} INFO - Processing file /opt/airflow/dags/airflow.py for tasks to queue
[2025-10-18T21:16:29.229+0000] {logging_mixin.py:137} INFO - [2025-10-18T21:16:29.229+0000] {dagbag.py:538} INFO - Filling up the DagBag from /opt/airflow/dags/airflow.py
[2025-10-18T21:16:29.451+0000] {processor.py:753} INFO - DAG(s) dict_keys(['iris_training_pipeline']) retrieved from /opt/airflow/dags/airflow.py
[2025-10-18T21:16:29.470+0000] {logging_mixin.py:137} INFO - [2025-10-18T21:16:29.470+0000] {dag.py:2690} INFO - Sync 1 DAGs
[2025-10-18T21:16:29.485+0000] {logging_mixin.py:137} INFO - [2025-10-18T21:16:29.485+0000] {dag.py:3441} INFO - Setting next_dagrun for iris_training_pipeline to None, run_after=None
[2025-10-18T21:16:29.495+0000] {processor.py:175} INFO - Processing /opt/airflow/dags/airflow.py took 0.276 seconds
[2025-10-18T21:16:59.751+0000] {processor.py:153} INFO - Started process (PID=6711) to work on /opt/airflow/dags/airflow.py
[2025-10-18T21:16:59.754+0000] {processor.py:743} INFO - Processing file /opt/airflow/dags/airflow.py for tasks to queue
[2025-10-18T21:16:59.755+0000] {logging_mixin.py:137} INFO - [2025-10-18T21:16:59.755+0000] {dagbag.py:538} INFO - Filling up the DagBag from /opt/airflow/dags/airflow.py
[2025-10-18T21:17:00.026+0000] {processor.py:753} INFO - DAG(s) dict_keys(['iris_training_pipeline']) retrieved from /opt/airflow/dags/airflow.py
[2025-10-18T21:17:00.071+0000] {logging_mixin.py:137} INFO - [2025-10-18T21:17:00.071+0000] {dag.py:2690} INFO - Sync 1 DAGs
[2025-10-18T21:17:00.089+0000] {logging_mixin.py:137} INFO - [2025-10-18T21:17:00.089+0000] {dag.py:3441} INFO - Setting next_dagrun for iris_training_pipeline to None, run_after=None
[2025-10-18T21:17:00.101+0000] {processor.py:175} INFO - Processing /opt/airflow/dags/airflow.py took 0.357 seconds
[2025-10-18T21:17:30.319+0000] {processor.py:153} INFO - Started process (PID=6748) to work on /opt/airflow/dags/airflow.py
[2025-10-18T21:17:30.320+0000] {processor.py:743} INFO - Processing file /opt/airflow/dags/airflow.py for tasks to queue
[2025-10-18T21:17:30.320+0000] {logging_mixin.py:137} INFO - [2025-10-18T21:17:30.320+0000] {dagbag.py:538} INFO - Filling up the DagBag from /opt/airflow/dags/airflow.py
[2025-10-18T21:17:30.482+0000] {processor.py:753} INFO - DAG(s) dict_keys(['iris_training_pipeline']) retrieved from /opt/airflow/dags/airflow.py
[2025-10-18T21:17:30.495+0000] {logging_mixin.py:137} INFO - [2025-10-18T21:17:30.495+0000] {dag.py:2690} INFO - Sync 1 DAGs
[2025-10-18T21:17:30.507+0000] {logging_mixin.py:137} INFO - [2025-10-18T21:17:30.507+0000] {dag.py:3441} INFO - Setting next_dagrun for iris_training_pipeline to None, run_after=None
[2025-10-18T21:17:30.515+0000] {processor.py:175} INFO - Processing /opt/airflow/dags/airflow.py took 0.198 seconds
[2025-10-18T21:18:00.562+0000] {processor.py:153} INFO - Started process (PID=6803) to work on /opt/airflow/dags/airflow.py
[2025-10-18T21:18:00.563+0000] {processor.py:743} INFO - Processing file /opt/airflow/dags/airflow.py for tasks to queue
[2025-10-18T21:18:00.563+0000] {logging_mixin.py:137} INFO - [2025-10-18T21:18:00.563+0000] {dagbag.py:538} INFO - Filling up the DagBag from /opt/airflow/dags/airflow.py
[2025-10-18T21:18:00.751+0000] {processor.py:753} INFO - DAG(s) dict_keys(['iris_training_pipeline']) retrieved from /opt/airflow/dags/airflow.py
[2025-10-18T21:18:00.764+0000] {logging_mixin.py:137} INFO - [2025-10-18T21:18:00.764+0000] {dag.py:2690} INFO - Sync 1 DAGs
[2025-10-18T21:18:00.775+0000] {logging_mixin.py:137} INFO - [2025-10-18T21:18:00.775+0000] {dag.py:3441} INFO - Setting next_dagrun for iris_training_pipeline to None, run_after=None
[2025-10-18T21:18:00.784+0000] {processor.py:175} INFO - Processing /opt/airflow/dags/airflow.py took 0.225 seconds
[2025-10-18T21:18:30.937+0000] {processor.py:153} INFO - Started process (PID=6858) to work on /opt/airflow/dags/airflow.py
[2025-10-18T21:18:30.938+0000] {processor.py:743} INFO - Processing file /opt/airflow/dags/airflow.py for tasks to queue
[2025-10-18T21:18:30.939+0000] {logging_mixin.py:137} INFO - [2025-10-18T21:18:30.938+0000] {dagbag.py:538} INFO - Filling up the DagBag from /opt/airflow/dags/airflow.py
[2025-10-18T21:18:31.142+0000] {processor.py:753} INFO - DAG(s) dict_keys(['iris_training_pipeline']) retrieved from /opt/airflow/dags/airflow.py
[2025-10-18T21:18:31.156+0000] {logging_mixin.py:137} INFO - [2025-10-18T21:18:31.156+0000] {dag.py:2690} INFO - Sync 1 DAGs
[2025-10-18T21:18:31.169+0000] {logging_mixin.py:137} INFO - [2025-10-18T21:18:31.169+0000] {dag.py:3441} INFO - Setting next_dagrun for iris_training_pipeline to None, run_after=None
[2025-10-18T21:18:31.178+0000] {processor.py:175} INFO - Processing /opt/airflow/dags/airflow.py took 0.246 seconds
[2025-10-18T21:19:01.212+0000] {processor.py:153} INFO - Started process (PID=6895) to work on /opt/airflow/dags/airflow.py
[2025-10-18T21:19:01.214+0000] {processor.py:743} INFO - Processing file /opt/airflow/dags/airflow.py for tasks to queue
[2025-10-18T21:19:01.215+0000] {logging_mixin.py:137} INFO - [2025-10-18T21:19:01.215+0000] {dagbag.py:538} INFO - Filling up the DagBag from /opt/airflow/dags/airflow.py
[2025-10-18T21:19:01.423+0000] {processor.py:753} INFO - DAG(s) dict_keys(['iris_training_pipeline']) retrieved from /opt/airflow/dags/airflow.py
[2025-10-18T21:19:01.439+0000] {logging_mixin.py:137} INFO - [2025-10-18T21:19:01.439+0000] {dag.py:2690} INFO - Sync 1 DAGs
[2025-10-18T21:19:01.454+0000] {logging_mixin.py:137} INFO - [2025-10-18T21:19:01.454+0000] {dag.py:3441} INFO - Setting next_dagrun for iris_training_pipeline to None, run_after=None
[2025-10-18T21:19:01.466+0000] {processor.py:175} INFO - Processing /opt/airflow/dags/airflow.py took 0.261 seconds
[2025-10-18T21:19:31.681+0000] {processor.py:153} INFO - Started process (PID=6950) to work on /opt/airflow/dags/airflow.py
[2025-10-18T21:19:31.682+0000] {processor.py:743} INFO - Processing file /opt/airflow/dags/airflow.py for tasks to queue
[2025-10-18T21:19:31.682+0000] {logging_mixin.py:137} INFO - [2025-10-18T21:19:31.682+0000] {dagbag.py:538} INFO - Filling up the DagBag from /opt/airflow/dags/airflow.py
[2025-10-18T21:19:31.851+0000] {processor.py:753} INFO - DAG(s) dict_keys(['iris_training_pipeline']) retrieved from /opt/airflow/dags/airflow.py
[2025-10-18T21:19:31.863+0000] {logging_mixin.py:137} INFO - [2025-10-18T21:19:31.863+0000] {dag.py:2690} INFO - Sync 1 DAGs
[2025-10-18T21:19:31.876+0000] {logging_mixin.py:137} INFO - [2025-10-18T21:19:31.876+0000] {dag.py:3441} INFO - Setting next_dagrun for iris_training_pipeline to None, run_after=None
[2025-10-18T21:19:31.885+0000] {processor.py:175} INFO - Processing /opt/airflow/dags/airflow.py took 0.209 seconds
[2025-10-18T21:20:01.941+0000] {processor.py:153} INFO - Started process (PID=7005) to work on /opt/airflow/dags/airflow.py
[2025-10-18T21:20:01.943+0000] {processor.py:743} INFO - Processing file /opt/airflow/dags/airflow.py for tasks to queue
[2025-10-18T21:20:01.943+0000] {logging_mixin.py:137} INFO - [2025-10-18T21:20:01.943+0000] {dagbag.py:538} INFO - Filling up the DagBag from /opt/airflow/dags/airflow.py
[2025-10-18T21:20:02.108+0000] {processor.py:753} INFO - DAG(s) dict_keys(['iris_training_pipeline']) retrieved from /opt/airflow/dags/airflow.py
[2025-10-18T21:20:02.119+0000] {logging_mixin.py:137} INFO - [2025-10-18T21:20:02.119+0000] {dag.py:2690} INFO - Sync 1 DAGs
[2025-10-18T21:20:02.131+0000] {logging_mixin.py:137} INFO - [2025-10-18T21:20:02.130+0000] {dag.py:3441} INFO - Setting next_dagrun for iris_training_pipeline to None, run_after=None
[2025-10-18T21:20:02.139+0000] {processor.py:175} INFO - Processing /opt/airflow/dags/airflow.py took 0.202 seconds
[2025-10-18T21:20:32.339+0000] {processor.py:153} INFO - Started process (PID=7060) to work on /opt/airflow/dags/airflow.py
[2025-10-18T21:20:32.350+0000] {processor.py:743} INFO - Processing file /opt/airflow/dags/airflow.py for tasks to queue
[2025-10-18T21:20:32.350+0000] {logging_mixin.py:137} INFO - [2025-10-18T21:20:32.350+0000] {dagbag.py:538} INFO - Filling up the DagBag from /opt/airflow/dags/airflow.py
[2025-10-18T21:20:32.578+0000] {processor.py:753} INFO - DAG(s) dict_keys(['iris_training_pipeline']) retrieved from /opt/airflow/dags/airflow.py
[2025-10-18T21:20:32.595+0000] {logging_mixin.py:137} INFO - [2025-10-18T21:20:32.595+0000] {dag.py:2690} INFO - Sync 1 DAGs
[2025-10-18T21:20:32.610+0000] {logging_mixin.py:137} INFO - [2025-10-18T21:20:32.610+0000] {dag.py:3441} INFO - Setting next_dagrun for iris_training_pipeline to None, run_after=None
[2025-10-18T21:20:32.621+0000] {processor.py:175} INFO - Processing /opt/airflow/dags/airflow.py took 0.285 seconds
[2025-10-18T21:21:02.838+0000] {processor.py:153} INFO - Started process (PID=7097) to work on /opt/airflow/dags/airflow.py
[2025-10-18T21:21:02.839+0000] {processor.py:743} INFO - Processing file /opt/airflow/dags/airflow.py for tasks to queue
[2025-10-18T21:21:02.840+0000] {logging_mixin.py:137} INFO - [2025-10-18T21:21:02.840+0000] {dagbag.py:538} INFO - Filling up the DagBag from /opt/airflow/dags/airflow.py
[2025-10-18T21:21:03.100+0000] {processor.py:753} INFO - DAG(s) dict_keys(['iris_training_pipeline']) retrieved from /opt/airflow/dags/airflow.py
[2025-10-18T21:21:03.117+0000] {logging_mixin.py:137} INFO - [2025-10-18T21:21:03.117+0000] {dag.py:2690} INFO - Sync 1 DAGs
[2025-10-18T21:21:03.132+0000] {logging_mixin.py:137} INFO - [2025-10-18T21:21:03.132+0000] {dag.py:3441} INFO - Setting next_dagrun for iris_training_pipeline to None, run_after=None
[2025-10-18T21:21:03.143+0000] {processor.py:175} INFO - Processing /opt/airflow/dags/airflow.py took 0.313 seconds
[2025-10-18T21:21:33.371+0000] {processor.py:153} INFO - Started process (PID=7152) to work on /opt/airflow/dags/airflow.py
[2025-10-18T21:21:33.372+0000] {processor.py:743} INFO - Processing file /opt/airflow/dags/airflow.py for tasks to queue
[2025-10-18T21:21:33.372+0000] {logging_mixin.py:137} INFO - [2025-10-18T21:21:33.372+0000] {dagbag.py:538} INFO - Filling up the DagBag from /opt/airflow/dags/airflow.py
[2025-10-18T21:21:33.568+0000] {processor.py:753} INFO - DAG(s) dict_keys(['iris_training_pipeline']) retrieved from /opt/airflow/dags/airflow.py
[2025-10-18T21:21:33.581+0000] {logging_mixin.py:137} INFO - [2025-10-18T21:21:33.581+0000] {dag.py:2690} INFO - Sync 1 DAGs
[2025-10-18T21:21:33.595+0000] {logging_mixin.py:137} INFO - [2025-10-18T21:21:33.594+0000] {dag.py:3441} INFO - Setting next_dagrun for iris_training_pipeline to None, run_after=None
[2025-10-18T21:21:33.604+0000] {processor.py:175} INFO - Processing /opt/airflow/dags/airflow.py took 0.236 seconds
[2025-10-18T21:22:03.657+0000] {processor.py:153} INFO - Started process (PID=7207) to work on /opt/airflow/dags/airflow.py
[2025-10-18T21:22:03.658+0000] {processor.py:743} INFO - Processing file /opt/airflow/dags/airflow.py for tasks to queue
[2025-10-18T21:22:03.659+0000] {logging_mixin.py:137} INFO - [2025-10-18T21:22:03.659+0000] {dagbag.py:538} INFO - Filling up the DagBag from /opt/airflow/dags/airflow.py
[2025-10-18T21:22:03.832+0000] {processor.py:753} INFO - DAG(s) dict_keys(['iris_training_pipeline']) retrieved from /opt/airflow/dags/airflow.py
[2025-10-18T21:22:03.844+0000] {logging_mixin.py:137} INFO - [2025-10-18T21:22:03.844+0000] {dag.py:2690} INFO - Sync 1 DAGs
[2025-10-18T21:22:03.856+0000] {logging_mixin.py:137} INFO - [2025-10-18T21:22:03.856+0000] {dag.py:3441} INFO - Setting next_dagrun for iris_training_pipeline to None, run_after=None
[2025-10-18T21:22:03.867+0000] {processor.py:175} INFO - Processing /opt/airflow/dags/airflow.py took 0.214 seconds
[2025-10-18T21:22:34.100+0000] {processor.py:153} INFO - Started process (PID=7244) to work on /opt/airflow/dags/airflow.py
[2025-10-18T21:22:34.101+0000] {processor.py:743} INFO - Processing file /opt/airflow/dags/airflow.py for tasks to queue
[2025-10-18T21:22:34.102+0000] {logging_mixin.py:137} INFO - [2025-10-18T21:22:34.102+0000] {dagbag.py:538} INFO - Filling up the DagBag from /opt/airflow/dags/airflow.py
[2025-10-18T21:22:34.307+0000] {processor.py:753} INFO - DAG(s) dict_keys(['iris_training_pipeline']) retrieved from /opt/airflow/dags/airflow.py
[2025-10-18T21:22:34.319+0000] {logging_mixin.py:137} INFO - [2025-10-18T21:22:34.319+0000] {dag.py:2690} INFO - Sync 1 DAGs
[2025-10-18T21:22:34.331+0000] {logging_mixin.py:137} INFO - [2025-10-18T21:22:34.331+0000] {dag.py:3441} INFO - Setting next_dagrun for iris_training_pipeline to None, run_after=None
[2025-10-18T21:22:34.340+0000] {processor.py:175} INFO - Processing /opt/airflow/dags/airflow.py took 0.244 seconds
[2025-10-18T21:23:04.378+0000] {processor.py:153} INFO - Started process (PID=7299) to work on /opt/airflow/dags/airflow.py
[2025-10-18T21:23:04.380+0000] {processor.py:743} INFO - Processing file /opt/airflow/dags/airflow.py for tasks to queue
[2025-10-18T21:23:04.381+0000] {logging_mixin.py:137} INFO - [2025-10-18T21:23:04.381+0000] {dagbag.py:538} INFO - Filling up the DagBag from /opt/airflow/dags/airflow.py
[2025-10-18T21:23:04.617+0000] {processor.py:753} INFO - DAG(s) dict_keys(['iris_training_pipeline']) retrieved from /opt/airflow/dags/airflow.py
[2025-10-18T21:23:04.633+0000] {logging_mixin.py:137} INFO - [2025-10-18T21:23:04.633+0000] {dag.py:2690} INFO - Sync 1 DAGs
[2025-10-18T21:23:04.647+0000] {logging_mixin.py:137} INFO - [2025-10-18T21:23:04.647+0000] {dag.py:3441} INFO - Setting next_dagrun for iris_training_pipeline to None, run_after=None
[2025-10-18T21:23:04.657+0000] {processor.py:175} INFO - Processing /opt/airflow/dags/airflow.py took 0.283 seconds
[2025-10-18T21:23:34.818+0000] {processor.py:153} INFO - Started process (PID=7354) to work on /opt/airflow/dags/airflow.py
[2025-10-18T21:23:34.820+0000] {processor.py:743} INFO - Processing file /opt/airflow/dags/airflow.py for tasks to queue
[2025-10-18T21:23:34.820+0000] {logging_mixin.py:137} INFO - [2025-10-18T21:23:34.820+0000] {dagbag.py:538} INFO - Filling up the DagBag from /opt/airflow/dags/airflow.py
[2025-10-18T21:23:34.995+0000] {processor.py:753} INFO - DAG(s) dict_keys(['iris_training_pipeline']) retrieved from /opt/airflow/dags/airflow.py
[2025-10-18T21:23:35.008+0000] {logging_mixin.py:137} INFO - [2025-10-18T21:23:35.008+0000] {dag.py:2690} INFO - Sync 1 DAGs
[2025-10-18T21:23:35.020+0000] {logging_mixin.py:137} INFO - [2025-10-18T21:23:35.020+0000] {dag.py:3441} INFO - Setting next_dagrun for iris_training_pipeline to None, run_after=None
[2025-10-18T21:23:35.029+0000] {processor.py:175} INFO - Processing /opt/airflow/dags/airflow.py took 0.213 seconds
[2025-10-18T21:24:05.204+0000] {processor.py:153} INFO - Started process (PID=7391) to work on /opt/airflow/dags/airflow.py
[2025-10-18T21:24:05.205+0000] {processor.py:743} INFO - Processing file /opt/airflow/dags/airflow.py for tasks to queue
[2025-10-18T21:24:05.206+0000] {logging_mixin.py:137} INFO - [2025-10-18T21:24:05.206+0000] {dagbag.py:538} INFO - Filling up the DagBag from /opt/airflow/dags/airflow.py
[2025-10-18T21:24:05.497+0000] {processor.py:753} INFO - DAG(s) dict_keys(['iris_training_pipeline']) retrieved from /opt/airflow/dags/airflow.py
[2025-10-18T21:24:05.524+0000] {logging_mixin.py:137} INFO - [2025-10-18T21:24:05.524+0000] {dag.py:2690} INFO - Sync 1 DAGs
[2025-10-18T21:24:05.545+0000] {logging_mixin.py:137} INFO - [2025-10-18T21:24:05.545+0000] {dag.py:3441} INFO - Setting next_dagrun for iris_training_pipeline to None, run_after=None
[2025-10-18T21:24:05.557+0000] {processor.py:175} INFO - Processing /opt/airflow/dags/airflow.py took 0.356 seconds
[2025-10-18T21:24:35.761+0000] {processor.py:153} INFO - Started process (PID=7446) to work on /opt/airflow/dags/airflow.py
[2025-10-18T21:24:35.762+0000] {processor.py:743} INFO - Processing file /opt/airflow/dags/airflow.py for tasks to queue
[2025-10-18T21:24:35.763+0000] {logging_mixin.py:137} INFO - [2025-10-18T21:24:35.763+0000] {dagbag.py:538} INFO - Filling up the DagBag from /opt/airflow/dags/airflow.py
[2025-10-18T21:24:36.031+0000] {processor.py:753} INFO - DAG(s) dict_keys(['iris_training_pipeline']) retrieved from /opt/airflow/dags/airflow.py
[2025-10-18T21:24:36.056+0000] {logging_mixin.py:137} INFO - [2025-10-18T21:24:36.056+0000] {dag.py:2690} INFO - Sync 1 DAGs
[2025-10-18T21:24:36.078+0000] {logging_mixin.py:137} INFO - [2025-10-18T21:24:36.078+0000] {dag.py:3441} INFO - Setting next_dagrun for iris_training_pipeline to None, run_after=None
[2025-10-18T21:24:36.092+0000] {processor.py:175} INFO - Processing /opt/airflow/dags/airflow.py took 0.335 seconds
[2025-10-18T21:25:06.340+0000] {processor.py:153} INFO - Started process (PID=7501) to work on /opt/airflow/dags/airflow.py
[2025-10-18T21:25:06.341+0000] {processor.py:743} INFO - Processing file /opt/airflow/dags/airflow.py for tasks to queue
[2025-10-18T21:25:06.342+0000] {logging_mixin.py:137} INFO - [2025-10-18T21:25:06.342+0000] {dagbag.py:538} INFO - Filling up the DagBag from /opt/airflow/dags/airflow.py
[2025-10-18T21:25:06.642+0000] {processor.py:753} INFO - DAG(s) dict_keys(['iris_training_pipeline']) retrieved from /opt/airflow/dags/airflow.py
[2025-10-18T21:25:06.660+0000] {logging_mixin.py:137} INFO - [2025-10-18T21:25:06.660+0000] {dag.py:2690} INFO - Sync 1 DAGs
[2025-10-18T21:25:06.677+0000] {logging_mixin.py:137} INFO - [2025-10-18T21:25:06.677+0000] {dag.py:3441} INFO - Setting next_dagrun for iris_training_pipeline to None, run_after=None
[2025-10-18T21:25:06.689+0000] {processor.py:175} INFO - Processing /opt/airflow/dags/airflow.py took 0.353 seconds
[2025-10-18T21:25:36.928+0000] {processor.py:153} INFO - Started process (PID=7539) to work on /opt/airflow/dags/airflow.py
[2025-10-18T21:25:36.930+0000] {processor.py:743} INFO - Processing file /opt/airflow/dags/airflow.py for tasks to queue
[2025-10-18T21:25:36.931+0000] {logging_mixin.py:137} INFO - [2025-10-18T21:25:36.931+0000] {dagbag.py:538} INFO - Filling up the DagBag from /opt/airflow/dags/airflow.py
[2025-10-18T21:25:37.183+0000] {processor.py:753} INFO - DAG(s) dict_keys(['iris_training_pipeline']) retrieved from /opt/airflow/dags/airflow.py
[2025-10-18T21:25:37.205+0000] {logging_mixin.py:137} INFO - [2025-10-18T21:25:37.205+0000] {dag.py:2690} INFO - Sync 1 DAGs
[2025-10-18T21:25:37.228+0000] {logging_mixin.py:137} INFO - [2025-10-18T21:25:37.228+0000] {dag.py:3441} INFO - Setting next_dagrun for iris_training_pipeline to None, run_after=None
[2025-10-18T21:25:37.247+0000] {processor.py:175} INFO - Processing /opt/airflow/dags/airflow.py took 0.328 seconds
[2025-10-18T21:26:07.479+0000] {processor.py:153} INFO - Started process (PID=7594) to work on /opt/airflow/dags/airflow.py
[2025-10-18T21:26:07.481+0000] {processor.py:743} INFO - Processing file /opt/airflow/dags/airflow.py for tasks to queue
[2025-10-18T21:26:07.482+0000] {logging_mixin.py:137} INFO - [2025-10-18T21:26:07.482+0000] {dagbag.py:538} INFO - Filling up the DagBag from /opt/airflow/dags/airflow.py
[2025-10-18T21:26:07.764+0000] {processor.py:753} INFO - DAG(s) dict_keys(['iris_training_pipeline']) retrieved from /opt/airflow/dags/airflow.py
[2025-10-18T21:26:07.786+0000] {logging_mixin.py:137} INFO - [2025-10-18T21:26:07.785+0000] {dag.py:2690} INFO - Sync 1 DAGs
[2025-10-18T21:26:07.803+0000] {logging_mixin.py:137} INFO - [2025-10-18T21:26:07.803+0000] {dag.py:3441} INFO - Setting next_dagrun for iris_training_pipeline to None, run_after=None
[2025-10-18T21:26:07.815+0000] {processor.py:175} INFO - Processing /opt/airflow/dags/airflow.py took 0.341 seconds
[2025-10-18T21:26:38.059+0000] {processor.py:153} INFO - Started process (PID=7649) to work on /opt/airflow/dags/airflow.py
[2025-10-18T21:26:38.060+0000] {processor.py:743} INFO - Processing file /opt/airflow/dags/airflow.py for tasks to queue
[2025-10-18T21:26:38.061+0000] {logging_mixin.py:137} INFO - [2025-10-18T21:26:38.061+0000] {dagbag.py:538} INFO - Filling up the DagBag from /opt/airflow/dags/airflow.py
[2025-10-18T21:26:38.322+0000] {processor.py:753} INFO - DAG(s) dict_keys(['iris_training_pipeline']) retrieved from /opt/airflow/dags/airflow.py
[2025-10-18T21:26:38.343+0000] {logging_mixin.py:137} INFO - [2025-10-18T21:26:38.343+0000] {dag.py:2690} INFO - Sync 1 DAGs
[2025-10-18T21:26:38.358+0000] {logging_mixin.py:137} INFO - [2025-10-18T21:26:38.358+0000] {dag.py:3441} INFO - Setting next_dagrun for iris_training_pipeline to None, run_after=None
[2025-10-18T21:26:38.369+0000] {processor.py:175} INFO - Processing /opt/airflow/dags/airflow.py took 0.314 seconds
[2025-10-18T21:27:08.677+0000] {processor.py:153} INFO - Started process (PID=7685) to work on /opt/airflow/dags/airflow.py
[2025-10-18T21:27:08.679+0000] {processor.py:743} INFO - Processing file /opt/airflow/dags/airflow.py for tasks to queue
[2025-10-18T21:27:08.681+0000] {logging_mixin.py:137} INFO - [2025-10-18T21:27:08.681+0000] {dagbag.py:538} INFO - Filling up the DagBag from /opt/airflow/dags/airflow.py
[2025-10-18T21:27:08.915+0000] {processor.py:753} INFO - DAG(s) dict_keys(['iris_training_pipeline']) retrieved from /opt/airflow/dags/airflow.py
[2025-10-18T21:27:08.934+0000] {logging_mixin.py:137} INFO - [2025-10-18T21:27:08.934+0000] {dag.py:2690} INFO - Sync 1 DAGs
[2025-10-18T21:27:08.949+0000] {logging_mixin.py:137} INFO - [2025-10-18T21:27:08.949+0000] {dag.py:3441} INFO - Setting next_dagrun for iris_training_pipeline to None, run_after=None
[2025-10-18T21:27:08.960+0000] {processor.py:175} INFO - Processing /opt/airflow/dags/airflow.py took 0.292 seconds
[2025-10-18T21:27:39.139+0000] {processor.py:153} INFO - Started process (PID=7740) to work on /opt/airflow/dags/airflow.py
[2025-10-18T21:27:39.140+0000] {processor.py:743} INFO - Processing file /opt/airflow/dags/airflow.py for tasks to queue
[2025-10-18T21:27:39.141+0000] {logging_mixin.py:137} INFO - [2025-10-18T21:27:39.141+0000] {dagbag.py:538} INFO - Filling up the DagBag from /opt/airflow/dags/airflow.py
[2025-10-18T21:27:39.362+0000] {processor.py:753} INFO - DAG(s) dict_keys(['iris_training_pipeline']) retrieved from /opt/airflow/dags/airflow.py
[2025-10-18T21:27:39.378+0000] {logging_mixin.py:137} INFO - [2025-10-18T21:27:39.378+0000] {dag.py:2690} INFO - Sync 1 DAGs
[2025-10-18T21:27:39.395+0000] {logging_mixin.py:137} INFO - [2025-10-18T21:27:39.395+0000] {dag.py:3441} INFO - Setting next_dagrun for iris_training_pipeline to None, run_after=None
[2025-10-18T21:27:39.410+0000] {processor.py:175} INFO - Processing /opt/airflow/dags/airflow.py took 0.274 seconds
[2025-10-18T21:28:09.603+0000] {processor.py:153} INFO - Started process (PID=7795) to work on /opt/airflow/dags/airflow.py
[2025-10-18T21:28:09.606+0000] {processor.py:743} INFO - Processing file /opt/airflow/dags/airflow.py for tasks to queue
[2025-10-18T21:28:09.607+0000] {logging_mixin.py:137} INFO - [2025-10-18T21:28:09.607+0000] {dagbag.py:538} INFO - Filling up the DagBag from /opt/airflow/dags/airflow.py
[2025-10-18T21:28:09.842+0000] {processor.py:753} INFO - DAG(s) dict_keys(['iris_training_pipeline']) retrieved from /opt/airflow/dags/airflow.py
[2025-10-18T21:28:09.860+0000] {logging_mixin.py:137} INFO - [2025-10-18T21:28:09.860+0000] {dag.py:2690} INFO - Sync 1 DAGs
[2025-10-18T21:28:09.876+0000] {logging_mixin.py:137} INFO - [2025-10-18T21:28:09.876+0000] {dag.py:3441} INFO - Setting next_dagrun for iris_training_pipeline to None, run_after=None
[2025-10-18T21:28:09.886+0000] {processor.py:175} INFO - Processing /opt/airflow/dags/airflow.py took 0.290 seconds
[2025-10-18T21:28:40.177+0000] {processor.py:153} INFO - Started process (PID=7832) to work on /opt/airflow/dags/airflow.py
[2025-10-18T21:28:40.180+0000] {processor.py:743} INFO - Processing file /opt/airflow/dags/airflow.py for tasks to queue
[2025-10-18T21:28:40.181+0000] {logging_mixin.py:137} INFO - [2025-10-18T21:28:40.181+0000] {dagbag.py:538} INFO - Filling up the DagBag from /opt/airflow/dags/airflow.py
[2025-10-18T21:28:40.453+0000] {processor.py:753} INFO - DAG(s) dict_keys(['iris_training_pipeline']) retrieved from /opt/airflow/dags/airflow.py
[2025-10-18T21:28:40.473+0000] {logging_mixin.py:137} INFO - [2025-10-18T21:28:40.473+0000] {dag.py:2690} INFO - Sync 1 DAGs
[2025-10-18T21:28:40.490+0000] {logging_mixin.py:137} INFO - [2025-10-18T21:28:40.489+0000] {dag.py:3441} INFO - Setting next_dagrun for iris_training_pipeline to None, run_after=None
[2025-10-18T21:28:40.503+0000] {processor.py:175} INFO - Processing /opt/airflow/dags/airflow.py took 0.342 seconds
[2025-10-18T21:29:10.726+0000] {processor.py:153} INFO - Started process (PID=7887) to work on /opt/airflow/dags/airflow.py
[2025-10-18T21:29:10.728+0000] {processor.py:743} INFO - Processing file /opt/airflow/dags/airflow.py for tasks to queue
[2025-10-18T21:29:10.729+0000] {logging_mixin.py:137} INFO - [2025-10-18T21:29:10.728+0000] {dagbag.py:538} INFO - Filling up the DagBag from /opt/airflow/dags/airflow.py
[2025-10-18T21:29:10.924+0000] {processor.py:753} INFO - DAG(s) dict_keys(['iris_training_pipeline']) retrieved from /opt/airflow/dags/airflow.py
[2025-10-18T21:29:10.938+0000] {logging_mixin.py:137} INFO - [2025-10-18T21:29:10.938+0000] {dag.py:2690} INFO - Sync 1 DAGs
[2025-10-18T21:29:10.953+0000] {logging_mixin.py:137} INFO - [2025-10-18T21:29:10.952+0000] {dag.py:3441} INFO - Setting next_dagrun for iris_training_pipeline to None, run_after=None
[2025-10-18T21:29:10.961+0000] {processor.py:175} INFO - Processing /opt/airflow/dags/airflow.py took 0.242 seconds
[2025-10-18T21:29:40.995+0000] {processor.py:153} INFO - Started process (PID=7942) to work on /opt/airflow/dags/airflow.py
[2025-10-18T21:29:40.997+0000] {processor.py:743} INFO - Processing file /opt/airflow/dags/airflow.py for tasks to queue
[2025-10-18T21:29:40.998+0000] {logging_mixin.py:137} INFO - [2025-10-18T21:29:40.997+0000] {dagbag.py:538} INFO - Filling up the DagBag from /opt/airflow/dags/airflow.py
[2025-10-18T21:29:41.270+0000] {processor.py:753} INFO - DAG(s) dict_keys(['iris_training_pipeline']) retrieved from /opt/airflow/dags/airflow.py
[2025-10-18T21:29:41.295+0000] {logging_mixin.py:137} INFO - [2025-10-18T21:29:41.295+0000] {dag.py:2690} INFO - Sync 1 DAGs
[2025-10-18T21:29:41.315+0000] {logging_mixin.py:137} INFO - [2025-10-18T21:29:41.315+0000] {dag.py:3441} INFO - Setting next_dagrun for iris_training_pipeline to None, run_after=None
[2025-10-18T21:29:41.327+0000] {processor.py:175} INFO - Processing /opt/airflow/dags/airflow.py took 0.336 seconds
[2025-10-18T21:30:11.434+0000] {processor.py:153} INFO - Started process (PID=7979) to work on /opt/airflow/dags/airflow.py
[2025-10-18T21:30:11.435+0000] {processor.py:743} INFO - Processing file /opt/airflow/dags/airflow.py for tasks to queue
[2025-10-18T21:30:11.436+0000] {logging_mixin.py:137} INFO - [2025-10-18T21:30:11.436+0000] {dagbag.py:538} INFO - Filling up the DagBag from /opt/airflow/dags/airflow.py
[2025-10-18T21:30:11.737+0000] {processor.py:753} INFO - DAG(s) dict_keys(['iris_training_pipeline']) retrieved from /opt/airflow/dags/airflow.py
[2025-10-18T21:30:11.762+0000] {logging_mixin.py:137} INFO - [2025-10-18T21:30:11.762+0000] {dag.py:2690} INFO - Sync 1 DAGs
[2025-10-18T21:30:11.782+0000] {logging_mixin.py:137} INFO - [2025-10-18T21:30:11.782+0000] {dag.py:3441} INFO - Setting next_dagrun for iris_training_pipeline to None, run_after=None
[2025-10-18T21:30:11.797+0000] {processor.py:175} INFO - Processing /opt/airflow/dags/airflow.py took 0.370 seconds
[2025-10-18T21:30:42.036+0000] {processor.py:153} INFO - Started process (PID=8034) to work on /opt/airflow/dags/airflow.py
[2025-10-18T21:30:42.038+0000] {processor.py:743} INFO - Processing file /opt/airflow/dags/airflow.py for tasks to queue
[2025-10-18T21:30:42.039+0000] {logging_mixin.py:137} INFO - [2025-10-18T21:30:42.039+0000] {dagbag.py:538} INFO - Filling up the DagBag from /opt/airflow/dags/airflow.py
[2025-10-18T21:30:42.261+0000] {processor.py:753} INFO - DAG(s) dict_keys(['iris_training_pipeline']) retrieved from /opt/airflow/dags/airflow.py
[2025-10-18T21:30:42.276+0000] {logging_mixin.py:137} INFO - [2025-10-18T21:30:42.276+0000] {dag.py:2690} INFO - Sync 1 DAGs
[2025-10-18T21:30:42.290+0000] {logging_mixin.py:137} INFO - [2025-10-18T21:30:42.290+0000] {dag.py:3441} INFO - Setting next_dagrun for iris_training_pipeline to None, run_after=None
[2025-10-18T21:30:42.300+0000] {processor.py:175} INFO - Processing /opt/airflow/dags/airflow.py took 0.270 seconds
[2025-10-18T21:31:12.516+0000] {processor.py:153} INFO - Started process (PID=8089) to work on /opt/airflow/dags/airflow.py
[2025-10-18T21:31:12.517+0000] {processor.py:743} INFO - Processing file /opt/airflow/dags/airflow.py for tasks to queue
[2025-10-18T21:31:12.518+0000] {logging_mixin.py:137} INFO - [2025-10-18T21:31:12.518+0000] {dagbag.py:538} INFO - Filling up the DagBag from /opt/airflow/dags/airflow.py
[2025-10-18T21:31:12.756+0000] {processor.py:753} INFO - DAG(s) dict_keys(['iris_training_pipeline']) retrieved from /opt/airflow/dags/airflow.py
[2025-10-18T21:31:12.776+0000] {logging_mixin.py:137} INFO - [2025-10-18T21:31:12.776+0000] {dag.py:2690} INFO - Sync 1 DAGs
[2025-10-18T21:31:12.796+0000] {logging_mixin.py:137} INFO - [2025-10-18T21:31:12.796+0000] {dag.py:3441} INFO - Setting next_dagrun for iris_training_pipeline to None, run_after=None
[2025-10-18T21:31:12.809+0000] {processor.py:175} INFO - Processing /opt/airflow/dags/airflow.py took 0.297 seconds
[2025-10-18T21:31:43.061+0000] {processor.py:153} INFO - Started process (PID=8133) to work on /opt/airflow/dags/airflow.py
[2025-10-18T21:31:43.062+0000] {processor.py:743} INFO - Processing file /opt/airflow/dags/airflow.py for tasks to queue
[2025-10-18T21:31:43.063+0000] {logging_mixin.py:137} INFO - [2025-10-18T21:31:43.063+0000] {dagbag.py:538} INFO - Filling up the DagBag from /opt/airflow/dags/airflow.py
[2025-10-18T21:31:43.285+0000] {processor.py:753} INFO - DAG(s) dict_keys(['iris_training_pipeline']) retrieved from /opt/airflow/dags/airflow.py
[2025-10-18T21:31:43.300+0000] {logging_mixin.py:137} INFO - [2025-10-18T21:31:43.300+0000] {dag.py:2690} INFO - Sync 1 DAGs
[2025-10-18T21:31:43.318+0000] {logging_mixin.py:137} INFO - [2025-10-18T21:31:43.318+0000] {dag.py:3441} INFO - Setting next_dagrun for iris_training_pipeline to None, run_after=None
[2025-10-18T21:31:43.328+0000] {processor.py:175} INFO - Processing /opt/airflow/dags/airflow.py took 0.269 seconds
[2025-10-18T21:32:13.529+0000] {processor.py:153} INFO - Started process (PID=8181) to work on /opt/airflow/dags/airflow.py
[2025-10-18T21:32:13.530+0000] {processor.py:743} INFO - Processing file /opt/airflow/dags/airflow.py for tasks to queue
[2025-10-18T21:32:13.531+0000] {logging_mixin.py:137} INFO - [2025-10-18T21:32:13.531+0000] {dagbag.py:538} INFO - Filling up the DagBag from /opt/airflow/dags/airflow.py
[2025-10-18T21:32:13.738+0000] {processor.py:753} INFO - DAG(s) dict_keys(['iris_training_pipeline']) retrieved from /opt/airflow/dags/airflow.py
[2025-10-18T21:32:13.754+0000] {logging_mixin.py:137} INFO - [2025-10-18T21:32:13.754+0000] {dag.py:2690} INFO - Sync 1 DAGs
[2025-10-18T21:32:13.767+0000] {logging_mixin.py:137} INFO - [2025-10-18T21:32:13.767+0000] {dag.py:3441} INFO - Setting next_dagrun for iris_training_pipeline to None, run_after=None
[2025-10-18T21:32:13.777+0000] {processor.py:175} INFO - Processing /opt/airflow/dags/airflow.py took 0.250 seconds
[2025-10-18T21:32:43.823+0000] {processor.py:153} INFO - Started process (PID=8236) to work on /opt/airflow/dags/airflow.py
[2025-10-18T21:32:43.826+0000] {processor.py:743} INFO - Processing file /opt/airflow/dags/airflow.py for tasks to queue
[2025-10-18T21:32:43.828+0000] {logging_mixin.py:137} INFO - [2025-10-18T21:32:43.827+0000] {dagbag.py:538} INFO - Filling up the DagBag from /opt/airflow/dags/airflow.py
[2025-10-18T21:32:44.038+0000] {processor.py:753} INFO - DAG(s) dict_keys(['iris_training_pipeline']) retrieved from /opt/airflow/dags/airflow.py
[2025-10-18T21:32:44.055+0000] {logging_mixin.py:137} INFO - [2025-10-18T21:32:44.055+0000] {dag.py:2690} INFO - Sync 1 DAGs
[2025-10-18T21:32:44.069+0000] {logging_mixin.py:137} INFO - [2025-10-18T21:32:44.069+0000] {dag.py:3441} INFO - Setting next_dagrun for iris_training_pipeline to None, run_after=None
[2025-10-18T21:32:44.079+0000] {processor.py:175} INFO - Processing /opt/airflow/dags/airflow.py took 0.264 seconds
[2025-10-18T21:33:14.186+0000] {processor.py:153} INFO - Started process (PID=8273) to work on /opt/airflow/dags/airflow.py
[2025-10-18T21:33:14.187+0000] {processor.py:743} INFO - Processing file /opt/airflow/dags/airflow.py for tasks to queue
[2025-10-18T21:33:14.187+0000] {logging_mixin.py:137} INFO - [2025-10-18T21:33:14.187+0000] {dagbag.py:538} INFO - Filling up the DagBag from /opt/airflow/dags/airflow.py
[2025-10-18T21:33:14.378+0000] {processor.py:753} INFO - DAG(s) dict_keys(['iris_training_pipeline']) retrieved from /opt/airflow/dags/airflow.py
[2025-10-18T21:33:14.391+0000] {logging_mixin.py:137} INFO - [2025-10-18T21:33:14.390+0000] {dag.py:2690} INFO - Sync 1 DAGs
[2025-10-18T21:33:14.404+0000] {logging_mixin.py:137} INFO - [2025-10-18T21:33:14.404+0000] {dag.py:3441} INFO - Setting next_dagrun for iris_training_pipeline to None, run_after=None
[2025-10-18T21:33:14.413+0000] {processor.py:175} INFO - Processing /opt/airflow/dags/airflow.py took 0.229 seconds
[2025-10-18T21:33:44.646+0000] {processor.py:153} INFO - Started process (PID=8328) to work on /opt/airflow/dags/airflow.py
[2025-10-18T21:33:44.648+0000] {processor.py:743} INFO - Processing file /opt/airflow/dags/airflow.py for tasks to queue
[2025-10-18T21:33:44.649+0000] {logging_mixin.py:137} INFO - [2025-10-18T21:33:44.649+0000] {dagbag.py:538} INFO - Filling up the DagBag from /opt/airflow/dags/airflow.py
[2025-10-18T21:33:44.874+0000] {processor.py:753} INFO - DAG(s) dict_keys(['iris_training_pipeline']) retrieved from /opt/airflow/dags/airflow.py
[2025-10-18T21:33:44.889+0000] {logging_mixin.py:137} INFO - [2025-10-18T21:33:44.889+0000] {dag.py:2690} INFO - Sync 1 DAGs
[2025-10-18T21:33:44.904+0000] {logging_mixin.py:137} INFO - [2025-10-18T21:33:44.904+0000] {dag.py:3441} INFO - Setting next_dagrun for iris_training_pipeline to None, run_after=None
[2025-10-18T21:33:44.914+0000] {processor.py:175} INFO - Processing /opt/airflow/dags/airflow.py took 0.272 seconds
[2025-10-18T21:34:15.161+0000] {processor.py:153} INFO - Started process (PID=8383) to work on /opt/airflow/dags/airflow.py
[2025-10-18T21:34:15.162+0000] {processor.py:743} INFO - Processing file /opt/airflow/dags/airflow.py for tasks to queue
[2025-10-18T21:34:15.162+0000] {logging_mixin.py:137} INFO - [2025-10-18T21:34:15.162+0000] {dagbag.py:538} INFO - Filling up the DagBag from /opt/airflow/dags/airflow.py
[2025-10-18T21:34:15.325+0000] {processor.py:753} INFO - DAG(s) dict_keys(['iris_training_pipeline']) retrieved from /opt/airflow/dags/airflow.py
[2025-10-18T21:34:15.337+0000] {logging_mixin.py:137} INFO - [2025-10-18T21:34:15.337+0000] {dag.py:2690} INFO - Sync 1 DAGs
[2025-10-18T21:34:15.349+0000] {logging_mixin.py:137} INFO - [2025-10-18T21:34:15.349+0000] {dag.py:3441} INFO - Setting next_dagrun for iris_training_pipeline to None, run_after=None
[2025-10-18T21:34:15.358+0000] {processor.py:175} INFO - Processing /opt/airflow/dags/airflow.py took 0.201 seconds
[2025-10-18T21:34:45.431+0000] {processor.py:153} INFO - Started process (PID=8429) to work on /opt/airflow/dags/airflow.py
[2025-10-18T21:34:45.431+0000] {processor.py:743} INFO - Processing file /opt/airflow/dags/airflow.py for tasks to queue
[2025-10-18T21:34:45.432+0000] {logging_mixin.py:137} INFO - [2025-10-18T21:34:45.432+0000] {dagbag.py:538} INFO - Filling up the DagBag from /opt/airflow/dags/airflow.py
[2025-10-18T21:34:45.682+0000] {processor.py:753} INFO - DAG(s) dict_keys(['iris_training_pipeline']) retrieved from /opt/airflow/dags/airflow.py
[2025-10-18T21:34:45.697+0000] {logging_mixin.py:137} INFO - [2025-10-18T21:34:45.696+0000] {dag.py:2690} INFO - Sync 1 DAGs
[2025-10-18T21:34:45.714+0000] {logging_mixin.py:137} INFO - [2025-10-18T21:34:45.714+0000] {dag.py:3441} INFO - Setting next_dagrun for iris_training_pipeline to None, run_after=None
[2025-10-18T21:34:45.725+0000] {processor.py:175} INFO - Processing /opt/airflow/dags/airflow.py took 0.296 seconds
[2025-10-18T21:35:15.846+0000] {processor.py:153} INFO - Started process (PID=8475) to work on /opt/airflow/dags/airflow.py
[2025-10-18T21:35:15.847+0000] {processor.py:743} INFO - Processing file /opt/airflow/dags/airflow.py for tasks to queue
[2025-10-18T21:35:15.847+0000] {logging_mixin.py:137} INFO - [2025-10-18T21:35:15.847+0000] {dagbag.py:538} INFO - Filling up the DagBag from /opt/airflow/dags/airflow.py
[2025-10-18T21:35:16.034+0000] {processor.py:753} INFO - DAG(s) dict_keys(['iris_training_pipeline']) retrieved from /opt/airflow/dags/airflow.py
[2025-10-18T21:35:16.048+0000] {logging_mixin.py:137} INFO - [2025-10-18T21:35:16.048+0000] {dag.py:2690} INFO - Sync 1 DAGs
[2025-10-18T21:35:16.062+0000] {logging_mixin.py:137} INFO - [2025-10-18T21:35:16.061+0000] {dag.py:3441} INFO - Setting next_dagrun for iris_training_pipeline to None, run_after=None
[2025-10-18T21:35:16.072+0000] {processor.py:175} INFO - Processing /opt/airflow/dags/airflow.py took 0.228 seconds
[2025-10-18T21:35:46.191+0000] {processor.py:153} INFO - Started process (PID=8530) to work on /opt/airflow/dags/airflow.py
[2025-10-18T21:35:46.192+0000] {processor.py:743} INFO - Processing file /opt/airflow/dags/airflow.py for tasks to queue
[2025-10-18T21:35:46.193+0000] {logging_mixin.py:137} INFO - [2025-10-18T21:35:46.193+0000] {dagbag.py:538} INFO - Filling up the DagBag from /opt/airflow/dags/airflow.py
[2025-10-18T21:35:46.425+0000] {processor.py:753} INFO - DAG(s) dict_keys(['iris_training_pipeline']) retrieved from /opt/airflow/dags/airflow.py
[2025-10-18T21:35:46.442+0000] {logging_mixin.py:137} INFO - [2025-10-18T21:35:46.441+0000] {dag.py:2690} INFO - Sync 1 DAGs
[2025-10-18T21:35:46.457+0000] {logging_mixin.py:137} INFO - [2025-10-18T21:35:46.457+0000] {dag.py:3441} INFO - Setting next_dagrun for iris_training_pipeline to None, run_after=None
[2025-10-18T21:35:46.468+0000] {processor.py:175} INFO - Processing /opt/airflow/dags/airflow.py took 0.283 seconds
[2025-10-18T21:36:16.643+0000] {processor.py:153} INFO - Started process (PID=8585) to work on /opt/airflow/dags/airflow.py
[2025-10-18T21:36:16.645+0000] {processor.py:743} INFO - Processing file /opt/airflow/dags/airflow.py for tasks to queue
[2025-10-18T21:36:16.646+0000] {logging_mixin.py:137} INFO - [2025-10-18T21:36:16.645+0000] {dagbag.py:538} INFO - Filling up the DagBag from /opt/airflow/dags/airflow.py
[2025-10-18T21:36:16.954+0000] {processor.py:753} INFO - DAG(s) dict_keys(['iris_training_pipeline']) retrieved from /opt/airflow/dags/airflow.py
[2025-10-18T21:36:16.989+0000] {logging_mixin.py:137} INFO - [2025-10-18T21:36:16.989+0000] {dag.py:2690} INFO - Sync 1 DAGs
[2025-10-18T21:36:17.012+0000] {logging_mixin.py:137} INFO - [2025-10-18T21:36:17.012+0000] {dag.py:3441} INFO - Setting next_dagrun for iris_training_pipeline to None, run_after=None
[2025-10-18T21:36:17.024+0000] {processor.py:175} INFO - Processing /opt/airflow/dags/airflow.py took 0.387 seconds
[2025-10-18T21:36:47.076+0000] {processor.py:153} INFO - Started process (PID=8622) to work on /opt/airflow/dags/airflow.py
[2025-10-18T21:36:47.077+0000] {processor.py:743} INFO - Processing file /opt/airflow/dags/airflow.py for tasks to queue
[2025-10-18T21:36:47.078+0000] {logging_mixin.py:137} INFO - [2025-10-18T21:36:47.078+0000] {dagbag.py:538} INFO - Filling up the DagBag from /opt/airflow/dags/airflow.py
[2025-10-18T21:36:47.281+0000] {processor.py:753} INFO - DAG(s) dict_keys(['iris_training_pipeline']) retrieved from /opt/airflow/dags/airflow.py
[2025-10-18T21:36:47.295+0000] {logging_mixin.py:137} INFO - [2025-10-18T21:36:47.295+0000] {dag.py:2690} INFO - Sync 1 DAGs
[2025-10-18T21:36:47.307+0000] {logging_mixin.py:137} INFO - [2025-10-18T21:36:47.307+0000] {dag.py:3441} INFO - Setting next_dagrun for iris_training_pipeline to None, run_after=None
[2025-10-18T21:36:47.317+0000] {processor.py:175} INFO - Processing /opt/airflow/dags/airflow.py took 0.245 seconds
[2025-10-18T21:37:17.389+0000] {processor.py:153} INFO - Started process (PID=8677) to work on /opt/airflow/dags/airflow.py
[2025-10-18T21:37:17.390+0000] {processor.py:743} INFO - Processing file /opt/airflow/dags/airflow.py for tasks to queue
[2025-10-18T21:37:17.390+0000] {logging_mixin.py:137} INFO - [2025-10-18T21:37:17.390+0000] {dagbag.py:538} INFO - Filling up the DagBag from /opt/airflow/dags/airflow.py
[2025-10-18T21:37:17.569+0000] {processor.py:753} INFO - DAG(s) dict_keys(['iris_training_pipeline']) retrieved from /opt/airflow/dags/airflow.py
[2025-10-18T21:37:17.582+0000] {logging_mixin.py:137} INFO - [2025-10-18T21:37:17.582+0000] {dag.py:2690} INFO - Sync 1 DAGs
[2025-10-18T21:37:17.594+0000] {logging_mixin.py:137} INFO - [2025-10-18T21:37:17.594+0000] {dag.py:3441} INFO - Setting next_dagrun for iris_training_pipeline to None, run_after=None
[2025-10-18T21:37:17.603+0000] {processor.py:175} INFO - Processing /opt/airflow/dags/airflow.py took 0.217 seconds
[2025-10-18T21:37:47.761+0000] {processor.py:153} INFO - Started process (PID=8732) to work on /opt/airflow/dags/airflow.py
[2025-10-18T21:37:47.764+0000] {processor.py:743} INFO - Processing file /opt/airflow/dags/airflow.py for tasks to queue
[2025-10-18T21:37:47.765+0000] {logging_mixin.py:137} INFO - [2025-10-18T21:37:47.765+0000] {dagbag.py:538} INFO - Filling up the DagBag from /opt/airflow/dags/airflow.py
[2025-10-18T21:37:48.010+0000] {processor.py:753} INFO - DAG(s) dict_keys(['iris_training_pipeline']) retrieved from /opt/airflow/dags/airflow.py
[2025-10-18T21:37:48.033+0000] {logging_mixin.py:137} INFO - [2025-10-18T21:37:48.033+0000] {dag.py:2690} INFO - Sync 1 DAGs
[2025-10-18T21:37:48.060+0000] {logging_mixin.py:137} INFO - [2025-10-18T21:37:48.060+0000] {dag.py:3441} INFO - Setting next_dagrun for iris_training_pipeline to None, run_after=None
[2025-10-18T21:37:48.076+0000] {processor.py:175} INFO - Processing /opt/airflow/dags/airflow.py took 0.319 seconds
[2025-10-18T21:38:18.333+0000] {processor.py:153} INFO - Started process (PID=8769) to work on /opt/airflow/dags/airflow.py
[2025-10-18T21:38:18.335+0000] {processor.py:743} INFO - Processing file /opt/airflow/dags/airflow.py for tasks to queue
[2025-10-18T21:38:18.335+0000] {logging_mixin.py:137} INFO - [2025-10-18T21:38:18.335+0000] {dagbag.py:538} INFO - Filling up the DagBag from /opt/airflow/dags/airflow.py
[2025-10-18T21:38:18.518+0000] {processor.py:753} INFO - DAG(s) dict_keys(['iris_training_pipeline']) retrieved from /opt/airflow/dags/airflow.py
[2025-10-18T21:38:18.530+0000] {logging_mixin.py:137} INFO - [2025-10-18T21:38:18.530+0000] {dag.py:2690} INFO - Sync 1 DAGs
[2025-10-18T21:38:18.542+0000] {logging_mixin.py:137} INFO - [2025-10-18T21:38:18.542+0000] {dag.py:3441} INFO - Setting next_dagrun for iris_training_pipeline to None, run_after=None
[2025-10-18T21:38:18.551+0000] {processor.py:175} INFO - Processing /opt/airflow/dags/airflow.py took 0.222 seconds
[2025-10-18T21:38:48.782+0000] {processor.py:153} INFO - Started process (PID=8824) to work on /opt/airflow/dags/airflow.py
[2025-10-18T21:38:48.783+0000] {processor.py:743} INFO - Processing file /opt/airflow/dags/airflow.py for tasks to queue
[2025-10-18T21:38:48.783+0000] {logging_mixin.py:137} INFO - [2025-10-18T21:38:48.783+0000] {dagbag.py:538} INFO - Filling up the DagBag from /opt/airflow/dags/airflow.py
[2025-10-18T21:38:48.956+0000] {processor.py:753} INFO - DAG(s) dict_keys(['iris_training_pipeline']) retrieved from /opt/airflow/dags/airflow.py
[2025-10-18T21:38:48.971+0000] {logging_mixin.py:137} INFO - [2025-10-18T21:38:48.971+0000] {dag.py:2690} INFO - Sync 1 DAGs
[2025-10-18T21:38:48.984+0000] {logging_mixin.py:137} INFO - [2025-10-18T21:38:48.984+0000] {dag.py:3441} INFO - Setting next_dagrun for iris_training_pipeline to None, run_after=None
[2025-10-18T21:38:48.993+0000] {processor.py:175} INFO - Processing /opt/airflow/dags/airflow.py took 0.216 seconds
[2025-10-18T21:39:19.178+0000] {processor.py:153} INFO - Started process (PID=8879) to work on /opt/airflow/dags/airflow.py
[2025-10-18T21:39:19.180+0000] {processor.py:743} INFO - Processing file /opt/airflow/dags/airflow.py for tasks to queue
[2025-10-18T21:39:19.180+0000] {logging_mixin.py:137} INFO - [2025-10-18T21:39:19.180+0000] {dagbag.py:538} INFO - Filling up the DagBag from /opt/airflow/dags/airflow.py
[2025-10-18T21:39:19.476+0000] {processor.py:753} INFO - DAG(s) dict_keys(['iris_training_pipeline']) retrieved from /opt/airflow/dags/airflow.py
[2025-10-18T21:39:19.493+0000] {logging_mixin.py:137} INFO - [2025-10-18T21:39:19.493+0000] {dag.py:2690} INFO - Sync 1 DAGs
[2025-10-18T21:39:19.511+0000] {logging_mixin.py:137} INFO - [2025-10-18T21:39:19.511+0000] {dag.py:3441} INFO - Setting next_dagrun for iris_training_pipeline to None, run_after=None
[2025-10-18T21:39:19.522+0000] {processor.py:175} INFO - Processing /opt/airflow/dags/airflow.py took 0.348 seconds
[2025-10-18T21:39:49.772+0000] {processor.py:153} INFO - Started process (PID=8916) to work on /opt/airflow/dags/airflow.py
[2025-10-18T21:39:49.776+0000] {processor.py:743} INFO - Processing file /opt/airflow/dags/airflow.py for tasks to queue
[2025-10-18T21:39:49.777+0000] {logging_mixin.py:137} INFO - [2025-10-18T21:39:49.777+0000] {dagbag.py:538} INFO - Filling up the DagBag from /opt/airflow/dags/airflow.py
[2025-10-18T21:39:50.057+0000] {processor.py:753} INFO - DAG(s) dict_keys(['iris_training_pipeline']) retrieved from /opt/airflow/dags/airflow.py
[2025-10-18T21:39:50.079+0000] {logging_mixin.py:137} INFO - [2025-10-18T21:39:50.079+0000] {dag.py:2690} INFO - Sync 1 DAGs
[2025-10-18T21:39:50.096+0000] {logging_mixin.py:137} INFO - [2025-10-18T21:39:50.096+0000] {dag.py:3441} INFO - Setting next_dagrun for iris_training_pipeline to None, run_after=None
[2025-10-18T21:39:50.107+0000] {processor.py:175} INFO - Processing /opt/airflow/dags/airflow.py took 0.340 seconds
[2025-10-18T21:40:20.378+0000] {processor.py:153} INFO - Started process (PID=8971) to work on /opt/airflow/dags/airflow.py
[2025-10-18T21:40:20.381+0000] {processor.py:743} INFO - Processing file /opt/airflow/dags/airflow.py for tasks to queue
[2025-10-18T21:40:20.382+0000] {logging_mixin.py:137} INFO - [2025-10-18T21:40:20.382+0000] {dagbag.py:538} INFO - Filling up the DagBag from /opt/airflow/dags/airflow.py
[2025-10-18T21:40:20.636+0000] {processor.py:753} INFO - DAG(s) dict_keys(['iris_training_pipeline']) retrieved from /opt/airflow/dags/airflow.py
[2025-10-18T21:40:20.650+0000] {logging_mixin.py:137} INFO - [2025-10-18T21:40:20.650+0000] {dag.py:2690} INFO - Sync 1 DAGs
[2025-10-18T21:40:20.664+0000] {logging_mixin.py:137} INFO - [2025-10-18T21:40:20.664+0000] {dag.py:3441} INFO - Setting next_dagrun for iris_training_pipeline to None, run_after=None
[2025-10-18T21:40:20.674+0000] {processor.py:175} INFO - Processing /opt/airflow/dags/airflow.py took 0.304 seconds
[2025-10-18T21:40:50.932+0000] {processor.py:153} INFO - Started process (PID=9026) to work on /opt/airflow/dags/airflow.py
[2025-10-18T21:40:50.934+0000] {processor.py:743} INFO - Processing file /opt/airflow/dags/airflow.py for tasks to queue
[2025-10-18T21:40:50.935+0000] {logging_mixin.py:137} INFO - [2025-10-18T21:40:50.935+0000] {dagbag.py:538} INFO - Filling up the DagBag from /opt/airflow/dags/airflow.py
[2025-10-18T21:40:51.218+0000] {processor.py:753} INFO - DAG(s) dict_keys(['iris_training_pipeline']) retrieved from /opt/airflow/dags/airflow.py
[2025-10-18T21:40:51.238+0000] {logging_mixin.py:137} INFO - [2025-10-18T21:40:51.238+0000] {dag.py:2690} INFO - Sync 1 DAGs
[2025-10-18T21:40:51.258+0000] {logging_mixin.py:137} INFO - [2025-10-18T21:40:51.258+0000] {dag.py:3441} INFO - Setting next_dagrun for iris_training_pipeline to None, run_after=None
[2025-10-18T21:40:51.277+0000] {processor.py:175} INFO - Processing /opt/airflow/dags/airflow.py took 0.350 seconds
[2025-10-18T21:41:21.587+0000] {processor.py:153} INFO - Started process (PID=9063) to work on /opt/airflow/dags/airflow.py
[2025-10-18T21:41:21.591+0000] {processor.py:743} INFO - Processing file /opt/airflow/dags/airflow.py for tasks to queue
[2025-10-18T21:41:21.593+0000] {logging_mixin.py:137} INFO - [2025-10-18T21:41:21.593+0000] {dagbag.py:538} INFO - Filling up the DagBag from /opt/airflow/dags/airflow.py
[2025-10-18T21:41:21.940+0000] {processor.py:753} INFO - DAG(s) dict_keys(['iris_training_pipeline']) retrieved from /opt/airflow/dags/airflow.py
[2025-10-18T21:41:21.977+0000] {logging_mixin.py:137} INFO - [2025-10-18T21:41:21.977+0000] {dag.py:2690} INFO - Sync 1 DAGs
[2025-10-18T21:41:21.996+0000] {logging_mixin.py:137} INFO - [2025-10-18T21:41:21.996+0000] {dag.py:3441} INFO - Setting next_dagrun for iris_training_pipeline to None, run_after=None
[2025-10-18T21:41:22.014+0000] {processor.py:175} INFO - Processing /opt/airflow/dags/airflow.py took 0.438 seconds
[2025-10-18T21:41:52.224+0000] {processor.py:153} INFO - Started process (PID=9118) to work on /opt/airflow/dags/airflow.py
[2025-10-18T21:41:52.227+0000] {processor.py:743} INFO - Processing file /opt/airflow/dags/airflow.py for tasks to queue
[2025-10-18T21:41:52.228+0000] {logging_mixin.py:137} INFO - [2025-10-18T21:41:52.227+0000] {dagbag.py:538} INFO - Filling up the DagBag from /opt/airflow/dags/airflow.py
[2025-10-18T21:41:52.593+0000] {processor.py:753} INFO - DAG(s) dict_keys(['iris_training_pipeline']) retrieved from /opt/airflow/dags/airflow.py
[2025-10-18T21:41:52.616+0000] {logging_mixin.py:137} INFO - [2025-10-18T21:41:52.616+0000] {dag.py:2690} INFO - Sync 1 DAGs
[2025-10-18T21:41:52.634+0000] {logging_mixin.py:137} INFO - [2025-10-18T21:41:52.634+0000] {dag.py:3441} INFO - Setting next_dagrun for iris_training_pipeline to None, run_after=None
[2025-10-18T21:41:52.648+0000] {processor.py:175} INFO - Processing /opt/airflow/dags/airflow.py took 0.428 seconds
[2025-10-18T21:42:22.842+0000] {processor.py:153} INFO - Started process (PID=9164) to work on /opt/airflow/dags/airflow.py
[2025-10-18T21:42:22.843+0000] {processor.py:743} INFO - Processing file /opt/airflow/dags/airflow.py for tasks to queue
[2025-10-18T21:42:22.844+0000] {logging_mixin.py:137} INFO - [2025-10-18T21:42:22.844+0000] {dagbag.py:538} INFO - Filling up the DagBag from /opt/airflow/dags/airflow.py
[2025-10-18T21:42:23.167+0000] {processor.py:753} INFO - DAG(s) dict_keys(['iris_training_pipeline']) retrieved from /opt/airflow/dags/airflow.py
[2025-10-18T21:42:23.195+0000] {logging_mixin.py:137} INFO - [2025-10-18T21:42:23.194+0000] {dag.py:2690} INFO - Sync 1 DAGs
[2025-10-18T21:42:23.217+0000] {logging_mixin.py:137} INFO - [2025-10-18T21:42:23.216+0000] {dag.py:3441} INFO - Setting next_dagrun for iris_training_pipeline to None, run_after=None
[2025-10-18T21:42:23.231+0000] {processor.py:175} INFO - Processing /opt/airflow/dags/airflow.py took 0.393 seconds
[2025-10-18T21:42:53.461+0000] {processor.py:153} INFO - Started process (PID=9210) to work on /opt/airflow/dags/airflow.py
[2025-10-18T21:42:53.463+0000] {processor.py:743} INFO - Processing file /opt/airflow/dags/airflow.py for tasks to queue
[2025-10-18T21:42:53.464+0000] {logging_mixin.py:137} INFO - [2025-10-18T21:42:53.464+0000] {dagbag.py:538} INFO - Filling up the DagBag from /opt/airflow/dags/airflow.py
[2025-10-18T21:42:53.756+0000] {processor.py:753} INFO - DAG(s) dict_keys(['iris_training_pipeline']) retrieved from /opt/airflow/dags/airflow.py
[2025-10-18T21:42:53.774+0000] {logging_mixin.py:137} INFO - [2025-10-18T21:42:53.774+0000] {dag.py:2690} INFO - Sync 1 DAGs
[2025-10-18T21:42:53.791+0000] {logging_mixin.py:137} INFO - [2025-10-18T21:42:53.791+0000] {dag.py:3441} INFO - Setting next_dagrun for iris_training_pipeline to None, run_after=None
[2025-10-18T21:42:53.804+0000] {processor.py:175} INFO - Processing /opt/airflow/dags/airflow.py took 0.348 seconds
[2025-10-18T21:43:24.018+0000] {processor.py:153} INFO - Started process (PID=9265) to work on /opt/airflow/dags/airflow.py
[2025-10-18T21:43:24.019+0000] {processor.py:743} INFO - Processing file /opt/airflow/dags/airflow.py for tasks to queue
[2025-10-18T21:43:24.019+0000] {logging_mixin.py:137} INFO - [2025-10-18T21:43:24.019+0000] {dagbag.py:538} INFO - Filling up the DagBag from /opt/airflow/dags/airflow.py
[2025-10-18T21:43:24.231+0000] {processor.py:753} INFO - DAG(s) dict_keys(['iris_training_pipeline']) retrieved from /opt/airflow/dags/airflow.py
[2025-10-18T21:43:24.247+0000] {logging_mixin.py:137} INFO - [2025-10-18T21:43:24.247+0000] {dag.py:2690} INFO - Sync 1 DAGs
[2025-10-18T21:43:24.260+0000] {logging_mixin.py:137} INFO - [2025-10-18T21:43:24.260+0000] {dag.py:3441} INFO - Setting next_dagrun for iris_training_pipeline to None, run_after=None
[2025-10-18T21:43:24.272+0000] {processor.py:175} INFO - Processing /opt/airflow/dags/airflow.py took 0.257 seconds
[2025-10-18T21:43:54.471+0000] {processor.py:153} INFO - Started process (PID=9320) to work on /opt/airflow/dags/airflow.py
[2025-10-18T21:43:54.473+0000] {processor.py:743} INFO - Processing file /opt/airflow/dags/airflow.py for tasks to queue
[2025-10-18T21:43:54.474+0000] {logging_mixin.py:137} INFO - [2025-10-18T21:43:54.474+0000] {dagbag.py:538} INFO - Filling up the DagBag from /opt/airflow/dags/airflow.py
[2025-10-18T21:43:54.764+0000] {processor.py:753} INFO - DAG(s) dict_keys(['iris_training_pipeline']) retrieved from /opt/airflow/dags/airflow.py
[2025-10-18T21:43:54.781+0000] {logging_mixin.py:137} INFO - [2025-10-18T21:43:54.781+0000] {dag.py:2690} INFO - Sync 1 DAGs
[2025-10-18T21:43:54.797+0000] {logging_mixin.py:137} INFO - [2025-10-18T21:43:54.797+0000] {dag.py:3441} INFO - Setting next_dagrun for iris_training_pipeline to None, run_after=None
[2025-10-18T21:43:54.980+0000] {processor.py:175} INFO - Processing /opt/airflow/dags/airflow.py took 0.514 seconds
[2025-10-18T21:44:25.266+0000] {processor.py:153} INFO - Started process (PID=9357) to work on /opt/airflow/dags/airflow.py
[2025-10-18T21:44:25.268+0000] {processor.py:743} INFO - Processing file /opt/airflow/dags/airflow.py for tasks to queue
[2025-10-18T21:44:25.269+0000] {logging_mixin.py:137} INFO - [2025-10-18T21:44:25.269+0000] {dagbag.py:538} INFO - Filling up the DagBag from /opt/airflow/dags/airflow.py
[2025-10-18T21:44:25.587+0000] {processor.py:753} INFO - DAG(s) dict_keys(['iris_training_pipeline']) retrieved from /opt/airflow/dags/airflow.py
[2025-10-18T21:44:25.609+0000] {logging_mixin.py:137} INFO - [2025-10-18T21:44:25.609+0000] {dag.py:2690} INFO - Sync 1 DAGs
[2025-10-18T21:44:25.628+0000] {logging_mixin.py:137} INFO - [2025-10-18T21:44:25.628+0000] {dag.py:3441} INFO - Setting next_dagrun for iris_training_pipeline to None, run_after=None
[2025-10-18T21:44:25.648+0000] {processor.py:175} INFO - Processing /opt/airflow/dags/airflow.py took 0.387 seconds
[2025-10-18T21:44:55.898+0000] {processor.py:153} INFO - Started process (PID=9411) to work on /opt/airflow/dags/airflow.py
[2025-10-18T21:44:55.900+0000] {processor.py:743} INFO - Processing file /opt/airflow/dags/airflow.py for tasks to queue
[2025-10-18T21:44:55.901+0000] {logging_mixin.py:137} INFO - [2025-10-18T21:44:55.901+0000] {dagbag.py:538} INFO - Filling up the DagBag from /opt/airflow/dags/airflow.py
[2025-10-18T21:44:56.134+0000] {processor.py:753} INFO - DAG(s) dict_keys(['iris_training_pipeline']) retrieved from /opt/airflow/dags/airflow.py
[2025-10-18T21:44:56.154+0000] {logging_mixin.py:137} INFO - [2025-10-18T21:44:56.154+0000] {dag.py:2690} INFO - Sync 1 DAGs
[2025-10-18T21:44:56.172+0000] {logging_mixin.py:137} INFO - [2025-10-18T21:44:56.172+0000] {dag.py:3441} INFO - Setting next_dagrun for iris_training_pipeline to None, run_after=None
[2025-10-18T21:44:56.182+0000] {processor.py:175} INFO - Processing /opt/airflow/dags/airflow.py took 0.288 seconds
[2025-10-18T21:45:26.371+0000] {processor.py:153} INFO - Started process (PID=9466) to work on /opt/airflow/dags/airflow.py
[2025-10-18T21:45:26.372+0000] {processor.py:743} INFO - Processing file /opt/airflow/dags/airflow.py for tasks to queue
[2025-10-18T21:45:26.372+0000] {logging_mixin.py:137} INFO - [2025-10-18T21:45:26.372+0000] {dagbag.py:538} INFO - Filling up the DagBag from /opt/airflow/dags/airflow.py
[2025-10-18T21:45:26.543+0000] {processor.py:753} INFO - DAG(s) dict_keys(['iris_training_pipeline']) retrieved from /opt/airflow/dags/airflow.py
[2025-10-18T21:45:26.557+0000] {logging_mixin.py:137} INFO - [2025-10-18T21:45:26.557+0000] {dag.py:2690} INFO - Sync 1 DAGs
[2025-10-18T21:45:26.569+0000] {logging_mixin.py:137} INFO - [2025-10-18T21:45:26.569+0000] {dag.py:3441} INFO - Setting next_dagrun for iris_training_pipeline to None, run_after=None
[2025-10-18T21:45:26.579+0000] {processor.py:175} INFO - Processing /opt/airflow/dags/airflow.py took 0.209 seconds
[2025-10-18T21:45:56.644+0000] {processor.py:153} INFO - Started process (PID=9503) to work on /opt/airflow/dags/airflow.py
[2025-10-18T21:45:56.647+0000] {processor.py:743} INFO - Processing file /opt/airflow/dags/airflow.py for tasks to queue
[2025-10-18T21:45:56.650+0000] {logging_mixin.py:137} INFO - [2025-10-18T21:45:56.650+0000] {dagbag.py:538} INFO - Filling up the DagBag from /opt/airflow/dags/airflow.py
[2025-10-18T21:45:57.002+0000] {processor.py:753} INFO - DAG(s) dict_keys(['iris_training_pipeline']) retrieved from /opt/airflow/dags/airflow.py
[2025-10-18T21:45:57.036+0000] {logging_mixin.py:137} INFO - [2025-10-18T21:45:57.036+0000] {dag.py:2690} INFO - Sync 1 DAGs
[2025-10-18T21:45:57.059+0000] {logging_mixin.py:137} INFO - [2025-10-18T21:45:57.058+0000] {dag.py:3441} INFO - Setting next_dagrun for iris_training_pipeline to None, run_after=None
[2025-10-18T21:45:57.071+0000] {processor.py:175} INFO - Processing /opt/airflow/dags/airflow.py took 0.433 seconds
[2025-10-18T21:46:27.263+0000] {processor.py:153} INFO - Started process (PID=9558) to work on /opt/airflow/dags/airflow.py
[2025-10-18T21:46:27.269+0000] {processor.py:743} INFO - Processing file /opt/airflow/dags/airflow.py for tasks to queue
[2025-10-18T21:46:27.272+0000] {logging_mixin.py:137} INFO - [2025-10-18T21:46:27.272+0000] {dagbag.py:538} INFO - Filling up the DagBag from /opt/airflow/dags/airflow.py
[2025-10-18T21:46:27.532+0000] {processor.py:753} INFO - DAG(s) dict_keys(['iris_training_pipeline']) retrieved from /opt/airflow/dags/airflow.py
[2025-10-18T21:46:27.554+0000] {logging_mixin.py:137} INFO - [2025-10-18T21:46:27.554+0000] {dag.py:2690} INFO - Sync 1 DAGs
[2025-10-18T21:46:27.570+0000] {logging_mixin.py:137} INFO - [2025-10-18T21:46:27.570+0000] {dag.py:3441} INFO - Setting next_dagrun for iris_training_pipeline to None, run_after=None
[2025-10-18T21:46:27.582+0000] {processor.py:175} INFO - Processing /opt/airflow/dags/airflow.py took 0.329 seconds
[2025-10-18T21:46:57.825+0000] {processor.py:153} INFO - Started process (PID=9613) to work on /opt/airflow/dags/airflow.py
[2025-10-18T21:46:57.827+0000] {processor.py:743} INFO - Processing file /opt/airflow/dags/airflow.py for tasks to queue
[2025-10-18T21:46:57.828+0000] {logging_mixin.py:137} INFO - [2025-10-18T21:46:57.828+0000] {dagbag.py:538} INFO - Filling up the DagBag from /opt/airflow/dags/airflow.py
[2025-10-18T21:46:58.095+0000] {processor.py:753} INFO - DAG(s) dict_keys(['iris_training_pipeline']) retrieved from /opt/airflow/dags/airflow.py
[2025-10-18T21:46:58.121+0000] {logging_mixin.py:137} INFO - [2025-10-18T21:46:58.121+0000] {dag.py:2690} INFO - Sync 1 DAGs
[2025-10-18T21:46:58.137+0000] {logging_mixin.py:137} INFO - [2025-10-18T21:46:58.137+0000] {dag.py:3441} INFO - Setting next_dagrun for iris_training_pipeline to None, run_after=None
[2025-10-18T21:46:58.331+0000] {processor.py:175} INFO - Processing /opt/airflow/dags/airflow.py took 0.511 seconds
[2025-10-18T21:47:28.540+0000] {processor.py:153} INFO - Started process (PID=9650) to work on /opt/airflow/dags/airflow.py
[2025-10-18T21:47:28.541+0000] {processor.py:743} INFO - Processing file /opt/airflow/dags/airflow.py for tasks to queue
[2025-10-18T21:47:28.542+0000] {logging_mixin.py:137} INFO - [2025-10-18T21:47:28.541+0000] {dagbag.py:538} INFO - Filling up the DagBag from /opt/airflow/dags/airflow.py
[2025-10-18T21:47:28.781+0000] {processor.py:753} INFO - DAG(s) dict_keys(['iris_training_pipeline']) retrieved from /opt/airflow/dags/airflow.py
[2025-10-18T21:47:28.801+0000] {logging_mixin.py:137} INFO - [2025-10-18T21:47:28.801+0000] {dag.py:2690} INFO - Sync 1 DAGs
[2025-10-18T21:47:28.819+0000] {logging_mixin.py:137} INFO - [2025-10-18T21:47:28.819+0000] {dag.py:3441} INFO - Setting next_dagrun for iris_training_pipeline to None, run_after=None
[2025-10-18T21:47:28.833+0000] {processor.py:175} INFO - Processing /opt/airflow/dags/airflow.py took 0.296 seconds
[2025-10-18T21:47:59.036+0000] {processor.py:153} INFO - Started process (PID=9705) to work on /opt/airflow/dags/airflow.py
[2025-10-18T21:47:59.038+0000] {processor.py:743} INFO - Processing file /opt/airflow/dags/airflow.py for tasks to queue
[2025-10-18T21:47:59.039+0000] {logging_mixin.py:137} INFO - [2025-10-18T21:47:59.039+0000] {dagbag.py:538} INFO - Filling up the DagBag from /opt/airflow/dags/airflow.py
[2025-10-18T21:47:59.372+0000] {processor.py:753} INFO - DAG(s) dict_keys(['iris_training_pipeline']) retrieved from /opt/airflow/dags/airflow.py
[2025-10-18T21:47:59.396+0000] {logging_mixin.py:137} INFO - [2025-10-18T21:47:59.396+0000] {dag.py:2690} INFO - Sync 1 DAGs
[2025-10-18T21:47:59.414+0000] {logging_mixin.py:137} INFO - [2025-10-18T21:47:59.414+0000] {dag.py:3441} INFO - Setting next_dagrun for iris_training_pipeline to None, run_after=None
[2025-10-18T21:47:59.426+0000] {processor.py:175} INFO - Processing /opt/airflow/dags/airflow.py took 0.396 seconds
[2025-10-18T21:48:29.693+0000] {processor.py:153} INFO - Started process (PID=9760) to work on /opt/airflow/dags/airflow.py
[2025-10-18T21:48:29.700+0000] {processor.py:743} INFO - Processing file /opt/airflow/dags/airflow.py for tasks to queue
[2025-10-18T21:48:29.701+0000] {logging_mixin.py:137} INFO - [2025-10-18T21:48:29.701+0000] {dagbag.py:538} INFO - Filling up the DagBag from /opt/airflow/dags/airflow.py
[2025-10-18T21:48:29.920+0000] {processor.py:753} INFO - DAG(s) dict_keys(['iris_training_pipeline']) retrieved from /opt/airflow/dags/airflow.py
[2025-10-18T21:48:29.937+0000] {logging_mixin.py:137} INFO - [2025-10-18T21:48:29.937+0000] {dag.py:2690} INFO - Sync 1 DAGs
[2025-10-18T21:48:29.953+0000] {logging_mixin.py:137} INFO - [2025-10-18T21:48:29.953+0000] {dag.py:3441} INFO - Setting next_dagrun for iris_training_pipeline to None, run_after=None
[2025-10-18T21:48:29.964+0000] {processor.py:175} INFO - Processing /opt/airflow/dags/airflow.py took 0.287 seconds
[2025-10-18T21:49:00.221+0000] {processor.py:153} INFO - Started process (PID=9797) to work on /opt/airflow/dags/airflow.py
[2025-10-18T21:49:00.222+0000] {processor.py:743} INFO - Processing file /opt/airflow/dags/airflow.py for tasks to queue
[2025-10-18T21:49:00.222+0000] {logging_mixin.py:137} INFO - [2025-10-18T21:49:00.222+0000] {dagbag.py:538} INFO - Filling up the DagBag from /opt/airflow/dags/airflow.py
[2025-10-18T21:49:00.488+0000] {processor.py:753} INFO - DAG(s) dict_keys(['iris_training_pipeline']) retrieved from /opt/airflow/dags/airflow.py
[2025-10-18T21:49:00.506+0000] {logging_mixin.py:137} INFO - [2025-10-18T21:49:00.506+0000] {dag.py:2690} INFO - Sync 1 DAGs
[2025-10-18T21:49:00.520+0000] {logging_mixin.py:137} INFO - [2025-10-18T21:49:00.520+0000] {dag.py:3441} INFO - Setting next_dagrun for iris_training_pipeline to None, run_after=None
[2025-10-18T21:49:00.530+0000] {processor.py:175} INFO - Processing /opt/airflow/dags/airflow.py took 0.313 seconds
[2025-10-18T21:49:30.754+0000] {processor.py:153} INFO - Started process (PID=9852) to work on /opt/airflow/dags/airflow.py
[2025-10-18T21:49:30.758+0000] {processor.py:743} INFO - Processing file /opt/airflow/dags/airflow.py for tasks to queue
[2025-10-18T21:49:30.759+0000] {logging_mixin.py:137} INFO - [2025-10-18T21:49:30.759+0000] {dagbag.py:538} INFO - Filling up the DagBag from /opt/airflow/dags/airflow.py
[2025-10-18T21:49:30.994+0000] {processor.py:753} INFO - DAG(s) dict_keys(['iris_training_pipeline']) retrieved from /opt/airflow/dags/airflow.py
[2025-10-18T21:49:31.015+0000] {logging_mixin.py:137} INFO - [2025-10-18T21:49:31.015+0000] {dag.py:2690} INFO - Sync 1 DAGs
[2025-10-18T21:49:31.030+0000] {logging_mixin.py:137} INFO - [2025-10-18T21:49:31.030+0000] {dag.py:3441} INFO - Setting next_dagrun for iris_training_pipeline to None, run_after=None
[2025-10-18T21:49:31.040+0000] {processor.py:175} INFO - Processing /opt/airflow/dags/airflow.py took 0.292 seconds
[2025-10-18T21:50:01.277+0000] {processor.py:153} INFO - Started process (PID=9907) to work on /opt/airflow/dags/airflow.py
[2025-10-18T21:50:01.279+0000] {processor.py:743} INFO - Processing file /opt/airflow/dags/airflow.py for tasks to queue
[2025-10-18T21:50:01.279+0000] {logging_mixin.py:137} INFO - [2025-10-18T21:50:01.279+0000] {dagbag.py:538} INFO - Filling up the DagBag from /opt/airflow/dags/airflow.py
[2025-10-18T21:50:01.544+0000] {processor.py:753} INFO - DAG(s) dict_keys(['iris_training_pipeline']) retrieved from /opt/airflow/dags/airflow.py
[2025-10-18T21:50:01.565+0000] {logging_mixin.py:137} INFO - [2025-10-18T21:50:01.564+0000] {dag.py:2690} INFO - Sync 1 DAGs
[2025-10-18T21:50:01.582+0000] {logging_mixin.py:137} INFO - [2025-10-18T21:50:01.582+0000] {dag.py:3441} INFO - Setting next_dagrun for iris_training_pipeline to None, run_after=None
[2025-10-18T21:50:01.596+0000] {processor.py:175} INFO - Processing /opt/airflow/dags/airflow.py took 0.322 seconds
[2025-10-18T21:50:31.843+0000] {processor.py:153} INFO - Started process (PID=9944) to work on /opt/airflow/dags/airflow.py
[2025-10-18T21:50:31.844+0000] {processor.py:743} INFO - Processing file /opt/airflow/dags/airflow.py for tasks to queue
[2025-10-18T21:50:31.844+0000] {logging_mixin.py:137} INFO - [2025-10-18T21:50:31.844+0000] {dagbag.py:538} INFO - Filling up the DagBag from /opt/airflow/dags/airflow.py
[2025-10-18T21:50:32.042+0000] {processor.py:753} INFO - DAG(s) dict_keys(['iris_training_pipeline']) retrieved from /opt/airflow/dags/airflow.py
[2025-10-18T21:50:32.057+0000] {logging_mixin.py:137} INFO - [2025-10-18T21:50:32.057+0000] {dag.py:2690} INFO - Sync 1 DAGs
[2025-10-18T21:50:32.070+0000] {logging_mixin.py:137} INFO - [2025-10-18T21:50:32.070+0000] {dag.py:3441} INFO - Setting next_dagrun for iris_training_pipeline to None, run_after=None
[2025-10-18T21:50:32.268+0000] {processor.py:175} INFO - Processing /opt/airflow/dags/airflow.py took 0.429 seconds
[2025-10-18T21:51:02.517+0000] {processor.py:153} INFO - Started process (PID=9999) to work on /opt/airflow/dags/airflow.py
[2025-10-18T21:51:02.518+0000] {processor.py:743} INFO - Processing file /opt/airflow/dags/airflow.py for tasks to queue
[2025-10-18T21:51:02.519+0000] {logging_mixin.py:137} INFO - [2025-10-18T21:51:02.519+0000] {dagbag.py:538} INFO - Filling up the DagBag from /opt/airflow/dags/airflow.py
[2025-10-18T21:51:02.760+0000] {processor.py:753} INFO - DAG(s) dict_keys(['iris_training_pipeline']) retrieved from /opt/airflow/dags/airflow.py
[2025-10-18T21:51:02.783+0000] {logging_mixin.py:137} INFO - [2025-10-18T21:51:02.783+0000] {dag.py:2690} INFO - Sync 1 DAGs
[2025-10-18T21:51:02.803+0000] {logging_mixin.py:137} INFO - [2025-10-18T21:51:02.803+0000] {dag.py:3441} INFO - Setting next_dagrun for iris_training_pipeline to None, run_after=None
[2025-10-18T21:51:02.817+0000] {processor.py:175} INFO - Processing /opt/airflow/dags/airflow.py took 0.303 seconds
[2025-10-18T21:51:33.030+0000] {processor.py:153} INFO - Started process (PID=10054) to work on /opt/airflow/dags/airflow.py
[2025-10-18T21:51:33.032+0000] {processor.py:743} INFO - Processing file /opt/airflow/dags/airflow.py for tasks to queue
[2025-10-18T21:51:33.032+0000] {logging_mixin.py:137} INFO - [2025-10-18T21:51:33.032+0000] {dagbag.py:538} INFO - Filling up the DagBag from /opt/airflow/dags/airflow.py
[2025-10-18T21:51:33.353+0000] {processor.py:753} INFO - DAG(s) dict_keys(['iris_training_pipeline']) retrieved from /opt/airflow/dags/airflow.py
[2025-10-18T21:51:33.378+0000] {logging_mixin.py:137} INFO - [2025-10-18T21:51:33.378+0000] {dag.py:2690} INFO - Sync 1 DAGs
[2025-10-18T21:51:33.401+0000] {logging_mixin.py:137} INFO - [2025-10-18T21:51:33.401+0000] {dag.py:3441} INFO - Setting next_dagrun for iris_training_pipeline to None, run_after=None
[2025-10-18T21:51:33.417+0000] {processor.py:175} INFO - Processing /opt/airflow/dags/airflow.py took 0.391 seconds
[2025-10-18T21:52:03.646+0000] {processor.py:153} INFO - Started process (PID=10091) to work on /opt/airflow/dags/airflow.py
[2025-10-18T21:52:03.648+0000] {processor.py:743} INFO - Processing file /opt/airflow/dags/airflow.py for tasks to queue
[2025-10-18T21:52:03.650+0000] {logging_mixin.py:137} INFO - [2025-10-18T21:52:03.650+0000] {dagbag.py:538} INFO - Filling up the DagBag from /opt/airflow/dags/airflow.py
[2025-10-18T21:52:03.957+0000] {processor.py:753} INFO - DAG(s) dict_keys(['iris_training_pipeline']) retrieved from /opt/airflow/dags/airflow.py
[2025-10-18T21:52:03.981+0000] {logging_mixin.py:137} INFO - [2025-10-18T21:52:03.981+0000] {dag.py:2690} INFO - Sync 1 DAGs
[2025-10-18T21:52:04.003+0000] {logging_mixin.py:137} INFO - [2025-10-18T21:52:04.003+0000] {dag.py:3441} INFO - Setting next_dagrun for iris_training_pipeline to None, run_after=None
[2025-10-18T21:52:04.015+0000] {processor.py:175} INFO - Processing /opt/airflow/dags/airflow.py took 0.375 seconds
[2025-10-18T21:52:34.273+0000] {processor.py:153} INFO - Started process (PID=10146) to work on /opt/airflow/dags/airflow.py
[2025-10-18T21:52:34.275+0000] {processor.py:743} INFO - Processing file /opt/airflow/dags/airflow.py for tasks to queue
[2025-10-18T21:52:34.276+0000] {logging_mixin.py:137} INFO - [2025-10-18T21:52:34.276+0000] {dagbag.py:538} INFO - Filling up the DagBag from /opt/airflow/dags/airflow.py
[2025-10-18T21:52:34.492+0000] {processor.py:753} INFO - DAG(s) dict_keys(['iris_training_pipeline']) retrieved from /opt/airflow/dags/airflow.py
[2025-10-18T21:52:34.507+0000] {logging_mixin.py:137} INFO - [2025-10-18T21:52:34.507+0000] {dag.py:2690} INFO - Sync 1 DAGs
[2025-10-18T21:52:34.523+0000] {logging_mixin.py:137} INFO - [2025-10-18T21:52:34.523+0000] {dag.py:3441} INFO - Setting next_dagrun for iris_training_pipeline to None, run_after=None
[2025-10-18T21:52:34.532+0000] {processor.py:175} INFO - Processing /opt/airflow/dags/airflow.py took 0.264 seconds
[2025-10-18T21:53:04.784+0000] {processor.py:153} INFO - Started process (PID=10201) to work on /opt/airflow/dags/airflow.py
[2025-10-18T21:53:04.785+0000] {processor.py:743} INFO - Processing file /opt/airflow/dags/airflow.py for tasks to queue
[2025-10-18T21:53:04.786+0000] {logging_mixin.py:137} INFO - [2025-10-18T21:53:04.786+0000] {dagbag.py:538} INFO - Filling up the DagBag from /opt/airflow/dags/airflow.py
[2025-10-18T21:53:05.019+0000] {processor.py:753} INFO - DAG(s) dict_keys(['iris_training_pipeline']) retrieved from /opt/airflow/dags/airflow.py
[2025-10-18T21:53:05.040+0000] {logging_mixin.py:137} INFO - [2025-10-18T21:53:05.040+0000] {dag.py:2690} INFO - Sync 1 DAGs
[2025-10-18T21:53:05.057+0000] {logging_mixin.py:137} INFO - [2025-10-18T21:53:05.056+0000] {dag.py:3441} INFO - Setting next_dagrun for iris_training_pipeline to None, run_after=None
[2025-10-18T21:53:05.068+0000] {processor.py:175} INFO - Processing /opt/airflow/dags/airflow.py took 0.288 seconds
[2025-10-18T21:53:35.288+0000] {processor.py:153} INFO - Started process (PID=10238) to work on /opt/airflow/dags/airflow.py
[2025-10-18T21:53:35.291+0000] {processor.py:743} INFO - Processing file /opt/airflow/dags/airflow.py for tasks to queue
[2025-10-18T21:53:35.292+0000] {logging_mixin.py:137} INFO - [2025-10-18T21:53:35.291+0000] {dagbag.py:538} INFO - Filling up the DagBag from /opt/airflow/dags/airflow.py
[2025-10-18T21:53:35.540+0000] {processor.py:753} INFO - DAG(s) dict_keys(['iris_training_pipeline']) retrieved from /opt/airflow/dags/airflow.py
[2025-10-18T21:53:35.561+0000] {logging_mixin.py:137} INFO - [2025-10-18T21:53:35.561+0000] {dag.py:2690} INFO - Sync 1 DAGs
[2025-10-18T21:53:35.580+0000] {logging_mixin.py:137} INFO - [2025-10-18T21:53:35.580+0000] {dag.py:3441} INFO - Setting next_dagrun for iris_training_pipeline to None, run_after=None
[2025-10-18T21:53:35.773+0000] {processor.py:175} INFO - Processing /opt/airflow/dags/airflow.py took 0.492 seconds
[2025-10-18T21:54:06.014+0000] {processor.py:153} INFO - Started process (PID=10293) to work on /opt/airflow/dags/airflow.py
[2025-10-18T21:54:06.015+0000] {processor.py:743} INFO - Processing file /opt/airflow/dags/airflow.py for tasks to queue
[2025-10-18T21:54:06.016+0000] {logging_mixin.py:137} INFO - [2025-10-18T21:54:06.015+0000] {dagbag.py:538} INFO - Filling up the DagBag from /opt/airflow/dags/airflow.py
[2025-10-18T21:54:06.246+0000] {processor.py:753} INFO - DAG(s) dict_keys(['iris_training_pipeline']) retrieved from /opt/airflow/dags/airflow.py
[2025-10-18T21:54:06.261+0000] {logging_mixin.py:137} INFO - [2025-10-18T21:54:06.261+0000] {dag.py:2690} INFO - Sync 1 DAGs
[2025-10-18T21:54:06.276+0000] {logging_mixin.py:137} INFO - [2025-10-18T21:54:06.275+0000] {dag.py:3441} INFO - Setting next_dagrun for iris_training_pipeline to None, run_after=None
[2025-10-18T21:54:06.287+0000] {processor.py:175} INFO - Processing /opt/airflow/dags/airflow.py took 0.277 seconds
[2025-10-18T21:54:36.536+0000] {processor.py:153} INFO - Started process (PID=10348) to work on /opt/airflow/dags/airflow.py
[2025-10-18T21:54:36.538+0000] {processor.py:743} INFO - Processing file /opt/airflow/dags/airflow.py for tasks to queue
[2025-10-18T21:54:36.538+0000] {logging_mixin.py:137} INFO - [2025-10-18T21:54:36.538+0000] {dagbag.py:538} INFO - Filling up the DagBag from /opt/airflow/dags/airflow.py
[2025-10-18T21:54:36.804+0000] {processor.py:753} INFO - DAG(s) dict_keys(['iris_training_pipeline']) retrieved from /opt/airflow/dags/airflow.py
[2025-10-18T21:54:36.824+0000] {logging_mixin.py:137} INFO - [2025-10-18T21:54:36.824+0000] {dag.py:2690} INFO - Sync 1 DAGs
[2025-10-18T21:54:36.843+0000] {logging_mixin.py:137} INFO - [2025-10-18T21:54:36.843+0000] {dag.py:3441} INFO - Setting next_dagrun for iris_training_pipeline to None, run_after=None
[2025-10-18T21:54:36.854+0000] {processor.py:175} INFO - Processing /opt/airflow/dags/airflow.py took 0.321 seconds
[2025-10-18T21:55:07.075+0000] {processor.py:153} INFO - Started process (PID=10385) to work on /opt/airflow/dags/airflow.py
[2025-10-18T21:55:07.077+0000] {processor.py:743} INFO - Processing file /opt/airflow/dags/airflow.py for tasks to queue
[2025-10-18T21:55:07.078+0000] {logging_mixin.py:137} INFO - [2025-10-18T21:55:07.078+0000] {dagbag.py:538} INFO - Filling up the DagBag from /opt/airflow/dags/airflow.py
[2025-10-18T21:55:07.316+0000] {processor.py:753} INFO - DAG(s) dict_keys(['iris_training_pipeline']) retrieved from /opt/airflow/dags/airflow.py
[2025-10-18T21:55:07.338+0000] {logging_mixin.py:137} INFO - [2025-10-18T21:55:07.338+0000] {dag.py:2690} INFO - Sync 1 DAGs
[2025-10-18T21:55:07.354+0000] {logging_mixin.py:137} INFO - [2025-10-18T21:55:07.354+0000] {dag.py:3441} INFO - Setting next_dagrun for iris_training_pipeline to None, run_after=None
[2025-10-18T21:55:07.364+0000] {processor.py:175} INFO - Processing /opt/airflow/dags/airflow.py took 0.293 seconds
[2025-10-18T21:55:37.588+0000] {processor.py:153} INFO - Started process (PID=10440) to work on /opt/airflow/dags/airflow.py
[2025-10-18T21:55:37.591+0000] {processor.py:743} INFO - Processing file /opt/airflow/dags/airflow.py for tasks to queue
[2025-10-18T21:55:37.593+0000] {logging_mixin.py:137} INFO - [2025-10-18T21:55:37.592+0000] {dagbag.py:538} INFO - Filling up the DagBag from /opt/airflow/dags/airflow.py
[2025-10-18T21:55:37.838+0000] {processor.py:753} INFO - DAG(s) dict_keys(['iris_training_pipeline']) retrieved from /opt/airflow/dags/airflow.py
[2025-10-18T21:55:37.857+0000] {logging_mixin.py:137} INFO - [2025-10-18T21:55:37.857+0000] {dag.py:2690} INFO - Sync 1 DAGs
[2025-10-18T21:55:37.872+0000] {logging_mixin.py:137} INFO - [2025-10-18T21:55:37.872+0000] {dag.py:3441} INFO - Setting next_dagrun for iris_training_pipeline to None, run_after=None
[2025-10-18T21:55:37.883+0000] {processor.py:175} INFO - Processing /opt/airflow/dags/airflow.py took 0.302 seconds
[2025-10-18T21:56:08.099+0000] {processor.py:153} INFO - Started process (PID=10495) to work on /opt/airflow/dags/airflow.py
[2025-10-18T21:56:08.100+0000] {processor.py:743} INFO - Processing file /opt/airflow/dags/airflow.py for tasks to queue
[2025-10-18T21:56:08.101+0000] {logging_mixin.py:137} INFO - [2025-10-18T21:56:08.100+0000] {dagbag.py:538} INFO - Filling up the DagBag from /opt/airflow/dags/airflow.py
[2025-10-18T21:56:08.285+0000] {processor.py:753} INFO - DAG(s) dict_keys(['iris_training_pipeline']) retrieved from /opt/airflow/dags/airflow.py
[2025-10-18T21:56:08.299+0000] {logging_mixin.py:137} INFO - [2025-10-18T21:56:08.299+0000] {dag.py:2690} INFO - Sync 1 DAGs
[2025-10-18T21:56:08.312+0000] {logging_mixin.py:137} INFO - [2025-10-18T21:56:08.312+0000] {dag.py:3441} INFO - Setting next_dagrun for iris_training_pipeline to None, run_after=None
[2025-10-18T21:56:08.322+0000] {processor.py:175} INFO - Processing /opt/airflow/dags/airflow.py took 0.227 seconds
[2025-10-18T21:56:38.381+0000] {processor.py:153} INFO - Started process (PID=10532) to work on /opt/airflow/dags/airflow.py
[2025-10-18T21:56:38.382+0000] {processor.py:743} INFO - Processing file /opt/airflow/dags/airflow.py for tasks to queue
[2025-10-18T21:56:38.383+0000] {logging_mixin.py:137} INFO - [2025-10-18T21:56:38.383+0000] {dagbag.py:538} INFO - Filling up the DagBag from /opt/airflow/dags/airflow.py
[2025-10-18T21:56:38.585+0000] {processor.py:753} INFO - DAG(s) dict_keys(['iris_training_pipeline']) retrieved from /opt/airflow/dags/airflow.py
[2025-10-18T21:56:38.597+0000] {logging_mixin.py:137} INFO - [2025-10-18T21:56:38.597+0000] {dag.py:2690} INFO - Sync 1 DAGs
[2025-10-18T21:56:38.610+0000] {logging_mixin.py:137} INFO - [2025-10-18T21:56:38.610+0000] {dag.py:3441} INFO - Setting next_dagrun for iris_training_pipeline to None, run_after=None
[2025-10-18T21:56:38.778+0000] {processor.py:175} INFO - Processing /opt/airflow/dags/airflow.py took 0.402 seconds
[2025-10-18T21:57:08.978+0000] {processor.py:153} INFO - Started process (PID=10587) to work on /opt/airflow/dags/airflow.py
[2025-10-18T21:57:08.978+0000] {processor.py:743} INFO - Processing file /opt/airflow/dags/airflow.py for tasks to queue
[2025-10-18T21:57:08.979+0000] {logging_mixin.py:137} INFO - [2025-10-18T21:57:08.979+0000] {dagbag.py:538} INFO - Filling up the DagBag from /opt/airflow/dags/airflow.py
[2025-10-18T21:57:09.161+0000] {processor.py:753} INFO - DAG(s) dict_keys(['iris_training_pipeline']) retrieved from /opt/airflow/dags/airflow.py
[2025-10-18T21:57:09.175+0000] {logging_mixin.py:137} INFO - [2025-10-18T21:57:09.175+0000] {dag.py:2690} INFO - Sync 1 DAGs
[2025-10-18T21:57:09.309+0000] {logging_mixin.py:137} INFO - [2025-10-18T21:57:09.309+0000] {dag.py:3441} INFO - Setting next_dagrun for iris_training_pipeline to None, run_after=None
[2025-10-18T21:57:09.317+0000] {processor.py:175} INFO - Processing /opt/airflow/dags/airflow.py took 0.342 seconds
[2025-10-18T21:57:39.587+0000] {processor.py:153} INFO - Started process (PID=10642) to work on /opt/airflow/dags/airflow.py
[2025-10-18T21:57:39.589+0000] {processor.py:743} INFO - Processing file /opt/airflow/dags/airflow.py for tasks to queue
[2025-10-18T21:57:39.590+0000] {logging_mixin.py:137} INFO - [2025-10-18T21:57:39.590+0000] {dagbag.py:538} INFO - Filling up the DagBag from /opt/airflow/dags/airflow.py
[2025-10-18T21:57:39.800+0000] {processor.py:753} INFO - DAG(s) dict_keys(['iris_training_pipeline']) retrieved from /opt/airflow/dags/airflow.py
[2025-10-18T21:57:39.818+0000] {logging_mixin.py:137} INFO - [2025-10-18T21:57:39.818+0000] {dag.py:2690} INFO - Sync 1 DAGs
[2025-10-18T21:57:39.832+0000] {logging_mixin.py:137} INFO - [2025-10-18T21:57:39.832+0000] {dag.py:3441} INFO - Setting next_dagrun for iris_training_pipeline to None, run_after=None
[2025-10-18T21:57:39.842+0000] {processor.py:175} INFO - Processing /opt/airflow/dags/airflow.py took 0.266 seconds
[2025-10-18T21:58:10.085+0000] {processor.py:153} INFO - Started process (PID=10679) to work on /opt/airflow/dags/airflow.py
[2025-10-18T21:58:10.088+0000] {processor.py:743} INFO - Processing file /opt/airflow/dags/airflow.py for tasks to queue
[2025-10-18T21:58:10.091+0000] {logging_mixin.py:137} INFO - [2025-10-18T21:58:10.091+0000] {dagbag.py:538} INFO - Filling up the DagBag from /opt/airflow/dags/airflow.py
[2025-10-18T21:58:10.426+0000] {processor.py:753} INFO - DAG(s) dict_keys(['iris_training_pipeline']) retrieved from /opt/airflow/dags/airflow.py
[2025-10-18T21:58:10.462+0000] {logging_mixin.py:137} INFO - [2025-10-18T21:58:10.462+0000] {dag.py:2690} INFO - Sync 1 DAGs
[2025-10-18T21:58:10.484+0000] {logging_mixin.py:137} INFO - [2025-10-18T21:58:10.483+0000] {dag.py:3441} INFO - Setting next_dagrun for iris_training_pipeline to None, run_after=None
[2025-10-18T21:58:10.500+0000] {processor.py:175} INFO - Processing /opt/airflow/dags/airflow.py took 0.425 seconds
[2025-10-18T21:58:40.719+0000] {processor.py:153} INFO - Started process (PID=10734) to work on /opt/airflow/dags/airflow.py
[2025-10-18T21:58:40.724+0000] {processor.py:743} INFO - Processing file /opt/airflow/dags/airflow.py for tasks to queue
[2025-10-18T21:58:40.725+0000] {logging_mixin.py:137} INFO - [2025-10-18T21:58:40.725+0000] {dagbag.py:538} INFO - Filling up the DagBag from /opt/airflow/dags/airflow.py
[2025-10-18T21:58:40.943+0000] {processor.py:753} INFO - DAG(s) dict_keys(['iris_training_pipeline']) retrieved from /opt/airflow/dags/airflow.py
[2025-10-18T21:58:40.958+0000] {logging_mixin.py:137} INFO - [2025-10-18T21:58:40.958+0000] {dag.py:2690} INFO - Sync 1 DAGs
[2025-10-18T21:58:40.972+0000] {logging_mixin.py:137} INFO - [2025-10-18T21:58:40.972+0000] {dag.py:3441} INFO - Setting next_dagrun for iris_training_pipeline to None, run_after=None
[2025-10-18T21:58:40.982+0000] {processor.py:175} INFO - Processing /opt/airflow/dags/airflow.py took 0.271 seconds
[2025-10-18T21:59:11.236+0000] {processor.py:153} INFO - Started process (PID=10789) to work on /opt/airflow/dags/airflow.py
[2025-10-18T21:59:11.238+0000] {processor.py:743} INFO - Processing file /opt/airflow/dags/airflow.py for tasks to queue
[2025-10-18T21:59:11.239+0000] {logging_mixin.py:137} INFO - [2025-10-18T21:59:11.239+0000] {dagbag.py:538} INFO - Filling up the DagBag from /opt/airflow/dags/airflow.py
[2025-10-18T21:59:11.444+0000] {processor.py:753} INFO - DAG(s) dict_keys(['iris_training_pipeline']) retrieved from /opt/airflow/dags/airflow.py
[2025-10-18T21:59:11.457+0000] {logging_mixin.py:137} INFO - [2025-10-18T21:59:11.457+0000] {dag.py:2690} INFO - Sync 1 DAGs
[2025-10-18T21:59:11.470+0000] {logging_mixin.py:137} INFO - [2025-10-18T21:59:11.470+0000] {dag.py:3441} INFO - Setting next_dagrun for iris_training_pipeline to None, run_after=None
[2025-10-18T21:59:11.479+0000] {processor.py:175} INFO - Processing /opt/airflow/dags/airflow.py took 0.248 seconds
[2025-10-18T21:59:41.684+0000] {processor.py:153} INFO - Started process (PID=10826) to work on /opt/airflow/dags/airflow.py
[2025-10-18T21:59:41.685+0000] {processor.py:743} INFO - Processing file /opt/airflow/dags/airflow.py for tasks to queue
[2025-10-18T21:59:41.686+0000] {logging_mixin.py:137} INFO - [2025-10-18T21:59:41.686+0000] {dagbag.py:538} INFO - Filling up the DagBag from /opt/airflow/dags/airflow.py
[2025-10-18T21:59:41.867+0000] {processor.py:753} INFO - DAG(s) dict_keys(['iris_training_pipeline']) retrieved from /opt/airflow/dags/airflow.py
[2025-10-18T21:59:41.880+0000] {logging_mixin.py:137} INFO - [2025-10-18T21:59:41.880+0000] {dag.py:2690} INFO - Sync 1 DAGs
[2025-10-18T21:59:41.892+0000] {logging_mixin.py:137} INFO - [2025-10-18T21:59:41.892+0000] {dag.py:3441} INFO - Setting next_dagrun for iris_training_pipeline to None, run_after=None
[2025-10-18T21:59:42.063+0000] {processor.py:175} INFO - Processing /opt/airflow/dags/airflow.py took 0.384 seconds
[2025-10-18T22:00:12.301+0000] {processor.py:153} INFO - Started process (PID=10881) to work on /opt/airflow/dags/airflow.py
[2025-10-18T22:00:12.302+0000] {processor.py:743} INFO - Processing file /opt/airflow/dags/airflow.py for tasks to queue
[2025-10-18T22:00:12.303+0000] {logging_mixin.py:137} INFO - [2025-10-18T22:00:12.303+0000] {dagbag.py:538} INFO - Filling up the DagBag from /opt/airflow/dags/airflow.py
[2025-10-18T22:00:12.575+0000] {processor.py:753} INFO - DAG(s) dict_keys(['iris_training_pipeline']) retrieved from /opt/airflow/dags/airflow.py
[2025-10-18T22:00:12.597+0000] {logging_mixin.py:137} INFO - [2025-10-18T22:00:12.597+0000] {dag.py:2690} INFO - Sync 1 DAGs
[2025-10-18T22:00:12.749+0000] {logging_mixin.py:137} INFO - [2025-10-18T22:00:12.749+0000] {dag.py:3441} INFO - Setting next_dagrun for iris_training_pipeline to None, run_after=None
[2025-10-18T22:00:12.758+0000] {processor.py:175} INFO - Processing /opt/airflow/dags/airflow.py took 0.462 seconds
[2025-10-18T22:00:43.039+0000] {processor.py:153} INFO - Started process (PID=10936) to work on /opt/airflow/dags/airflow.py
[2025-10-18T22:00:43.041+0000] {processor.py:743} INFO - Processing file /opt/airflow/dags/airflow.py for tasks to queue
[2025-10-18T22:00:43.042+0000] {logging_mixin.py:137} INFO - [2025-10-18T22:00:43.042+0000] {dagbag.py:538} INFO - Filling up the DagBag from /opt/airflow/dags/airflow.py
[2025-10-18T22:00:43.229+0000] {processor.py:753} INFO - DAG(s) dict_keys(['iris_training_pipeline']) retrieved from /opt/airflow/dags/airflow.py
[2025-10-18T22:00:43.242+0000] {logging_mixin.py:137} INFO - [2025-10-18T22:00:43.242+0000] {dag.py:2690} INFO - Sync 1 DAGs
[2025-10-18T22:00:43.254+0000] {logging_mixin.py:137} INFO - [2025-10-18T22:00:43.254+0000] {dag.py:3441} INFO - Setting next_dagrun for iris_training_pipeline to None, run_after=None
[2025-10-18T22:00:43.263+0000] {processor.py:175} INFO - Processing /opt/airflow/dags/airflow.py took 0.230 seconds
[2025-10-18T22:01:13.498+0000] {processor.py:153} INFO - Started process (PID=10974) to work on /opt/airflow/dags/airflow.py
[2025-10-18T22:01:13.500+0000] {processor.py:743} INFO - Processing file /opt/airflow/dags/airflow.py for tasks to queue
[2025-10-18T22:01:13.501+0000] {logging_mixin.py:137} INFO - [2025-10-18T22:01:13.500+0000] {dagbag.py:538} INFO - Filling up the DagBag from /opt/airflow/dags/airflow.py
[2025-10-18T22:01:13.783+0000] {processor.py:753} INFO - DAG(s) dict_keys(['iris_training_pipeline']) retrieved from /opt/airflow/dags/airflow.py
[2025-10-18T22:01:13.811+0000] {logging_mixin.py:137} INFO - [2025-10-18T22:01:13.811+0000] {dag.py:2690} INFO - Sync 1 DAGs
[2025-10-18T22:01:13.833+0000] {logging_mixin.py:137} INFO - [2025-10-18T22:01:13.832+0000] {dag.py:3441} INFO - Setting next_dagrun for iris_training_pipeline to None, run_after=None
[2025-10-18T22:01:13.845+0000] {processor.py:175} INFO - Processing /opt/airflow/dags/airflow.py took 0.353 seconds
[2025-10-18T22:01:44.126+0000] {processor.py:153} INFO - Started process (PID=11029) to work on /opt/airflow/dags/airflow.py
[2025-10-18T22:01:44.127+0000] {processor.py:743} INFO - Processing file /opt/airflow/dags/airflow.py for tasks to queue
[2025-10-18T22:01:44.128+0000] {logging_mixin.py:137} INFO - [2025-10-18T22:01:44.128+0000] {dagbag.py:538} INFO - Filling up the DagBag from /opt/airflow/dags/airflow.py
[2025-10-18T22:01:44.361+0000] {processor.py:753} INFO - DAG(s) dict_keys(['iris_training_pipeline']) retrieved from /opt/airflow/dags/airflow.py
[2025-10-18T22:01:44.382+0000] {logging_mixin.py:137} INFO - [2025-10-18T22:01:44.381+0000] {dag.py:2690} INFO - Sync 1 DAGs
[2025-10-18T22:01:44.396+0000] {logging_mixin.py:137} INFO - [2025-10-18T22:01:44.396+0000] {dag.py:3441} INFO - Setting next_dagrun for iris_training_pipeline to None, run_after=None
[2025-10-18T22:01:44.406+0000] {processor.py:175} INFO - Processing /opt/airflow/dags/airflow.py took 0.287 seconds
[2025-10-18T22:02:14.698+0000] {processor.py:153} INFO - Started process (PID=11084) to work on /opt/airflow/dags/airflow.py
[2025-10-18T22:02:14.701+0000] {processor.py:743} INFO - Processing file /opt/airflow/dags/airflow.py for tasks to queue
[2025-10-18T22:02:14.702+0000] {logging_mixin.py:137} INFO - [2025-10-18T22:02:14.702+0000] {dagbag.py:538} INFO - Filling up the DagBag from /opt/airflow/dags/airflow.py
[2025-10-18T22:02:14.925+0000] {processor.py:753} INFO - DAG(s) dict_keys(['iris_training_pipeline']) retrieved from /opt/airflow/dags/airflow.py
[2025-10-18T22:02:14.942+0000] {logging_mixin.py:137} INFO - [2025-10-18T22:02:14.942+0000] {dag.py:2690} INFO - Sync 1 DAGs
[2025-10-18T22:02:14.957+0000] {logging_mixin.py:137} INFO - [2025-10-18T22:02:14.957+0000] {dag.py:3441} INFO - Setting next_dagrun for iris_training_pipeline to None, run_after=None
[2025-10-18T22:02:14.967+0000] {processor.py:175} INFO - Processing /opt/airflow/dags/airflow.py took 0.275 seconds
[2025-10-18T22:02:45.147+0000] {processor.py:153} INFO - Started process (PID=11140) to work on /opt/airflow/dags/airflow.py
[2025-10-18T22:02:45.150+0000] {processor.py:743} INFO - Processing file /opt/airflow/dags/airflow.py for tasks to queue
[2025-10-18T22:02:45.151+0000] {logging_mixin.py:137} INFO - [2025-10-18T22:02:45.150+0000] {dagbag.py:538} INFO - Filling up the DagBag from /opt/airflow/dags/airflow.py
[2025-10-18T22:02:45.424+0000] {processor.py:753} INFO - DAG(s) dict_keys(['iris_training_pipeline']) retrieved from /opt/airflow/dags/airflow.py
[2025-10-18T22:02:45.443+0000] {logging_mixin.py:137} INFO - [2025-10-18T22:02:45.443+0000] {dag.py:2690} INFO - Sync 1 DAGs
[2025-10-18T22:02:45.461+0000] {logging_mixin.py:137} INFO - [2025-10-18T22:02:45.461+0000] {dag.py:3441} INFO - Setting next_dagrun for iris_training_pipeline to None, run_after=None
[2025-10-18T22:02:45.470+0000] {processor.py:175} INFO - Processing /opt/airflow/dags/airflow.py took 0.327 seconds
[2025-10-18T22:03:15.703+0000] {processor.py:153} INFO - Started process (PID=11177) to work on /opt/airflow/dags/airflow.py
[2025-10-18T22:03:15.704+0000] {processor.py:743} INFO - Processing file /opt/airflow/dags/airflow.py for tasks to queue
[2025-10-18T22:03:15.704+0000] {logging_mixin.py:137} INFO - [2025-10-18T22:03:15.704+0000] {dagbag.py:538} INFO - Filling up the DagBag from /opt/airflow/dags/airflow.py
[2025-10-18T22:03:15.898+0000] {processor.py:753} INFO - DAG(s) dict_keys(['iris_training_pipeline']) retrieved from /opt/airflow/dags/airflow.py
[2025-10-18T22:03:15.912+0000] {logging_mixin.py:137} INFO - [2025-10-18T22:03:15.912+0000] {dag.py:2690} INFO - Sync 1 DAGs
[2025-10-18T22:03:15.924+0000] {logging_mixin.py:137} INFO - [2025-10-18T22:03:15.924+0000] {dag.py:3441} INFO - Setting next_dagrun for iris_training_pipeline to None, run_after=None
[2025-10-18T22:03:16.104+0000] {processor.py:175} INFO - Processing /opt/airflow/dags/airflow.py took 0.404 seconds
[2025-10-18T22:03:46.351+0000] {processor.py:153} INFO - Started process (PID=11232) to work on /opt/airflow/dags/airflow.py
[2025-10-18T22:03:46.352+0000] {processor.py:743} INFO - Processing file /opt/airflow/dags/airflow.py for tasks to queue
[2025-10-18T22:03:46.352+0000] {logging_mixin.py:137} INFO - [2025-10-18T22:03:46.352+0000] {dagbag.py:538} INFO - Filling up the DagBag from /opt/airflow/dags/airflow.py
[2025-10-18T22:03:46.605+0000] {processor.py:753} INFO - DAG(s) dict_keys(['iris_training_pipeline']) retrieved from /opt/airflow/dags/airflow.py
[2025-10-18T22:03:46.638+0000] {logging_mixin.py:137} INFO - [2025-10-18T22:03:46.638+0000] {dag.py:2690} INFO - Sync 1 DAGs
[2025-10-18T22:03:46.659+0000] {logging_mixin.py:137} INFO - [2025-10-18T22:03:46.659+0000] {dag.py:3441} INFO - Setting next_dagrun for iris_training_pipeline to None, run_after=None
[2025-10-18T22:03:46.675+0000] {processor.py:175} INFO - Processing /opt/airflow/dags/airflow.py took 0.327 seconds
[2025-10-18T22:04:16.885+0000] {processor.py:153} INFO - Started process (PID=11287) to work on /opt/airflow/dags/airflow.py
[2025-10-18T22:04:16.886+0000] {processor.py:743} INFO - Processing file /opt/airflow/dags/airflow.py for tasks to queue
[2025-10-18T22:04:16.887+0000] {logging_mixin.py:137} INFO - [2025-10-18T22:04:16.887+0000] {dagbag.py:538} INFO - Filling up the DagBag from /opt/airflow/dags/airflow.py
[2025-10-18T22:04:17.147+0000] {processor.py:753} INFO - DAG(s) dict_keys(['iris_training_pipeline']) retrieved from /opt/airflow/dags/airflow.py
[2025-10-18T22:04:17.165+0000] {logging_mixin.py:137} INFO - [2025-10-18T22:04:17.165+0000] {dag.py:2690} INFO - Sync 1 DAGs
[2025-10-18T22:04:17.179+0000] {logging_mixin.py:137} INFO - [2025-10-18T22:04:17.179+0000] {dag.py:3441} INFO - Setting next_dagrun for iris_training_pipeline to None, run_after=None
[2025-10-18T22:04:17.189+0000] {processor.py:175} INFO - Processing /opt/airflow/dags/airflow.py took 0.308 seconds
[2025-10-18T22:04:47.406+0000] {processor.py:153} INFO - Started process (PID=11324) to work on /opt/airflow/dags/airflow.py
[2025-10-18T22:04:47.407+0000] {processor.py:743} INFO - Processing file /opt/airflow/dags/airflow.py for tasks to queue
[2025-10-18T22:04:47.408+0000] {logging_mixin.py:137} INFO - [2025-10-18T22:04:47.408+0000] {dagbag.py:538} INFO - Filling up the DagBag from /opt/airflow/dags/airflow.py
[2025-10-18T22:04:47.587+0000] {processor.py:753} INFO - DAG(s) dict_keys(['iris_training_pipeline']) retrieved from /opt/airflow/dags/airflow.py
[2025-10-18T22:04:47.599+0000] {logging_mixin.py:137} INFO - [2025-10-18T22:04:47.599+0000] {dag.py:2690} INFO - Sync 1 DAGs
[2025-10-18T22:04:47.611+0000] {logging_mixin.py:137} INFO - [2025-10-18T22:04:47.611+0000] {dag.py:3441} INFO - Setting next_dagrun for iris_training_pipeline to None, run_after=None
[2025-10-18T22:04:47.621+0000] {processor.py:175} INFO - Processing /opt/airflow/dags/airflow.py took 0.219 seconds
[2025-10-18T22:05:17.654+0000] {processor.py:153} INFO - Started process (PID=11379) to work on /opt/airflow/dags/airflow.py
[2025-10-18T22:05:17.654+0000] {processor.py:743} INFO - Processing file /opt/airflow/dags/airflow.py for tasks to queue
[2025-10-18T22:05:17.655+0000] {logging_mixin.py:137} INFO - [2025-10-18T22:05:17.655+0000] {dagbag.py:538} INFO - Filling up the DagBag from /opt/airflow/dags/airflow.py
[2025-10-18T22:05:17.846+0000] {processor.py:753} INFO - DAG(s) dict_keys(['iris_training_pipeline']) retrieved from /opt/airflow/dags/airflow.py
[2025-10-18T22:05:17.859+0000] {logging_mixin.py:137} INFO - [2025-10-18T22:05:17.859+0000] {dag.py:2690} INFO - Sync 1 DAGs
[2025-10-18T22:05:17.872+0000] {logging_mixin.py:137} INFO - [2025-10-18T22:05:17.872+0000] {dag.py:3441} INFO - Setting next_dagrun for iris_training_pipeline to None, run_after=None
[2025-10-18T22:05:17.881+0000] {processor.py:175} INFO - Processing /opt/airflow/dags/airflow.py took 0.230 seconds
[2025-10-18T22:05:48.105+0000] {processor.py:153} INFO - Started process (PID=11434) to work on /opt/airflow/dags/airflow.py
[2025-10-18T22:05:48.106+0000] {processor.py:743} INFO - Processing file /opt/airflow/dags/airflow.py for tasks to queue
[2025-10-18T22:05:48.107+0000] {logging_mixin.py:137} INFO - [2025-10-18T22:05:48.106+0000] {dagbag.py:538} INFO - Filling up the DagBag from /opt/airflow/dags/airflow.py
[2025-10-18T22:05:48.289+0000] {processor.py:753} INFO - DAG(s) dict_keys(['iris_training_pipeline']) retrieved from /opt/airflow/dags/airflow.py
[2025-10-18T22:05:48.301+0000] {logging_mixin.py:137} INFO - [2025-10-18T22:05:48.301+0000] {dag.py:2690} INFO - Sync 1 DAGs
[2025-10-18T22:05:48.313+0000] {logging_mixin.py:137} INFO - [2025-10-18T22:05:48.313+0000] {dag.py:3441} INFO - Setting next_dagrun for iris_training_pipeline to None, run_after=None
[2025-10-18T22:05:48.321+0000] {processor.py:175} INFO - Processing /opt/airflow/dags/airflow.py took 0.221 seconds
[2025-10-18T22:06:18.353+0000] {processor.py:153} INFO - Started process (PID=11471) to work on /opt/airflow/dags/airflow.py
[2025-10-18T22:06:18.354+0000] {processor.py:743} INFO - Processing file /opt/airflow/dags/airflow.py for tasks to queue
[2025-10-18T22:06:18.355+0000] {logging_mixin.py:137} INFO - [2025-10-18T22:06:18.355+0000] {dagbag.py:538} INFO - Filling up the DagBag from /opt/airflow/dags/airflow.py
[2025-10-18T22:06:18.574+0000] {processor.py:753} INFO - DAG(s) dict_keys(['iris_training_pipeline']) retrieved from /opt/airflow/dags/airflow.py
[2025-10-18T22:06:18.588+0000] {logging_mixin.py:137} INFO - [2025-10-18T22:06:18.588+0000] {dag.py:2690} INFO - Sync 1 DAGs
[2025-10-18T22:06:18.602+0000] {logging_mixin.py:137} INFO - [2025-10-18T22:06:18.602+0000] {dag.py:3441} INFO - Setting next_dagrun for iris_training_pipeline to None, run_after=None
[2025-10-18T22:06:18.778+0000] {processor.py:175} INFO - Processing /opt/airflow/dags/airflow.py took 0.432 seconds
[2025-10-18T22:06:48.956+0000] {processor.py:153} INFO - Started process (PID=11526) to work on /opt/airflow/dags/airflow.py
[2025-10-18T22:06:48.958+0000] {processor.py:743} INFO - Processing file /opt/airflow/dags/airflow.py for tasks to queue
[2025-10-18T22:06:48.958+0000] {logging_mixin.py:137} INFO - [2025-10-18T22:06:48.958+0000] {dagbag.py:538} INFO - Filling up the DagBag from /opt/airflow/dags/airflow.py
[2025-10-18T22:06:49.145+0000] {processor.py:753} INFO - DAG(s) dict_keys(['iris_training_pipeline']) retrieved from /opt/airflow/dags/airflow.py
[2025-10-18T22:06:49.157+0000] {logging_mixin.py:137} INFO - [2025-10-18T22:06:49.157+0000] {dag.py:2690} INFO - Sync 1 DAGs
[2025-10-18T22:06:49.248+0000] {logging_mixin.py:137} INFO - [2025-10-18T22:06:49.248+0000] {dag.py:3441} INFO - Setting next_dagrun for iris_training_pipeline to None, run_after=None
[2025-10-18T22:06:49.256+0000] {processor.py:175} INFO - Processing /opt/airflow/dags/airflow.py took 0.305 seconds
[2025-10-18T22:07:19.467+0000] {processor.py:153} INFO - Started process (PID=11581) to work on /opt/airflow/dags/airflow.py
[2025-10-18T22:07:19.469+0000] {processor.py:743} INFO - Processing file /opt/airflow/dags/airflow.py for tasks to queue
[2025-10-18T22:07:19.469+0000] {logging_mixin.py:137} INFO - [2025-10-18T22:07:19.469+0000] {dagbag.py:538} INFO - Filling up the DagBag from /opt/airflow/dags/airflow.py
[2025-10-18T22:07:19.642+0000] {processor.py:753} INFO - DAG(s) dict_keys(['iris_training_pipeline']) retrieved from /opt/airflow/dags/airflow.py
[2025-10-18T22:07:19.654+0000] {logging_mixin.py:137} INFO - [2025-10-18T22:07:19.654+0000] {dag.py:2690} INFO - Sync 1 DAGs
[2025-10-18T22:07:19.665+0000] {logging_mixin.py:137} INFO - [2025-10-18T22:07:19.665+0000] {dag.py:3441} INFO - Setting next_dagrun for iris_training_pipeline to None, run_after=None
[2025-10-18T22:07:19.674+0000] {processor.py:175} INFO - Processing /opt/airflow/dags/airflow.py took 0.211 seconds
[2025-10-18T22:07:49.737+0000] {processor.py:153} INFO - Started process (PID=11636) to work on /opt/airflow/dags/airflow.py
[2025-10-18T22:07:49.739+0000] {processor.py:743} INFO - Processing file /opt/airflow/dags/airflow.py for tasks to queue
[2025-10-18T22:07:49.740+0000] {logging_mixin.py:137} INFO - [2025-10-18T22:07:49.740+0000] {dagbag.py:538} INFO - Filling up the DagBag from /opt/airflow/dags/airflow.py
[2025-10-18T22:07:49.998+0000] {processor.py:753} INFO - DAG(s) dict_keys(['iris_training_pipeline']) retrieved from /opt/airflow/dags/airflow.py
[2025-10-18T22:07:50.021+0000] {logging_mixin.py:137} INFO - [2025-10-18T22:07:50.020+0000] {dag.py:2690} INFO - Sync 1 DAGs
[2025-10-18T22:07:50.038+0000] {logging_mixin.py:137} INFO - [2025-10-18T22:07:50.038+0000] {dag.py:3441} INFO - Setting next_dagrun for iris_training_pipeline to None, run_after=None
[2025-10-18T22:07:50.050+0000] {processor.py:175} INFO - Processing /opt/airflow/dags/airflow.py took 0.317 seconds
[2025-10-18T22:08:20.117+0000] {processor.py:153} INFO - Started process (PID=11673) to work on /opt/airflow/dags/airflow.py
[2025-10-18T22:08:20.118+0000] {processor.py:743} INFO - Processing file /opt/airflow/dags/airflow.py for tasks to queue
[2025-10-18T22:08:20.119+0000] {logging_mixin.py:137} INFO - [2025-10-18T22:08:20.119+0000] {dagbag.py:538} INFO - Filling up the DagBag from /opt/airflow/dags/airflow.py
[2025-10-18T22:08:20.316+0000] {processor.py:753} INFO - DAG(s) dict_keys(['iris_training_pipeline']) retrieved from /opt/airflow/dags/airflow.py
[2025-10-18T22:08:20.328+0000] {logging_mixin.py:137} INFO - [2025-10-18T22:08:20.328+0000] {dag.py:2690} INFO - Sync 1 DAGs
[2025-10-18T22:08:20.340+0000] {logging_mixin.py:137} INFO - [2025-10-18T22:08:20.340+0000] {dag.py:3441} INFO - Setting next_dagrun for iris_training_pipeline to None, run_after=None
[2025-10-18T22:08:20.350+0000] {processor.py:175} INFO - Processing /opt/airflow/dags/airflow.py took 0.237 seconds
[2025-10-18T22:08:50.407+0000] {processor.py:153} INFO - Started process (PID=11728) to work on /opt/airflow/dags/airflow.py
[2025-10-18T22:08:50.408+0000] {processor.py:743} INFO - Processing file /opt/airflow/dags/airflow.py for tasks to queue
[2025-10-18T22:08:50.408+0000] {logging_mixin.py:137} INFO - [2025-10-18T22:08:50.408+0000] {dagbag.py:538} INFO - Filling up the DagBag from /opt/airflow/dags/airflow.py
[2025-10-18T22:08:50.581+0000] {processor.py:753} INFO - DAG(s) dict_keys(['iris_training_pipeline']) retrieved from /opt/airflow/dags/airflow.py
[2025-10-18T22:08:50.594+0000] {logging_mixin.py:137} INFO - [2025-10-18T22:08:50.594+0000] {dag.py:2690} INFO - Sync 1 DAGs
[2025-10-18T22:08:50.606+0000] {logging_mixin.py:137} INFO - [2025-10-18T22:08:50.606+0000] {dag.py:3441} INFO - Setting next_dagrun for iris_training_pipeline to None, run_after=None
[2025-10-18T22:08:50.615+0000] {processor.py:175} INFO - Processing /opt/airflow/dags/airflow.py took 0.212 seconds
[2025-10-18T22:09:20.831+0000] {processor.py:153} INFO - Started process (PID=11783) to work on /opt/airflow/dags/airflow.py
[2025-10-18T22:09:20.835+0000] {processor.py:743} INFO - Processing file /opt/airflow/dags/airflow.py for tasks to queue
[2025-10-18T22:09:20.836+0000] {logging_mixin.py:137} INFO - [2025-10-18T22:09:20.836+0000] {dagbag.py:538} INFO - Filling up the DagBag from /opt/airflow/dags/airflow.py
[2025-10-18T22:09:21.098+0000] {processor.py:753} INFO - DAG(s) dict_keys(['iris_training_pipeline']) retrieved from /opt/airflow/dags/airflow.py
[2025-10-18T22:09:21.112+0000] {logging_mixin.py:137} INFO - [2025-10-18T22:09:21.112+0000] {dag.py:2690} INFO - Sync 1 DAGs
[2025-10-18T22:09:21.129+0000] {logging_mixin.py:137} INFO - [2025-10-18T22:09:21.128+0000] {dag.py:3441} INFO - Setting next_dagrun for iris_training_pipeline to None, run_after=None
[2025-10-18T22:09:21.308+0000] {processor.py:175} INFO - Processing /opt/airflow/dags/airflow.py took 0.485 seconds
[2025-10-18T22:09:51.487+0000] {processor.py:153} INFO - Started process (PID=11820) to work on /opt/airflow/dags/airflow.py
[2025-10-18T22:09:51.488+0000] {processor.py:743} INFO - Processing file /opt/airflow/dags/airflow.py for tasks to queue
[2025-10-18T22:09:51.489+0000] {logging_mixin.py:137} INFO - [2025-10-18T22:09:51.489+0000] {dagbag.py:538} INFO - Filling up the DagBag from /opt/airflow/dags/airflow.py
[2025-10-18T22:09:51.665+0000] {processor.py:753} INFO - DAG(s) dict_keys(['iris_training_pipeline']) retrieved from /opt/airflow/dags/airflow.py
[2025-10-18T22:09:51.678+0000] {logging_mixin.py:137} INFO - [2025-10-18T22:09:51.678+0000] {dag.py:2690} INFO - Sync 1 DAGs
[2025-10-18T22:09:51.779+0000] {logging_mixin.py:137} INFO - [2025-10-18T22:09:51.779+0000] {dag.py:3441} INFO - Setting next_dagrun for iris_training_pipeline to None, run_after=None
[2025-10-18T22:09:51.788+0000] {processor.py:175} INFO - Processing /opt/airflow/dags/airflow.py took 0.306 seconds
[2025-10-18T22:10:21.963+0000] {processor.py:153} INFO - Started process (PID=11875) to work on /opt/airflow/dags/airflow.py
[2025-10-18T22:10:21.964+0000] {processor.py:743} INFO - Processing file /opt/airflow/dags/airflow.py for tasks to queue
[2025-10-18T22:10:21.964+0000] {logging_mixin.py:137} INFO - [2025-10-18T22:10:21.964+0000] {dagbag.py:538} INFO - Filling up the DagBag from /opt/airflow/dags/airflow.py
[2025-10-18T22:10:22.135+0000] {processor.py:753} INFO - DAG(s) dict_keys(['iris_training_pipeline']) retrieved from /opt/airflow/dags/airflow.py
[2025-10-18T22:10:22.146+0000] {logging_mixin.py:137} INFO - [2025-10-18T22:10:22.146+0000] {dag.py:2690} INFO - Sync 1 DAGs
[2025-10-18T22:10:22.158+0000] {logging_mixin.py:137} INFO - [2025-10-18T22:10:22.158+0000] {dag.py:3441} INFO - Setting next_dagrun for iris_training_pipeline to None, run_after=None
[2025-10-18T22:10:22.166+0000] {processor.py:175} INFO - Processing /opt/airflow/dags/airflow.py took 0.206 seconds
[2025-10-18T22:10:52.345+0000] {processor.py:153} INFO - Started process (PID=11930) to work on /opt/airflow/dags/airflow.py
[2025-10-18T22:10:52.346+0000] {processor.py:743} INFO - Processing file /opt/airflow/dags/airflow.py for tasks to queue
[2025-10-18T22:10:52.346+0000] {logging_mixin.py:137} INFO - [2025-10-18T22:10:52.346+0000] {dagbag.py:538} INFO - Filling up the DagBag from /opt/airflow/dags/airflow.py
[2025-10-18T22:10:52.516+0000] {processor.py:753} INFO - DAG(s) dict_keys(['iris_training_pipeline']) retrieved from /opt/airflow/dags/airflow.py
[2025-10-18T22:10:52.528+0000] {logging_mixin.py:137} INFO - [2025-10-18T22:10:52.528+0000] {dag.py:2690} INFO - Sync 1 DAGs
[2025-10-18T22:10:52.540+0000] {logging_mixin.py:137} INFO - [2025-10-18T22:10:52.540+0000] {dag.py:3441} INFO - Setting next_dagrun for iris_training_pipeline to None, run_after=None
[2025-10-18T22:10:52.548+0000] {processor.py:175} INFO - Processing /opt/airflow/dags/airflow.py took 0.205 seconds
[2025-10-18T22:11:22.580+0000] {processor.py:153} INFO - Started process (PID=11967) to work on /opt/airflow/dags/airflow.py
[2025-10-18T22:11:22.581+0000] {processor.py:743} INFO - Processing file /opt/airflow/dags/airflow.py for tasks to queue
[2025-10-18T22:11:22.581+0000] {logging_mixin.py:137} INFO - [2025-10-18T22:11:22.581+0000] {dagbag.py:538} INFO - Filling up the DagBag from /opt/airflow/dags/airflow.py
[2025-10-18T22:11:22.786+0000] {processor.py:753} INFO - DAG(s) dict_keys(['iris_training_pipeline']) retrieved from /opt/airflow/dags/airflow.py
[2025-10-18T22:11:22.800+0000] {logging_mixin.py:137} INFO - [2025-10-18T22:11:22.800+0000] {dag.py:2690} INFO - Sync 1 DAGs
[2025-10-18T22:11:22.813+0000] {logging_mixin.py:137} INFO - [2025-10-18T22:11:22.813+0000] {dag.py:3441} INFO - Setting next_dagrun for iris_training_pipeline to None, run_after=None
[2025-10-18T22:11:22.824+0000] {processor.py:175} INFO - Processing /opt/airflow/dags/airflow.py took 0.246 seconds
[2025-10-18T22:11:53.025+0000] {processor.py:153} INFO - Started process (PID=12022) to work on /opt/airflow/dags/airflow.py
[2025-10-18T22:11:53.026+0000] {processor.py:743} INFO - Processing file /opt/airflow/dags/airflow.py for tasks to queue
[2025-10-18T22:11:53.027+0000] {logging_mixin.py:137} INFO - [2025-10-18T22:11:53.027+0000] {dagbag.py:538} INFO - Filling up the DagBag from /opt/airflow/dags/airflow.py
[2025-10-18T22:11:53.203+0000] {processor.py:753} INFO - DAG(s) dict_keys(['iris_training_pipeline']) retrieved from /opt/airflow/dags/airflow.py
[2025-10-18T22:11:53.215+0000] {logging_mixin.py:137} INFO - [2025-10-18T22:11:53.215+0000] {dag.py:2690} INFO - Sync 1 DAGs
[2025-10-18T22:11:53.227+0000] {logging_mixin.py:137} INFO - [2025-10-18T22:11:53.227+0000] {dag.py:3441} INFO - Setting next_dagrun for iris_training_pipeline to None, run_after=None
[2025-10-18T22:11:53.236+0000] {processor.py:175} INFO - Processing /opt/airflow/dags/airflow.py took 0.214 seconds
[2025-10-18T22:12:23.318+0000] {processor.py:153} INFO - Started process (PID=12077) to work on /opt/airflow/dags/airflow.py
[2025-10-18T22:12:23.319+0000] {processor.py:743} INFO - Processing file /opt/airflow/dags/airflow.py for tasks to queue
[2025-10-18T22:12:23.320+0000] {logging_mixin.py:137} INFO - [2025-10-18T22:12:23.320+0000] {dagbag.py:538} INFO - Filling up the DagBag from /opt/airflow/dags/airflow.py
[2025-10-18T22:12:23.495+0000] {processor.py:753} INFO - DAG(s) dict_keys(['iris_training_pipeline']) retrieved from /opt/airflow/dags/airflow.py
[2025-10-18T22:12:23.506+0000] {logging_mixin.py:137} INFO - [2025-10-18T22:12:23.506+0000] {dag.py:2690} INFO - Sync 1 DAGs
[2025-10-18T22:12:23.518+0000] {logging_mixin.py:137} INFO - [2025-10-18T22:12:23.518+0000] {dag.py:3441} INFO - Setting next_dagrun for iris_training_pipeline to None, run_after=None
[2025-10-18T22:12:23.640+0000] {processor.py:175} INFO - Processing /opt/airflow/dags/airflow.py took 0.328 seconds
[2025-10-18T22:12:53.681+0000] {processor.py:153} INFO - Started process (PID=12122) to work on /opt/airflow/dags/airflow.py
[2025-10-18T22:12:53.682+0000] {processor.py:743} INFO - Processing file /opt/airflow/dags/airflow.py for tasks to queue
[2025-10-18T22:12:53.683+0000] {logging_mixin.py:137} INFO - [2025-10-18T22:12:53.683+0000] {dagbag.py:538} INFO - Filling up the DagBag from /opt/airflow/dags/airflow.py
[2025-10-18T22:12:54.026+0000] {processor.py:753} INFO - DAG(s) dict_keys(['iris_training_pipeline']) retrieved from /opt/airflow/dags/airflow.py
[2025-10-18T22:12:54.048+0000] {logging_mixin.py:137} INFO - [2025-10-18T22:12:54.048+0000] {dag.py:2690} INFO - Sync 1 DAGs
[2025-10-18T22:12:54.225+0000] {logging_mixin.py:137} INFO - [2025-10-18T22:12:54.225+0000] {dag.py:3441} INFO - Setting next_dagrun for iris_training_pipeline to None, run_after=None
[2025-10-18T22:12:54.274+0000] {processor.py:175} INFO - Processing /opt/airflow/dags/airflow.py took 0.603 seconds
[2025-10-18T22:13:24.533+0000] {processor.py:153} INFO - Started process (PID=12168) to work on /opt/airflow/dags/airflow.py
[2025-10-18T22:13:24.534+0000] {processor.py:743} INFO - Processing file /opt/airflow/dags/airflow.py for tasks to queue
[2025-10-18T22:13:24.535+0000] {logging_mixin.py:137} INFO - [2025-10-18T22:13:24.535+0000] {dagbag.py:538} INFO - Filling up the DagBag from /opt/airflow/dags/airflow.py
[2025-10-18T22:13:24.792+0000] {processor.py:753} INFO - DAG(s) dict_keys(['iris_training_pipeline']) retrieved from /opt/airflow/dags/airflow.py
[2025-10-18T22:13:24.809+0000] {logging_mixin.py:137} INFO - [2025-10-18T22:13:24.809+0000] {dag.py:2690} INFO - Sync 1 DAGs
[2025-10-18T22:13:25.024+0000] {logging_mixin.py:137} INFO - [2025-10-18T22:13:25.023+0000] {dag.py:3441} INFO - Setting next_dagrun for iris_training_pipeline to None, run_after=None
[2025-10-18T22:13:25.035+0000] {processor.py:175} INFO - Processing /opt/airflow/dags/airflow.py took 0.505 seconds
[2025-10-18T22:13:55.214+0000] {processor.py:153} INFO - Started process (PID=12223) to work on /opt/airflow/dags/airflow.py
[2025-10-18T22:13:55.215+0000] {processor.py:743} INFO - Processing file /opt/airflow/dags/airflow.py for tasks to queue
[2025-10-18T22:13:55.215+0000] {logging_mixin.py:137} INFO - [2025-10-18T22:13:55.215+0000] {dagbag.py:538} INFO - Filling up the DagBag from /opt/airflow/dags/airflow.py
[2025-10-18T22:13:55.382+0000] {processor.py:753} INFO - DAG(s) dict_keys(['iris_training_pipeline']) retrieved from /opt/airflow/dags/airflow.py
[2025-10-18T22:13:55.394+0000] {logging_mixin.py:137} INFO - [2025-10-18T22:13:55.394+0000] {dag.py:2690} INFO - Sync 1 DAGs
[2025-10-18T22:13:55.406+0000] {logging_mixin.py:137} INFO - [2025-10-18T22:13:55.406+0000] {dag.py:3441} INFO - Setting next_dagrun for iris_training_pipeline to None, run_after=None
[2025-10-18T22:13:55.415+0000] {processor.py:175} INFO - Processing /opt/airflow/dags/airflow.py took 0.202 seconds
[2025-10-18T22:14:25.472+0000] {processor.py:153} INFO - Started process (PID=12278) to work on /opt/airflow/dags/airflow.py
[2025-10-18T22:14:25.472+0000] {processor.py:743} INFO - Processing file /opt/airflow/dags/airflow.py for tasks to queue
[2025-10-18T22:14:25.474+0000] {logging_mixin.py:137} INFO - [2025-10-18T22:14:25.474+0000] {dagbag.py:538} INFO - Filling up the DagBag from /opt/airflow/dags/airflow.py
[2025-10-18T22:14:25.923+0000] {processor.py:753} INFO - DAG(s) dict_keys(['iris_training_pipeline']) retrieved from /opt/airflow/dags/airflow.py
[2025-10-18T22:14:25.946+0000] {logging_mixin.py:137} INFO - [2025-10-18T22:14:25.946+0000] {dag.py:2690} INFO - Sync 1 DAGs
[2025-10-18T22:14:25.974+0000] {logging_mixin.py:137} INFO - [2025-10-18T22:14:25.974+0000] {dag.py:3441} INFO - Setting next_dagrun for iris_training_pipeline to None, run_after=None
[2025-10-18T22:14:26.003+0000] {processor.py:175} INFO - Processing /opt/airflow/dags/airflow.py took 0.538 seconds
[2025-10-18T22:14:56.356+0000] {processor.py:153} INFO - Started process (PID=12315) to work on /opt/airflow/dags/airflow.py
[2025-10-18T22:14:56.358+0000] {processor.py:743} INFO - Processing file /opt/airflow/dags/airflow.py for tasks to queue
[2025-10-18T22:14:56.358+0000] {logging_mixin.py:137} INFO - [2025-10-18T22:14:56.358+0000] {dagbag.py:538} INFO - Filling up the DagBag from /opt/airflow/dags/airflow.py
[2025-10-18T22:14:56.673+0000] {processor.py:753} INFO - DAG(s) dict_keys(['iris_training_pipeline']) retrieved from /opt/airflow/dags/airflow.py
[2025-10-18T22:14:56.705+0000] {logging_mixin.py:137} INFO - [2025-10-18T22:14:56.705+0000] {dag.py:2690} INFO - Sync 1 DAGs
[2025-10-18T22:14:56.725+0000] {logging_mixin.py:137} INFO - [2025-10-18T22:14:56.725+0000] {dag.py:3441} INFO - Setting next_dagrun for iris_training_pipeline to None, run_after=None
[2025-10-18T22:14:56.736+0000] {processor.py:175} INFO - Processing /opt/airflow/dags/airflow.py took 0.385 seconds
[2025-10-18T22:15:26.911+0000] {processor.py:153} INFO - Started process (PID=12370) to work on /opt/airflow/dags/airflow.py
[2025-10-18T22:15:26.912+0000] {processor.py:743} INFO - Processing file /opt/airflow/dags/airflow.py for tasks to queue
[2025-10-18T22:15:26.912+0000] {logging_mixin.py:137} INFO - [2025-10-18T22:15:26.912+0000] {dagbag.py:538} INFO - Filling up the DagBag from /opt/airflow/dags/airflow.py
[2025-10-18T22:15:27.147+0000] {processor.py:753} INFO - DAG(s) dict_keys(['iris_training_pipeline']) retrieved from /opt/airflow/dags/airflow.py
[2025-10-18T22:15:27.163+0000] {logging_mixin.py:137} INFO - [2025-10-18T22:15:27.163+0000] {dag.py:2690} INFO - Sync 1 DAGs
[2025-10-18T22:15:27.178+0000] {logging_mixin.py:137} INFO - [2025-10-18T22:15:27.178+0000] {dag.py:3441} INFO - Setting next_dagrun for iris_training_pipeline to None, run_after=None
[2025-10-18T22:15:27.189+0000] {processor.py:175} INFO - Processing /opt/airflow/dags/airflow.py took 0.282 seconds
[2025-10-18T22:15:57.420+0000] {processor.py:153} INFO - Started process (PID=12425) to work on /opt/airflow/dags/airflow.py
[2025-10-18T22:15:57.423+0000] {processor.py:743} INFO - Processing file /opt/airflow/dags/airflow.py for tasks to queue
[2025-10-18T22:15:57.423+0000] {logging_mixin.py:137} INFO - [2025-10-18T22:15:57.423+0000] {dagbag.py:538} INFO - Filling up the DagBag from /opt/airflow/dags/airflow.py
[2025-10-18T22:15:57.655+0000] {processor.py:753} INFO - DAG(s) dict_keys(['iris_training_pipeline']) retrieved from /opt/airflow/dags/airflow.py
[2025-10-18T22:15:57.674+0000] {logging_mixin.py:137} INFO - [2025-10-18T22:15:57.674+0000] {dag.py:2690} INFO - Sync 1 DAGs
[2025-10-18T22:15:57.690+0000] {logging_mixin.py:137} INFO - [2025-10-18T22:15:57.690+0000] {dag.py:3441} INFO - Setting next_dagrun for iris_training_pipeline to None, run_after=None
[2025-10-18T22:15:57.867+0000] {processor.py:175} INFO - Processing /opt/airflow/dags/airflow.py took 0.451 seconds
[2025-10-18T22:16:28.079+0000] {processor.py:153} INFO - Started process (PID=12462) to work on /opt/airflow/dags/airflow.py
[2025-10-18T22:16:28.080+0000] {processor.py:743} INFO - Processing file /opt/airflow/dags/airflow.py for tasks to queue
[2025-10-18T22:16:28.080+0000] {logging_mixin.py:137} INFO - [2025-10-18T22:16:28.080+0000] {dagbag.py:538} INFO - Filling up the DagBag from /opt/airflow/dags/airflow.py
[2025-10-18T22:16:28.280+0000] {processor.py:753} INFO - DAG(s) dict_keys(['iris_training_pipeline']) retrieved from /opt/airflow/dags/airflow.py
[2025-10-18T22:16:28.293+0000] {logging_mixin.py:137} INFO - [2025-10-18T22:16:28.293+0000] {dag.py:2690} INFO - Sync 1 DAGs
[2025-10-18T22:16:28.399+0000] {logging_mixin.py:137} INFO - [2025-10-18T22:16:28.399+0000] {dag.py:3441} INFO - Setting next_dagrun for iris_training_pipeline to None, run_after=None
[2025-10-18T22:16:28.407+0000] {processor.py:175} INFO - Processing /opt/airflow/dags/airflow.py took 0.331 seconds
[2025-10-18T22:16:58.595+0000] {processor.py:153} INFO - Started process (PID=12517) to work on /opt/airflow/dags/airflow.py
[2025-10-18T22:16:58.596+0000] {processor.py:743} INFO - Processing file /opt/airflow/dags/airflow.py for tasks to queue
[2025-10-18T22:16:58.597+0000] {logging_mixin.py:137} INFO - [2025-10-18T22:16:58.597+0000] {dagbag.py:538} INFO - Filling up the DagBag from /opt/airflow/dags/airflow.py
[2025-10-18T22:16:58.874+0000] {processor.py:753} INFO - DAG(s) dict_keys(['iris_training_pipeline']) retrieved from /opt/airflow/dags/airflow.py
[2025-10-18T22:16:58.898+0000] {logging_mixin.py:137} INFO - [2025-10-18T22:16:58.897+0000] {dag.py:2690} INFO - Sync 1 DAGs
[2025-10-18T22:16:58.918+0000] {logging_mixin.py:137} INFO - [2025-10-18T22:16:58.918+0000] {dag.py:3441} INFO - Setting next_dagrun for iris_training_pipeline to None, run_after=None
[2025-10-18T22:16:58.930+0000] {processor.py:175} INFO - Processing /opt/airflow/dags/airflow.py took 0.338 seconds
[2025-10-18T22:17:29.146+0000] {processor.py:153} INFO - Started process (PID=12572) to work on /opt/airflow/dags/airflow.py
[2025-10-18T22:17:29.147+0000] {processor.py:743} INFO - Processing file /opt/airflow/dags/airflow.py for tasks to queue
[2025-10-18T22:17:29.148+0000] {logging_mixin.py:137} INFO - [2025-10-18T22:17:29.148+0000] {dagbag.py:538} INFO - Filling up the DagBag from /opt/airflow/dags/airflow.py
[2025-10-18T22:17:29.331+0000] {processor.py:753} INFO - DAG(s) dict_keys(['iris_training_pipeline']) retrieved from /opt/airflow/dags/airflow.py
[2025-10-18T22:17:29.349+0000] {logging_mixin.py:137} INFO - [2025-10-18T22:17:29.348+0000] {dag.py:2690} INFO - Sync 1 DAGs
[2025-10-18T22:17:29.364+0000] {logging_mixin.py:137} INFO - [2025-10-18T22:17:29.364+0000] {dag.py:3441} INFO - Setting next_dagrun for iris_training_pipeline to None, run_after=None
[2025-10-18T22:17:29.378+0000] {processor.py:175} INFO - Processing /opt/airflow/dags/airflow.py took 0.234 seconds
[2025-10-18T22:17:59.588+0000] {processor.py:153} INFO - Started process (PID=12609) to work on /opt/airflow/dags/airflow.py
[2025-10-18T22:17:59.590+0000] {processor.py:743} INFO - Processing file /opt/airflow/dags/airflow.py for tasks to queue
[2025-10-18T22:17:59.591+0000] {logging_mixin.py:137} INFO - [2025-10-18T22:17:59.591+0000] {dagbag.py:538} INFO - Filling up the DagBag from /opt/airflow/dags/airflow.py
[2025-10-18T22:17:59.799+0000] {processor.py:753} INFO - DAG(s) dict_keys(['iris_training_pipeline']) retrieved from /opt/airflow/dags/airflow.py
[2025-10-18T22:17:59.813+0000] {logging_mixin.py:137} INFO - [2025-10-18T22:17:59.812+0000] {dag.py:2690} INFO - Sync 1 DAGs
[2025-10-18T22:17:59.826+0000] {logging_mixin.py:137} INFO - [2025-10-18T22:17:59.825+0000] {dag.py:3441} INFO - Setting next_dagrun for iris_training_pipeline to None, run_after=None
[2025-10-18T22:17:59.835+0000] {processor.py:175} INFO - Processing /opt/airflow/dags/airflow.py took 0.252 seconds
[2025-10-18T22:18:30.097+0000] {processor.py:153} INFO - Started process (PID=12664) to work on /opt/airflow/dags/airflow.py
[2025-10-18T22:18:30.098+0000] {processor.py:743} INFO - Processing file /opt/airflow/dags/airflow.py for tasks to queue
[2025-10-18T22:18:30.099+0000] {logging_mixin.py:137} INFO - [2025-10-18T22:18:30.099+0000] {dagbag.py:538} INFO - Filling up the DagBag from /opt/airflow/dags/airflow.py
[2025-10-18T22:18:30.319+0000] {processor.py:753} INFO - DAG(s) dict_keys(['iris_training_pipeline']) retrieved from /opt/airflow/dags/airflow.py
[2025-10-18T22:18:30.334+0000] {logging_mixin.py:137} INFO - [2025-10-18T22:18:30.333+0000] {dag.py:2690} INFO - Sync 1 DAGs
[2025-10-18T22:18:30.347+0000] {logging_mixin.py:137} INFO - [2025-10-18T22:18:30.347+0000] {dag.py:3441} INFO - Setting next_dagrun for iris_training_pipeline to None, run_after=None
[2025-10-18T22:18:30.357+0000] {processor.py:175} INFO - Processing /opt/airflow/dags/airflow.py took 0.264 seconds
[2025-10-18T22:19:00.587+0000] {processor.py:153} INFO - Started process (PID=12719) to work on /opt/airflow/dags/airflow.py
[2025-10-18T22:19:00.589+0000] {processor.py:743} INFO - Processing file /opt/airflow/dags/airflow.py for tasks to queue
[2025-10-18T22:19:00.591+0000] {logging_mixin.py:137} INFO - [2025-10-18T22:19:00.591+0000] {dagbag.py:538} INFO - Filling up the DagBag from /opt/airflow/dags/airflow.py
[2025-10-18T22:19:00.824+0000] {processor.py:753} INFO - DAG(s) dict_keys(['iris_training_pipeline']) retrieved from /opt/airflow/dags/airflow.py
[2025-10-18T22:19:00.840+0000] {logging_mixin.py:137} INFO - [2025-10-18T22:19:00.840+0000] {dag.py:2690} INFO - Sync 1 DAGs
[2025-10-18T22:19:00.854+0000] {logging_mixin.py:137} INFO - [2025-10-18T22:19:00.854+0000] {dag.py:3441} INFO - Setting next_dagrun for iris_training_pipeline to None, run_after=None
[2025-10-18T22:19:01.038+0000] {processor.py:175} INFO - Processing /opt/airflow/dags/airflow.py took 0.463 seconds
[2025-10-18T22:19:31.297+0000] {processor.py:153} INFO - Started process (PID=12765) to work on /opt/airflow/dags/airflow.py
[2025-10-18T22:19:31.298+0000] {processor.py:743} INFO - Processing file /opt/airflow/dags/airflow.py for tasks to queue
[2025-10-18T22:19:31.298+0000] {logging_mixin.py:137} INFO - [2025-10-18T22:19:31.298+0000] {dagbag.py:538} INFO - Filling up the DagBag from /opt/airflow/dags/airflow.py
[2025-10-18T22:19:31.493+0000] {processor.py:753} INFO - DAG(s) dict_keys(['iris_training_pipeline']) retrieved from /opt/airflow/dags/airflow.py
[2025-10-18T22:19:31.515+0000] {logging_mixin.py:137} INFO - [2025-10-18T22:19:31.515+0000] {dag.py:2690} INFO - Sync 1 DAGs
[2025-10-18T22:19:31.662+0000] {logging_mixin.py:137} INFO - [2025-10-18T22:19:31.662+0000] {dag.py:3441} INFO - Setting next_dagrun for iris_training_pipeline to None, run_after=None
[2025-10-18T22:19:31.683+0000] {processor.py:175} INFO - Processing /opt/airflow/dags/airflow.py took 0.388 seconds
[2025-10-18T22:20:01.868+0000] {processor.py:153} INFO - Started process (PID=12811) to work on /opt/airflow/dags/airflow.py
[2025-10-18T22:20:01.869+0000] {processor.py:743} INFO - Processing file /opt/airflow/dags/airflow.py for tasks to queue
[2025-10-18T22:20:01.870+0000] {logging_mixin.py:137} INFO - [2025-10-18T22:20:01.869+0000] {dagbag.py:538} INFO - Filling up the DagBag from /opt/airflow/dags/airflow.py
[2025-10-18T22:20:02.046+0000] {processor.py:753} INFO - DAG(s) dict_keys(['iris_training_pipeline']) retrieved from /opt/airflow/dags/airflow.py
[2025-10-18T22:20:02.060+0000] {logging_mixin.py:137} INFO - [2025-10-18T22:20:02.060+0000] {dag.py:2690} INFO - Sync 1 DAGs
[2025-10-18T22:20:02.157+0000] {logging_mixin.py:137} INFO - [2025-10-18T22:20:02.157+0000] {dag.py:3441} INFO - Setting next_dagrun for iris_training_pipeline to None, run_after=None
[2025-10-18T22:20:02.166+0000] {processor.py:175} INFO - Processing /opt/airflow/dags/airflow.py took 0.299 seconds
[2025-10-18T22:20:32.389+0000] {processor.py:153} INFO - Started process (PID=12866) to work on /opt/airflow/dags/airflow.py
[2025-10-18T22:20:32.390+0000] {processor.py:743} INFO - Processing file /opt/airflow/dags/airflow.py for tasks to queue
[2025-10-18T22:20:32.391+0000] {logging_mixin.py:137} INFO - [2025-10-18T22:20:32.391+0000] {dagbag.py:538} INFO - Filling up the DagBag from /opt/airflow/dags/airflow.py
[2025-10-18T22:20:32.563+0000] {processor.py:753} INFO - DAG(s) dict_keys(['iris_training_pipeline']) retrieved from /opt/airflow/dags/airflow.py
[2025-10-18T22:20:32.576+0000] {logging_mixin.py:137} INFO - [2025-10-18T22:20:32.576+0000] {dag.py:2690} INFO - Sync 1 DAGs
[2025-10-18T22:20:32.588+0000] {logging_mixin.py:137} INFO - [2025-10-18T22:20:32.588+0000] {dag.py:3441} INFO - Setting next_dagrun for iris_training_pipeline to None, run_after=None
[2025-10-18T22:20:32.597+0000] {processor.py:175} INFO - Processing /opt/airflow/dags/airflow.py took 0.210 seconds
[2025-10-18T22:21:02.653+0000] {processor.py:153} INFO - Started process (PID=12921) to work on /opt/airflow/dags/airflow.py
[2025-10-18T22:21:02.656+0000] {processor.py:743} INFO - Processing file /opt/airflow/dags/airflow.py for tasks to queue
[2025-10-18T22:21:02.657+0000] {logging_mixin.py:137} INFO - [2025-10-18T22:21:02.657+0000] {dagbag.py:538} INFO - Filling up the DagBag from /opt/airflow/dags/airflow.py
[2025-10-18T22:21:02.893+0000] {processor.py:753} INFO - DAG(s) dict_keys(['iris_training_pipeline']) retrieved from /opt/airflow/dags/airflow.py
[2025-10-18T22:21:02.915+0000] {logging_mixin.py:137} INFO - [2025-10-18T22:21:02.915+0000] {dag.py:2690} INFO - Sync 1 DAGs
[2025-10-18T22:21:02.929+0000] {logging_mixin.py:137} INFO - [2025-10-18T22:21:02.929+0000] {dag.py:3441} INFO - Setting next_dagrun for iris_training_pipeline to None, run_after=None
[2025-10-18T22:21:02.939+0000] {processor.py:175} INFO - Processing /opt/airflow/dags/airflow.py took 0.293 seconds
[2025-10-18T22:21:33.028+0000] {processor.py:153} INFO - Started process (PID=12958) to work on /opt/airflow/dags/airflow.py
[2025-10-18T22:21:33.029+0000] {processor.py:743} INFO - Processing file /opt/airflow/dags/airflow.py for tasks to queue
[2025-10-18T22:21:33.029+0000] {logging_mixin.py:137} INFO - [2025-10-18T22:21:33.029+0000] {dagbag.py:538} INFO - Filling up the DagBag from /opt/airflow/dags/airflow.py
[2025-10-18T22:21:33.210+0000] {processor.py:753} INFO - DAG(s) dict_keys(['iris_training_pipeline']) retrieved from /opt/airflow/dags/airflow.py
[2025-10-18T22:21:33.225+0000] {logging_mixin.py:137} INFO - [2025-10-18T22:21:33.225+0000] {dag.py:2690} INFO - Sync 1 DAGs
[2025-10-18T22:21:33.239+0000] {logging_mixin.py:137} INFO - [2025-10-18T22:21:33.239+0000] {dag.py:3441} INFO - Setting next_dagrun for iris_training_pipeline to None, run_after=None
[2025-10-18T22:21:33.250+0000] {processor.py:175} INFO - Processing /opt/airflow/dags/airflow.py took 0.224 seconds
[2025-10-18T22:22:03.379+0000] {processor.py:153} INFO - Started process (PID=13013) to work on /opt/airflow/dags/airflow.py
[2025-10-18T22:22:03.380+0000] {processor.py:743} INFO - Processing file /opt/airflow/dags/airflow.py for tasks to queue
[2025-10-18T22:22:03.380+0000] {logging_mixin.py:137} INFO - [2025-10-18T22:22:03.380+0000] {dagbag.py:538} INFO - Filling up the DagBag from /opt/airflow/dags/airflow.py
[2025-10-18T22:22:03.555+0000] {processor.py:753} INFO - DAG(s) dict_keys(['iris_training_pipeline']) retrieved from /opt/airflow/dags/airflow.py
[2025-10-18T22:22:03.566+0000] {logging_mixin.py:137} INFO - [2025-10-18T22:22:03.566+0000] {dag.py:2690} INFO - Sync 1 DAGs
[2025-10-18T22:22:03.578+0000] {logging_mixin.py:137} INFO - [2025-10-18T22:22:03.578+0000] {dag.py:3441} INFO - Setting next_dagrun for iris_training_pipeline to None, run_after=None
[2025-10-18T22:22:03.755+0000] {processor.py:175} INFO - Processing /opt/airflow/dags/airflow.py took 0.380 seconds
[2025-10-18T22:22:33.917+0000] {processor.py:153} INFO - Started process (PID=13068) to work on /opt/airflow/dags/airflow.py
[2025-10-18T22:22:33.917+0000] {processor.py:743} INFO - Processing file /opt/airflow/dags/airflow.py for tasks to queue
[2025-10-18T22:22:33.918+0000] {logging_mixin.py:137} INFO - [2025-10-18T22:22:33.918+0000] {dagbag.py:538} INFO - Filling up the DagBag from /opt/airflow/dags/airflow.py
[2025-10-18T22:22:34.082+0000] {processor.py:753} INFO - DAG(s) dict_keys(['iris_training_pipeline']) retrieved from /opt/airflow/dags/airflow.py
[2025-10-18T22:22:34.095+0000] {logging_mixin.py:137} INFO - [2025-10-18T22:22:34.095+0000] {dag.py:2690} INFO - Sync 1 DAGs
[2025-10-18T22:22:34.189+0000] {logging_mixin.py:137} INFO - [2025-10-18T22:22:34.189+0000] {dag.py:3441} INFO - Setting next_dagrun for iris_training_pipeline to None, run_after=None
[2025-10-18T22:22:34.199+0000] {processor.py:175} INFO - Processing /opt/airflow/dags/airflow.py took 0.283 seconds
[2025-10-18T22:23:04.485+0000] {processor.py:153} INFO - Started process (PID=13105) to work on /opt/airflow/dags/airflow.py
[2025-10-18T22:23:04.487+0000] {processor.py:743} INFO - Processing file /opt/airflow/dags/airflow.py for tasks to queue
[2025-10-18T22:23:04.487+0000] {logging_mixin.py:137} INFO - [2025-10-18T22:23:04.487+0000] {dagbag.py:538} INFO - Filling up the DagBag from /opt/airflow/dags/airflow.py
[2025-10-18T22:23:04.675+0000] {processor.py:753} INFO - DAG(s) dict_keys(['iris_training_pipeline']) retrieved from /opt/airflow/dags/airflow.py
[2025-10-18T22:23:04.690+0000] {logging_mixin.py:137} INFO - [2025-10-18T22:23:04.690+0000] {dag.py:2690} INFO - Sync 1 DAGs
[2025-10-18T22:23:04.796+0000] {logging_mixin.py:137} INFO - [2025-10-18T22:23:04.795+0000] {dag.py:3441} INFO - Setting next_dagrun for iris_training_pipeline to None, run_after=None
[2025-10-18T22:23:04.807+0000] {processor.py:175} INFO - Processing /opt/airflow/dags/airflow.py took 0.326 seconds
[2025-10-18T22:23:35.102+0000] {processor.py:153} INFO - Started process (PID=13160) to work on /opt/airflow/dags/airflow.py
[2025-10-18T22:23:35.104+0000] {processor.py:743} INFO - Processing file /opt/airflow/dags/airflow.py for tasks to queue
[2025-10-18T22:23:35.105+0000] {logging_mixin.py:137} INFO - [2025-10-18T22:23:35.105+0000] {dagbag.py:538} INFO - Filling up the DagBag from /opt/airflow/dags/airflow.py
[2025-10-18T22:23:35.385+0000] {processor.py:753} INFO - DAG(s) dict_keys(['iris_training_pipeline']) retrieved from /opt/airflow/dags/airflow.py
[2025-10-18T22:23:35.401+0000] {logging_mixin.py:137} INFO - [2025-10-18T22:23:35.401+0000] {dag.py:2690} INFO - Sync 1 DAGs
[2025-10-18T22:23:35.414+0000] {logging_mixin.py:137} INFO - [2025-10-18T22:23:35.414+0000] {dag.py:3441} INFO - Setting next_dagrun for iris_training_pipeline to None, run_after=None
[2025-10-18T22:23:35.427+0000] {processor.py:175} INFO - Processing /opt/airflow/dags/airflow.py took 0.332 seconds
[2025-10-18T22:24:05.645+0000] {processor.py:153} INFO - Started process (PID=13215) to work on /opt/airflow/dags/airflow.py
[2025-10-18T22:24:05.646+0000] {processor.py:743} INFO - Processing file /opt/airflow/dags/airflow.py for tasks to queue
[2025-10-18T22:24:05.647+0000] {logging_mixin.py:137} INFO - [2025-10-18T22:24:05.647+0000] {dagbag.py:538} INFO - Filling up the DagBag from /opt/airflow/dags/airflow.py
[2025-10-18T22:24:05.820+0000] {processor.py:753} INFO - DAG(s) dict_keys(['iris_training_pipeline']) retrieved from /opt/airflow/dags/airflow.py
[2025-10-18T22:24:05.832+0000] {logging_mixin.py:137} INFO - [2025-10-18T22:24:05.832+0000] {dag.py:2690} INFO - Sync 1 DAGs
[2025-10-18T22:24:05.844+0000] {logging_mixin.py:137} INFO - [2025-10-18T22:24:05.843+0000] {dag.py:3441} INFO - Setting next_dagrun for iris_training_pipeline to None, run_after=None
[2025-10-18T22:24:05.852+0000] {processor.py:175} INFO - Processing /opt/airflow/dags/airflow.py took 0.210 seconds
[2025-10-18T22:24:36.262+0000] {processor.py:153} INFO - Started process (PID=13270) to work on /opt/airflow/dags/airflow.py
[2025-10-18T22:24:36.264+0000] {processor.py:743} INFO - Processing file /opt/airflow/dags/airflow.py for tasks to queue
[2025-10-18T22:24:36.266+0000] {logging_mixin.py:137} INFO - [2025-10-18T22:24:36.266+0000] {dagbag.py:538} INFO - Filling up the DagBag from /opt/airflow/dags/airflow.py
[2025-10-18T22:24:36.689+0000] {processor.py:753} INFO - DAG(s) dict_keys(['iris_training_pipeline']) retrieved from /opt/airflow/dags/airflow.py
[2025-10-18T22:24:36.722+0000] {logging_mixin.py:137} INFO - [2025-10-18T22:24:36.722+0000] {dag.py:2690} INFO - Sync 1 DAGs
[2025-10-18T22:24:36.751+0000] {logging_mixin.py:137} INFO - [2025-10-18T22:24:36.751+0000] {dag.py:3441} INFO - Setting next_dagrun for iris_training_pipeline to None, run_after=None
[2025-10-18T22:24:36.775+0000] {processor.py:175} INFO - Processing /opt/airflow/dags/airflow.py took 0.520 seconds
[2025-10-18T22:42:25.101+0000] {processor.py:153} INFO - Started process (PID=13276) to work on /opt/airflow/dags/airflow.py
[2025-10-18T22:42:25.104+0000] {processor.py:743} INFO - Processing file /opt/airflow/dags/airflow.py for tasks to queue
[2025-10-18T22:42:25.107+0000] {logging_mixin.py:137} INFO - [2025-10-18T22:42:25.107+0000] {dagbag.py:538} INFO - Filling up the DagBag from /opt/airflow/dags/airflow.py
[2025-10-18T22:42:27.534+0000] {processor.py:753} INFO - DAG(s) dict_keys(['iris_training_pipeline']) retrieved from /opt/airflow/dags/airflow.py
[2025-10-18T22:42:27.716+0000] {logging_mixin.py:137} INFO - [2025-10-18T22:42:27.711+0000] {dag.py:2690} INFO - Sync 1 DAGs
[2025-10-18T22:42:27.905+0000] {logging_mixin.py:137} INFO - [2025-10-18T22:42:27.904+0000] {dag.py:3441} INFO - Setting next_dagrun for iris_training_pipeline to None, run_after=None
[2025-10-18T22:42:27.978+0000] {processor.py:175} INFO - Processing /opt/airflow/dags/airflow.py took 3.027 seconds
[2025-10-18T23:15:12.846+0000] {processor.py:153} INFO - Started process (PID=13306) to work on /opt/airflow/dags/airflow.py
[2025-10-18T23:15:12.848+0000] {processor.py:743} INFO - Processing file /opt/airflow/dags/airflow.py for tasks to queue
[2025-10-18T23:15:12.849+0000] {logging_mixin.py:137} INFO - [2025-10-18T23:15:12.849+0000] {dagbag.py:538} INFO - Filling up the DagBag from /opt/airflow/dags/airflow.py
[2025-10-18T23:15:13.136+0000] {processor.py:753} INFO - DAG(s) dict_keys(['iris_training_pipeline']) retrieved from /opt/airflow/dags/airflow.py
[2025-10-18T23:15:13.158+0000] {logging_mixin.py:137} INFO - [2025-10-18T23:15:13.158+0000] {dag.py:2690} INFO - Sync 1 DAGs
[2025-10-18T23:15:13.180+0000] {logging_mixin.py:137} INFO - [2025-10-18T23:15:13.180+0000] {dag.py:3441} INFO - Setting next_dagrun for iris_training_pipeline to None, run_after=None
[2025-10-18T23:15:13.523+0000] {processor.py:175} INFO - Processing /opt/airflow/dags/airflow.py took 0.686 seconds
[2025-10-18T23:15:43.779+0000] {processor.py:153} INFO - Started process (PID=13361) to work on /opt/airflow/dags/airflow.py
[2025-10-18T23:15:43.783+0000] {processor.py:743} INFO - Processing file /opt/airflow/dags/airflow.py for tasks to queue
[2025-10-18T23:15:43.784+0000] {logging_mixin.py:137} INFO - [2025-10-18T23:15:43.784+0000] {dagbag.py:538} INFO - Filling up the DagBag from /opt/airflow/dags/airflow.py
[2025-10-18T23:15:44.031+0000] {processor.py:753} INFO - DAG(s) dict_keys(['iris_training_pipeline']) retrieved from /opt/airflow/dags/airflow.py
[2025-10-18T23:15:44.055+0000] {logging_mixin.py:137} INFO - [2025-10-18T23:15:44.055+0000] {dag.py:2690} INFO - Sync 1 DAGs
[2025-10-18T23:15:44.265+0000] {logging_mixin.py:137} INFO - [2025-10-18T23:15:44.265+0000] {dag.py:3441} INFO - Setting next_dagrun for iris_training_pipeline to None, run_after=None
[2025-10-18T23:15:44.274+0000] {processor.py:175} INFO - Processing /opt/airflow/dags/airflow.py took 0.500 seconds
[2025-10-18T23:16:14.344+0000] {processor.py:153} INFO - Started process (PID=13416) to work on /opt/airflow/dags/airflow.py
[2025-10-18T23:16:14.347+0000] {processor.py:743} INFO - Processing file /opt/airflow/dags/airflow.py for tasks to queue
[2025-10-18T23:16:14.349+0000] {logging_mixin.py:137} INFO - [2025-10-18T23:16:14.348+0000] {dagbag.py:538} INFO - Filling up the DagBag from /opt/airflow/dags/airflow.py
[2025-10-18T23:16:14.582+0000] {processor.py:753} INFO - DAG(s) dict_keys(['iris_training_pipeline']) retrieved from /opt/airflow/dags/airflow.py
[2025-10-18T23:16:14.597+0000] {logging_mixin.py:137} INFO - [2025-10-18T23:16:14.597+0000] {dag.py:2690} INFO - Sync 1 DAGs
[2025-10-18T23:16:14.777+0000] {logging_mixin.py:137} INFO - [2025-10-18T23:16:14.777+0000] {dag.py:3441} INFO - Setting next_dagrun for iris_training_pipeline to None, run_after=None
[2025-10-18T23:16:14.786+0000] {processor.py:175} INFO - Processing /opt/airflow/dags/airflow.py took 0.450 seconds
[2025-10-18T23:16:45.030+0000] {processor.py:153} INFO - Started process (PID=13453) to work on /opt/airflow/dags/airflow.py
[2025-10-18T23:16:45.033+0000] {processor.py:743} INFO - Processing file /opt/airflow/dags/airflow.py for tasks to queue
[2025-10-18T23:16:45.034+0000] {logging_mixin.py:137} INFO - [2025-10-18T23:16:45.034+0000] {dagbag.py:538} INFO - Filling up the DagBag from /opt/airflow/dags/airflow.py
[2025-10-18T23:16:45.254+0000] {processor.py:753} INFO - DAG(s) dict_keys(['iris_training_pipeline']) retrieved from /opt/airflow/dags/airflow.py
[2025-10-18T23:16:45.271+0000] {logging_mixin.py:137} INFO - [2025-10-18T23:16:45.270+0000] {dag.py:2690} INFO - Sync 1 DAGs
[2025-10-18T23:16:45.287+0000] {logging_mixin.py:137} INFO - [2025-10-18T23:16:45.287+0000] {dag.py:3441} INFO - Setting next_dagrun for iris_training_pipeline to None, run_after=None
[2025-10-18T23:16:45.296+0000] {processor.py:175} INFO - Processing /opt/airflow/dags/airflow.py took 0.272 seconds
[2025-10-18T23:17:15.489+0000] {processor.py:153} INFO - Started process (PID=13508) to work on /opt/airflow/dags/airflow.py
[2025-10-18T23:17:15.491+0000] {processor.py:743} INFO - Processing file /opt/airflow/dags/airflow.py for tasks to queue
[2025-10-18T23:17:15.491+0000] {logging_mixin.py:137} INFO - [2025-10-18T23:17:15.491+0000] {dagbag.py:538} INFO - Filling up the DagBag from /opt/airflow/dags/airflow.py
[2025-10-18T23:17:15.736+0000] {processor.py:753} INFO - DAG(s) dict_keys(['iris_training_pipeline']) retrieved from /opt/airflow/dags/airflow.py
[2025-10-18T23:17:15.758+0000] {logging_mixin.py:137} INFO - [2025-10-18T23:17:15.758+0000] {dag.py:2690} INFO - Sync 1 DAGs
[2025-10-18T23:17:15.777+0000] {logging_mixin.py:137} INFO - [2025-10-18T23:17:15.777+0000] {dag.py:3441} INFO - Setting next_dagrun for iris_training_pipeline to None, run_after=None
[2025-10-18T23:17:15.791+0000] {processor.py:175} INFO - Processing /opt/airflow/dags/airflow.py took 0.306 seconds
[2025-10-18T23:17:46.000+0000] {processor.py:153} INFO - Started process (PID=13563) to work on /opt/airflow/dags/airflow.py
[2025-10-18T23:17:46.001+0000] {processor.py:743} INFO - Processing file /opt/airflow/dags/airflow.py for tasks to queue
[2025-10-18T23:17:46.002+0000] {logging_mixin.py:137} INFO - [2025-10-18T23:17:46.002+0000] {dagbag.py:538} INFO - Filling up the DagBag from /opt/airflow/dags/airflow.py
[2025-10-18T23:17:46.294+0000] {processor.py:753} INFO - DAG(s) dict_keys(['iris_training_pipeline']) retrieved from /opt/airflow/dags/airflow.py
[2025-10-18T23:17:46.308+0000] {logging_mixin.py:137} INFO - [2025-10-18T23:17:46.308+0000] {dag.py:2690} INFO - Sync 1 DAGs
[2025-10-18T23:17:46.322+0000] {logging_mixin.py:137} INFO - [2025-10-18T23:17:46.322+0000] {dag.py:3441} INFO - Setting next_dagrun for iris_training_pipeline to None, run_after=None
[2025-10-18T23:17:46.332+0000] {processor.py:175} INFO - Processing /opt/airflow/dags/airflow.py took 0.337 seconds
